id,title,description,availability,condition,price,link,image_link,brand,additional_image_link,product_type,custom_label_0,custom_label_1,custom_label_2
hainaauto-329823528,2026 Crown Land 2026 - Importacion desde China a Venezuela,"Toyota 2026 · 2026 Crown Land · 42 km · White · automatic · Disponible en Shandong. Vehiculo disponible para compradores en Venezuela, con inspeccion, documentos de exportacion y apoyo logistico de HainaAuto. Stock HA-329823528.",in stock,new,28017.26 USD,https://www.hainaautochina.com/vehicles/hainaauto-329823528,https://www.hainaautochina.com/api/vehicle-image/hainaauto/329823528/col_2b1707dbab140993.webp,Toyota,"https://www.hainaautochina.com/api/vehicle-image/hainaauto/329823528/col_89cf6b0c4e82a88b.webp,https://www.hainaautochina.com/api/vehicle-image/hainaauto/329823528/col_cf0fe6ce7e982815.webp,https://www.hainaautochina.com/api/vehicle-image/hainaauto/329823528/col_15b20f7b61bda867.webp",SUV y todoterrenos > 2026 Crown Land,2026 Crown Land,Venezuela,Toyota
hainaauto-488817410,2023 Crown Land 2023 - Importacion desde China a Venezuela,"Toyota 2023 · 2023 Crown Land · 42 km · black · automatic · Disponible en Shandong. Vehiculo disponible para compradores en Venezuela, con inspeccion, documentos de exportacion y apoyo logistico de HainaAuto. Stock HA-488817410.",in stock,new,28000.58 USD,https://www.hainaautochina.com/vehicles/hainaauto-488817410,https://www.hainaautochina.com/api/vehicle-image/hainaauto/488817410/col_4a9ae799ea6d0cad.webp,Toyota,"https://www.hainaautochina.com/api/vehicle-image/hainaauto/488817410/col_cba6f860bb598e5b.webp,https://www.hainaautochina.com/api/vehicle-image/hainaauto/488817410/col_dffe76aa8158458d.webp,https://www.hainaautochina.com/api/vehicle-image/hainaauto/488817410/col_b1da1049a348ed7f.webp",SUV y todoterrenos > 2023 Crown Land,2023 Crown Land,Venezuela,Toyota
hainaauto-713512699,Crown Land Cruiser 2026 - Importacion desde China a Venezuela,"Toyota 2026 · Crown Land Cruiser · 833 km · black · automatic · Disponible en Shandong. Vehiculo disponible para compradores en Venezuela, con inspeccion, documentos de exportacion y apoyo logistico de HainaAuto. Stock HA-713512699.",in stock,used,25431.86 USD,https://www.hainaautochina.com/vehicles/hainaauto-713512699,https://www.hainaautochina.com/api/vehicle-image/hainaauto/713512699/col_c699d4f394c803e4.webp,Toyota,"https://www.hainaautochina.com/api/vehicle-image/hainaauto/713512699/col_998fd0c5a728b9af.webp,https://www.hainaautochina.com/api/vehicle-image/hainaauto/713512699/col_fedcce7ceb2c88a9.webp,https://www.hainaautochina.com/api/vehicle-image/hainaauto/713512699/col_a2d5a74498859c6c.webp",SUV y todoterrenos > Crown Land Cruiser,Crown Land Cruiser,Venezuela,Toyota
hainaauto-545512309,Prado HEV 2.4T 2026 - Importacion desde China a Venezuela,"Toyota 2026 · Prado HEV 2.4T · 417 km · White · automatic · Disponible en Guangdong. Vehiculo disponible para compradores en Venezuela, con inspeccion, documentos de exportacion y apoyo logistico de HainaAuto. Stock HA-545512309.",in stock,used,42362.06 USD,https://www.hainaautochina.com/vehicles/hainaauto-545512309,https://www.hainaautochina.com/api/vehicle-image/hainaauto/545512309/col_b53629166e1ee289.webp,Toyota,"https://www.hainaautochina.com/api/vehicle-image/hainaauto/545512309/col_bc279d45b664ecd4.webp,https://www.hainaautochina.com/api/vehicle-image/hainaauto/545512309/col_7653f9d9a83a7f2c.webp,https://www.hainaautochina.com/api/vehicle-image/hainaauto/545512309/col_da0cd63eea86e7d5.webp",SUV y todoterrenos > Prado HEV 2.4T,Prado HEV 2.4T,Venezuela,Toyota
hainaauto-115546473,2026 Prado HEV 2026 - Importacion desde China a Venezuela,"Toyota 2026 · 2026 Prado HEV · 3.750 km · black · automatic · Disponible en Henan. Vehiculo disponible para compradores en Venezuela, con inspeccion, documentos de exportacion y apoyo logistico de HainaAuto. Stock HA-115546473.",in stock,used,48867.26 USD,https://www.hainaautochina.com/vehicles/hainaauto-115546473,https://www.hainaautochina.com/api/vehicle-image/hainaauto/115546473/col_bcef4dad94c62c7c.webp,Toyota,"https://www.hainaautochina.com/api/vehicle-image/hainaauto/115546473/col_df7a8d6617debaa2.webp,https://www.hainaautochina.com/api/vehicle-image/hainaauto/115546473/col_ff0e0b2c5034c882.webp,https://www.hainaautochina.com/api/vehicle-image/hainaauto/115546473/col_2dc280a64f09847a.webp",SUV y todoterrenos > 2026 Prado HEV,2026 Prado HEV,Venezuela,Toyota
hainaauto-998320658,2025 Toyota Land 2025 - Importacion desde China a Venezuela,"Toyota 2025 · 2025 Toyota Land · 2.917 km · White · automatic · Disponible en Liaoning. Vehiculo disponible para compradores en Venezuela, con inspeccion, documentos de exportacion y apoyo logistico de HainaAuto. Stock HA-998320658.",in stock,used,13964.36 USD,https://www.hainaautochina.com/vehicles/hainaauto-998320658,https://www.hainaautochina.com/api/vehicle-image/hainaauto/998320658/col_28f9db50dca116f2.webp,Toyota,"https://www.hainaautochina.com/api/vehicle-image/hainaauto/998320658/col_35a6209c614c1678.webp,https://www.hainaautochina.com/api/vehicle-image/hainaauto/998320658/col_feed44c773794141.webp,https://www.hainaautochina.com/api/vehicle-image/hainaauto/998320658/col_aa00a92ede2baa7e.webp",SUV y todoterrenos > 2025 Toyota Land,2025 Toyota Land,Venezuela,Toyota
hainaauto-242423983,2025 Prado HEV 2025 - Importacion desde China a Venezuela,"Toyota 2025 · 2025 Prado HEV · 1.667 km · White · automatic · Disponible en Tianjin. Vehiculo disponible para compradores en Venezuela, con inspeccion, documentos de exportacion y apoyo logistico de HainaAuto. Stock HA-242423983.",in stock,used,37191.26 USD,https://www.hainaautochina.com/vehicles/hainaauto-242423983,https://www.hainaautochina.com/api/vehicle-image/hainaauto/242423983/col_6ef368ab849363d5.webp,Toyota,"https://www.hainaautochina.com/api/vehicle-image/hainaauto/242423983/col_29b576bda807810f.webp,https://www.hainaautochina.com/api/vehicle-image/hainaauto/242423983/col_2ef81e245e0c3e21.webp,https://www.hainaautochina.com/api/vehicle-image/hainaauto/242423983/col_dd72f82d68795968.webp",SUV y todoterrenos > 2025 Prado HEV,2025 Prado HEV,Venezuela,Toyota
hainaauto-535030935,Land Cruiser (Imported) 2025 - Importacion desde China a Venezuela,"Toyota 2025 · Land Cruiser (Imported) · 5.417 km · White · automatic · Disponible en Xinjiang. Vehiculo disponible para compradores en Venezuela, con inspeccion, documentos de exportacion y apoyo logistico de HainaAuto. Stock HA-535030935.",in stock,used,97239.26 USD,https://www.hainaautochina.com/vehicles/hainaauto-535030935,https://www.hainaautochina.com/api/vehicle-image/hainaauto/535030935/col_002e3e211b8806dc.webp,Toyota,"https://www.hainaautochina.com/api/vehicle-image/hainaauto/535030935/col_2eb67ed5fdc7a83b.webp,https://www.hainaautochina.com/api/vehicle-image/hainaauto/535030935/col_8820d69e7614c8b8.webp,https://www.hainaautochina.com/api/vehicle-image/hainaauto/535030935/col_694909098921d92f.webp",SUV y todoterrenos > Land Cruiser (Imported),Land Cruiser (Imported),Venezuela,Toyota
hainaauto-264642189,2024 Crown Land 2024 - Importacion desde China a Venezuela,"Toyota 2024 · 2024 Crown Land · 25.000 km · black · automatic · Disponible en Shandong. Vehiculo disponible para compradores en Venezuela, con inspeccion, documentos de exportacion y apoyo logistico de HainaAuto. Stock HA-264642189.",in stock,used,17842.46 USD,https://www.hainaautochina.com/vehicles/hainaauto-264642189,https://www.hainaautochina.com/api/vehicle-image/hainaauto/264642189/col_f51f70c5e1cefbb0.webp,Toyota,"https://www.hainaautochina.com/api/vehicle-image/hainaauto/264642189/col_07ff2f3d563a668f.webp,https://www.hainaautochina.com/api/vehicle-image/hainaauto/264642189/col_0845e41f81ef45cf.webp,https://www.hainaautochina.com/api/vehicle-image/hainaauto/264642189/col_511afa32f3e88e1e.webp",SUV y todoterrenos > 2024 Crown Land,2024 Crown Land,Venezuela,Toyota
hainaauto-357449522,2024 Prado HEV 2024 - Importacion desde China a Venezuela,"Toyota 2024 · 2024 Prado HEV · 10.000 km · White · automatic · Disponible en Sichuan. Vehiculo disponible para compradores en Venezuela, con inspeccion, documentos de exportacion y apoyo logistico de HainaAuto. Stock HA-357449522.",in stock,used,38192.06 USD,https://www.hainaautochina.com/vehicles/hainaauto-357449522,https://www.hainaautochina.com/api/vehicle-image/hainaauto/357449522/col_f230b795a92c07bc.webp,Toyota,"https://www.hainaautochina.com/api/vehicle-image/hainaauto/357449522/col_cca211eae92b5cb7.webp,https://www.hainaautochina.com/api/vehicle-image/hainaauto/357449522/col_424e7f6c40f37461.webp,https://www.hainaautochina.com/api/vehicle-image/hainaauto/357449522/col_24a324201ce2f571.webp",SUV y todoterrenos > 2024 Prado HEV,2024 Prado HEV,Venezuela,Toyota
hainaauto-779821733,Prado (Imported) 4.0 2023 - Importacion desde China a Venezuela,"Toyota 2023 · Prado (Imported) 4.0 · 15.417 km · White · automatic · Disponible en Hebei. Vehiculo disponible para compradores en Venezuela, con inspeccion, documentos de exportacion y apoyo logistico de HainaAuto. Stock HA-779821733.",in stock,used,39843.38 USD,https://www.hainaautochina.com/vehicles/hainaauto-779821733,https://www.hainaautochina.com/api/vehicle-image/hainaauto/779821733/col_6a6dcd6050b2a903.webp,Toyota,"https://www.hainaautochina.com/api/vehicle-image/hainaauto/779821733/col_db49f5ff9a1a189f.webp,https://www.hainaautochina.com/api/vehicle-image/hainaauto/779821733/col_e3bce2b02b24a914.webp,https://www.hainaautochina.com/api/vehicle-image/hainaauto/779821733/col_369426111da8c3eb.webp",SUV y todoterrenos > Prado (Imported) 4.0,Prado (Imported) 4.0,Venezuela,Toyota
cntransit-188720474,2026 Corolla Cross 2026 - Importacion desde China a Venezuela,"Toyota 2026 · 2026 Corolla Cross · 42 km · White · Automatic · Disponible en Sichuan. Vehiculo disponible para compradores en Venezuela, con inspeccion, documentos de exportacion y apoyo logistico de HainaAuto. Stock CN-188720474.",in stock,new,14006.06 USD,https://www.hainaautochina.com/vehicles/cntransit-188720474,https://www.hainaautochina.com/api/vehicle-image/cntransit/188720474/col_12337f60d0403fa1.jpg,Toyota,"https://www.hainaautochina.com/api/vehicle-image/cntransit/188720474/col_cf0ecd011431dd09.jpg,https://www.hainaautochina.com/api/vehicle-image/cntransit/188720474/col_aef7e4ac1d7b9cf1.jpg,https://www.hainaautochina.com/api/vehicle-image/cntransit/188720474/col_90c6269da05f7864.jpg",SUV y todoterrenos > 2026 Corolla Cross,2026 Corolla Cross,Venezuela,Toyota
hainaauto-168850739,Corolla R-Line 2.0 2026 - Importacion desde China a Venezuela,"Toyota 2026 · Corolla R-Line 2.0 · 42 km · White · automatic · Disponible en Hebei. Vehiculo disponible para compradores en Venezuela, con inspeccion, documentos de exportacion y apoyo logistico de HainaAuto. Stock HA-168850739.",in stock,new,14006.06 USD,https://www.hainaautochina.com/vehicles/hainaauto-168850739,https://www.hainaautochina.com/api/vehicle-image/hainaauto/168850739/col_772ed8bf480e9ad8.webp,Toyota,"https://www.hainaautochina.com/api/vehicle-image/hainaauto/168850739/col_0da567be11c57f27.webp,https://www.hainaautochina.com/api/vehicle-image/hainaauto/168850739/col_aa23082363075eeb.webp,https://www.hainaautochina.com/api/vehicle-image/hainaauto/168850739/col_63f10b4d36f3e532.webp",SUV y todoterrenos > Corolla R-Line 2.0,Corolla R-Line 2.0,Venezuela,Toyota
hainaauto-069654331,2026 Corolla Hybrid 2026 - Importacion desde China a Venezuela,"Toyota 2026 · 2026 Corolla Hybrid · 42 km · White · automatic · Disponible en Shandong. Vehiculo disponible para compradores en Venezuela, con inspeccion, documentos de exportacion y apoyo logistico de HainaAuto. Stock HA-069654331.",in stock,new,14823.38 USD,https://www.hainaautochina.com/vehicles/hainaauto-069654331,https://www.hainaautochina.com/api/vehicle-image/hainaauto/069654331/col_da52e30de8b84593.webp,Toyota,"https://www.hainaautochina.com/api/vehicle-image/hainaauto/069654331/col_f6a7d61c64686d3e.webp,https://www.hainaautochina.com/api/vehicle-image/hainaauto/069654331/col_eda7dc8712ed2139.webp,https://www.hainaautochina.com/api/vehicle-image/hainaauto/069654331/col_b0376b419a8d32b6.webp",SUV y todoterrenos > 2026 Corolla Hybrid,2026 Corolla Hybrid,Venezuela,Toyota
cntransit-324714107,2024 Corolla Rui 2024 - Importacion desde China a Venezuela,"Toyota 2024 · 2024 Corolla Rui · 42 km · White · Automatic · Disponible en Henan. Vehiculo disponible para compradores en Venezuela, con inspeccion, documentos de exportacion y apoyo logistico de HainaAuto. Stock CN-324714107.",in stock,new,13989.38 USD,https://www.hainaautochina.com/vehicles/cntransit-324714107,https://www.hainaautochina.com/api/vehicle-image/cntransit/324714107/col_56ccb633e9aeffa4.jpg,Toyota,"https://www.hainaautochina.com/api/vehicle-image/cntransit/324714107/col_180946e6552ea545.jpg,https://www.hainaautochina.com/api/vehicle-image/cntransit/324714107/col_1ee25588d997446e.jpg,https://www.hainaautochina.com/api/vehicle-image/cntransit/324714107/col_1cac9d434442b145.jpg",SUV y todoterrenos > 2024 Corolla Rui,2024 Corolla Rui,Venezuela,Toyota
cntransit-810817149,2026 Corolla Rui 2026 - Importacion desde China a Venezuela,"Toyota 2026 · 2026 Corolla Rui · 2.083 km · White · Automatic · Disponible en Guangxi. Vehiculo disponible para compradores en Venezuela, con inspeccion, documentos de exportacion y apoyo logistico de HainaAuto. Stock CN-810817149.",in stock,used,13238.78 USD,https://www.hainaautochina.com/vehicles/cntransit-810817149,https://www.hainaautochina.com/api/vehicle-image/cntransit/810817149/col_6824bea579987198.jpg,Toyota,"https://www.hainaautochina.com/api/vehicle-image/cntransit/810817149/col_3042e1ce5405d7df.jpg,https://www.hainaautochina.com/api/vehicle-image/cntransit/810817149/col_f13dd8ecb5bb7e7d.jpg,https://www.hainaautochina.com/api/vehicle-image/cntransit/810817149/col_35510ce9b70d1ecd.jpg",SUV y todoterrenos > 2026 Corolla Rui,2026 Corolla Rui,Venezuela,Toyota
hainaauto-810050293,Corolla Altis 2.0L 2025 - Importacion desde China a Venezuela,"Toyota 2025 · Corolla Altis 2.0L · 3.333 km · White · automatic · Disponible en Shandong. Vehiculo disponible para compradores en Venezuela, con inspeccion, documentos de exportacion y apoyo logistico de HainaAuto. Stock HA-810050293.",in stock,used,11495.72 USD,https://www.hainaautochina.com/vehicles/hainaauto-810050293,https://www.hainaautochina.com/api/vehicle-image/hainaauto/810050293/col_6158637c1cb400d0.webp,Toyota,"https://www.hainaautochina.com/api/vehicle-image/hainaauto/810050293/col_d60cfbd59cf87b70.webp,https://www.hainaautochina.com/api/vehicle-image/hainaauto/810050293/col_ac390719761a1fa5.webp,https://www.hainaautochina.com/api/vehicle-image/hainaauto/810050293/col_ba5c82c645b371c0.webp",SUV y todoterrenos > Corolla Altis 2.0L,Corolla Altis 2.0L,Venezuela,Toyota
cntransit-643818851,2025 Corolla Cross 2025 - Importacion desde China a Venezuela,"Toyota 2025 · 2025 Corolla Cross · 2.500 km · Black · Automatic · Disponible en Guangdong. Vehiculo disponible para compradores en Venezuela, con inspeccion, documentos de exportacion y apoyo logistico de HainaAuto. Stock CN-643818851.",in stock,used,12671.66 USD,https://www.hainaautochina.com/vehicles/cntransit-643818851,https://www.hainaautochina.com/api/vehicle-image/cntransit/643818851/col_be92b697758c6f1c.jpg,Toyota,"https://www.hainaautochina.com/api/vehicle-image/cntransit/643818851/col_3e9839f393b04437.jpg,https://www.hainaautochina.com/api/vehicle-image/cntransit/643818851/col_bac63e00060b60a1.jpg,https://www.hainaautochina.com/api/vehicle-image/cntransit/643818851/col_b97a74bb360cc02f.jpg",SUV y todoterrenos > 2025 Corolla Cross,2025 Corolla Cross,Venezuela,Toyota
hainaauto-659938115,Corolla Rui Fang 2024 - Importacion desde China a Venezuela,"Toyota 2024 · Corolla Rui Fang · 4.583 km · black · automatic · Disponible en Chongqing. Vehiculo disponible para compradores en Venezuela, con inspeccion, documentos de exportacion y apoyo logistico de HainaAuto. Stock HA-659938115.",in stock,used,10986.98 USD,https://www.hainaautochina.com/vehicles/hainaauto-659938115,https://www.hainaautochina.com/api/vehicle-image/hainaauto/659938115/col_88360af588305236.webp,Toyota,"https://www.hainaautochina.com/api/vehicle-image/hainaauto/659938115/col_b77e3129ce84127f.webp,https://www.hainaautochina.com/api/vehicle-image/hainaauto/659938115/col_aaa48419657aeaec.webp,https://www.hainaautochina.com/api/vehicle-image/hainaauto/659938115/col_345ad951b5b3d39b.webp",SUV y todoterrenos > Corolla Rui Fang,Corolla Rui Fang,Venezuela,Toyota
cntransit-064715100,2024 Corolla Cross 2024 - Importacion desde China a Venezuela,"Toyota 2024 · 2024 Corolla Cross · 8.333 km · White · Automatic · Disponible en Henan. Vehiculo disponible para compradores en Venezuela, con inspeccion, documentos de exportacion y apoyo logistico de HainaAuto. Stock CN-064715100.",in stock,used,11170.46 USD,https://www.hainaautochina.com/vehicles/cntransit-064715100,https://www.hainaautochina.com/api/vehicle-image/cntransit/064715100/col_2a3ea058965c971a.jpg,Toyota,"https://www.hainaautochina.com/api/vehicle-image/cntransit/064715100/col_f9647cb3d5618ce9.jpg,https://www.hainaautochina.com/api/vehicle-image/cntransit/064715100/col_5161d92ca4d7772f.jpg,https://www.hainaautochina.com/api/vehicle-image/cntransit/064715100/col_95cb6087f43e9661.jpg",SUV y todoterrenos > 2024 Corolla Cross,2024 Corolla Cross,Venezuela,Toyota
hainaauto-725635370,2024 Corolla Hybrid 2024 - Importacion desde China a Venezuela,"Toyota 2024 · 2024 Corolla Hybrid · 6.667 km · White · automatic · Disponible en Zhejiang. Vehiculo disponible para compradores en Venezuela, con inspeccion, documentos de exportacion y apoyo logistico de HainaAuto. Stock HA-725635370.",in stock,used,11654.18 USD,https://www.hainaautochina.com/vehicles/hainaauto-725635370,https://www.hainaautochina.com/api/vehicle-image/hainaauto/725635370/col_3e819910c69ca408.webp,Toyota,"https://www.hainaautochina.com/api/vehicle-image/hainaauto/725635370/col_a1ca6c6bf2d431b8.webp,https://www.hainaautochina.com/api/vehicle-image/hainaauto/725635370/col_5cb37ac47ed178a0.webp,https://www.hainaautochina.com/api/vehicle-image/hainaauto/725635370/col_ef8d15d2d0907956.webp",SUV y todoterrenos > 2024 Corolla Hybrid,2024 Corolla Hybrid,Venezuela,Toyota
hainaauto-237013417,Corolla Luxury 2.0L 2024 - Importacion desde China a Venezuela,"Toyota 2024 · Corolla Luxury 2.0L · 6.250 km · grey · automatic · Disponible en Fujian. Vehiculo disponible para compradores en Venezuela, con inspeccion, documentos de exportacion y apoyo logistico de HainaAuto. Stock HA-237013417.",in stock,used,13422.26 USD,https://www.hainaautochina.com/vehicles/hainaauto-237013417,https://www.hainaautochina.com/api/vehicle-image/hainaauto/237013417/col_f029c127cf3ad17f.webp,Toyota,"https://www.hainaautochina.com/api/vehicle-image/hainaauto/237013417/col_fe075f39b8c0f7cc.webp,https://www.hainaautochina.com/api/vehicle-image/hainaauto/237013417/col_e8df01719ad921a7.webp,https://www.hainaautochina.com/api/vehicle-image/hainaauto/237013417/col_8c9010baf91950c5.webp",SUV y todoterrenos > Corolla Luxury 2.0L,Corolla Luxury 2.0L,Venezuela,Toyota
cntransit-939319677,2023 Corolla Cross 2023 - Importacion desde China a Venezuela,"Toyota 2023 · 2023 Corolla Cross · 37.500 km · Gray · Automatic · Disponible en Sichuan. Vehiculo disponible para compradores en Venezuela, con inspeccion, documentos de exportacion y apoyo logistico de HainaAuto. Stock CN-939319677.",in stock,used,9318.98 USD,https://www.hainaautochina.com/vehicles/cntransit-939319677,https://www.hainaautochina.com/api/vehicle-image/cntransit/939319677/col_fefd435b86be9fed.jpg,Toyota,"https://www.hainaautochina.com/api/vehicle-image/cntransit/939319677/col_6bd67100476d4fe9.jpg,https://www.hainaautochina.com/api/vehicle-image/cntransit/939319677/col_abc3c274ef322591.jpg,https://www.hainaautochina.com/api/vehicle-image/cntransit/939319677/col_80986c04a5f618b6.jpg",SUV y todoterrenos > 2023 Corolla Cross,2023 Corolla Cross,Venezuela,Toyota
cntransit-528520430,2023 Corolla Hybrid 2023 - Importacion desde China a Venezuela,"Toyota 2023 · 2023 Corolla Hybrid · 10.833 km · White · Automatic · Disponible en Guangdong. Vehiculo disponible para compradores en Venezuela, con inspeccion, documentos de exportacion y apoyo logistico de HainaAuto. Stock CN-528520430.",in stock,used,10986.98 USD,https://www.hainaautochina.com/vehicles/cntransit-528520430,https://www.hainaautochina.com/api/vehicle-image/cntransit/528520430/col_664337b48485add8.jpg,Toyota,"https://www.hainaautochina.com/api/vehicle-image/cntransit/528520430/col_9d406668e2c23462.jpg,https://www.hainaautochina.com/api/vehicle-image/cntransit/528520430/col_ad7e031a48c52071.jpg,https://www.hainaautochina.com/api/vehicle-image/cntransit/528520430/col_dcdcc61cf8dfbee3.jpg",SUV y todoterrenos > 2023 Corolla Hybrid,2023 Corolla Hybrid,Venezuela,Toyota
cntransit-035018410,2023 Corolla Rui 2023 - Importacion desde China a Venezuela,"Toyota 2023 · 2023 Corolla Rui · 29.167 km · White · Automatic · Disponible en Sichuan. Vehiculo disponible para compradores en Venezuela, con inspeccion, documentos de exportacion y apoyo logistico de HainaAuto. Stock CN-035018410.",in stock,used,11253.86 USD,https://www.hainaautochina.com/vehicles/cntransit-035018410,https://www.hainaautochina.com/api/vehicle-image/cntransit/035018410/col_ebb9c300c6dd58b6.jpg,Toyota,"https://www.hainaautochina.com/api/vehicle-image/cntransit/035018410/col_c51eea093eef38ce.jpg,https://www.hainaautochina.com/api/vehicle-image/cntransit/035018410/col_b56b05998276d3f3.jpg,https://www.hainaautochina.com/api/vehicle-image/cntransit/035018410/col_94cf0d7b5f32ec70.jpg",SUV y todoterrenos > 2023 Corolla Rui,2023 Corolla Rui,Venezuela,Toyota
hainaauto-618112153,Corolla Altis 2.0 2023 - Importacion desde China a Venezuela,"Toyota 2023 · Corolla Altis 2.0 · 16.667 km · black · automatic · Disponible en Chongqing. Vehiculo disponible para compradores en Venezuela, con inspeccion, documentos de exportacion y apoyo logistico de HainaAuto. Stock HA-618112153.",in stock,used,11737.58 USD,https://www.hainaautochina.com/vehicles/hainaauto-618112153,https://www.hainaautochina.com/api/vehicle-image/hainaauto/618112153/col_3988cbc3f8cc31e5.webp,Toyota,"https://www.hainaautochina.com/api/vehicle-image/hainaauto/618112153/col_d8e713dc023fb9e6.webp,https://www.hainaautochina.com/api/vehicle-image/hainaauto/618112153/col_cdac5ceaee30c963.webp,https://www.hainaautochina.com/api/vehicle-image/hainaauto/618112153/col_349ca32f067704c9.webp",SUV y todoterrenos > Corolla Altis 2.0,Corolla Altis 2.0,Venezuela,Toyota
hainaauto-610126950,Corolla Cross Hybrid 2023 - Importacion desde China a Venezuela,"Toyota 2023 · Corolla Cross Hybrid · 6.250 km · White · automatic · Disponible en Shanxi. Vehiculo disponible para compradores en Venezuela, con inspeccion, documentos de exportacion y apoyo logistico de HainaAuto. Stock HA-610126950.",in stock,used,12004.46 USD,https://www.hainaautochina.com/vehicles/hainaauto-610126950,https://www.hainaautochina.com/api/vehicle-image/hainaauto/610126950/col_fd807e57bae089a3.webp,Toyota,"https://www.hainaautochina.com/api/vehicle-image/hainaauto/610126950/col_961c07715c72b3d6.webp,https://www.hainaautochina.com/api/vehicle-image/hainaauto/610126950/col_a1c7d9cf638b20bf.webp,https://www.hainaautochina.com/api/vehicle-image/hainaauto/610126950/col_8ffcfe7f4488f180.webp",SUV y todoterrenos > Corolla Cross Hybrid,Corolla Cross Hybrid,Venezuela,Toyota
hainaauto-740211706,Corolla Cross 2.0 2023 - Importacion desde China a Venezuela,"Toyota 2023 · Corolla Cross 2.0 · 10.000 km · black · automatic · Disponible en Fujian. Vehiculo disponible para compradores en Venezuela, con inspeccion, documentos de exportacion y apoyo logistico de HainaAuto. Stock HA-740211706.",in stock,used,12838.46 USD,https://www.hainaautochina.com/vehicles/hainaauto-740211706,https://www.hainaautochina.com/api/vehicle-image/hainaauto/740211706/col_6e7fa1bf013d12a3.webp,Toyota,"https://www.hainaautochina.com/api/vehicle-image/hainaauto/740211706/col_2edd582641a9f9f4.webp,https://www.hainaautochina.com/api/vehicle-image/hainaauto/740211706/col_cb2a3f7ef78a871e.webp,https://www.hainaautochina.com/api/vehicle-image/hainaauto/740211706/col_d0bec52a6d05465e.webp",SUV y todoterrenos > Corolla Cross 2.0,Corolla Cross 2.0,Venezuela,Toyota
hainaauto-196934968,2025 Corolla 1.2T 2025 - Importacion desde China a Venezuela,"Toyota 2025 · 2025 Corolla 1.2T · 0 km · White · automatic · Disponible en Heilongjiang. Vehiculo disponible para compradores en Venezuela, con inspeccion, documentos de exportacion y apoyo logistico de HainaAuto. Stock HA-196934968.",in stock,new,13905.98 USD,https://www.hainaautochina.com/vehicles/hainaauto-196934968,https://www.hainaautochina.com/api/vehicle-image/hainaauto/196934968/col_78f0990baaef2352.webp,Toyota,"https://www.hainaautochina.com/api/vehicle-image/hainaauto/196934968/col_94b14aa985067fff.webp,https://www.hainaautochina.com/api/vehicle-image/hainaauto/196934968/col_76ecb47cce8e6852.webp,https://www.hainaautochina.com/api/vehicle-image/hainaauto/196934968/col_5968f5a134bd006f.webp",Sedanes y hatchbacks > 2025 Corolla 1.2T,2025 Corolla 1.2T,Venezuela,Toyota
cntransit-523013510,2024 Corolla 1.2T 2024 - Importacion desde China a Venezuela,"Toyota 2024 · 2024 Corolla 1.2T · 42 km · White · Automatic · Disponible en Shandong. Vehiculo disponible para compradores en Venezuela, con inspeccion, documentos de exportacion y apoyo logistico de HainaAuto. Stock CN-523013510.",in stock,new,12905.18 USD,https://www.hainaautochina.com/vehicles/cntransit-523013510,https://www.hainaautochina.com/api/vehicle-image/cntransit/523013510/col_2b68fe81ebe5b0ad.jpg,Toyota,"https://www.hainaautochina.com/api/vehicle-image/cntransit/523013510/col_1d32b6ea1cc6bd36.jpg,https://www.hainaautochina.com/api/vehicle-image/cntransit/523013510/col_4ac1f6c4d3f46e90.jpg,https://www.hainaautochina.com/api/vehicle-image/cntransit/523013510/col_641010cf91846e51.jpg",Sedanes y hatchbacks > 2024 Corolla 1.2T,2024 Corolla 1.2T,Venezuela,Toyota
hainaauto-813417602,Corolla 1.2T CVT 2026 - Importacion desde China a Venezuela,"Toyota 2026 · Corolla 1.2T CVT · 333 km · White · automatic · Disponible en Henan. Vehiculo disponible para compradores en Venezuela, con inspeccion, documentos de exportacion y apoyo logistico de HainaAuto. Stock HA-813417602.",in stock,used,11403.98 USD,https://www.hainaautochina.com/vehicles/hainaauto-813417602,https://www.hainaautochina.com/api/vehicle-image/hainaauto/813417602/col_26df0406e69cd591.webp,Toyota,"https://www.hainaautochina.com/api/vehicle-image/hainaauto/813417602/col_c1ef55237b2afda0.webp,https://www.hainaautochina.com/api/vehicle-image/hainaauto/813417602/col_f21129f61bd1c7af.webp,https://www.hainaautochina.com/api/vehicle-image/hainaauto/813417602/col_d7f6ee9fb4d3daba.webp",Sedanes y hatchbacks > Corolla 1.2T CVT,Corolla 1.2T CVT,Venezuela,Toyota
hainaauto-805414994,2026 Corolla L 2026 - Importacion desde China a Venezuela,"Toyota 2026 · 2026 Corolla L · 3.708 km · White · automatic · Disponible en Hubei. Vehiculo disponible para compradores en Venezuela, con inspeccion, documentos de exportacion y apoyo logistico de HainaAuto. Stock HA-805414994.",in stock,used,12838.46 USD,https://www.hainaautochina.com/vehicles/hainaauto-805414994,https://www.hainaautochina.com/api/vehicle-image/hainaauto/805414994/col_2e4ea38c6a74f4ee.webp,Toyota,"https://www.hainaautochina.com/api/vehicle-image/hainaauto/805414994/col_5c5e8f5b140d1b0c.webp,https://www.hainaautochina.com/api/vehicle-image/hainaauto/805414994/col_156ce7bdcfdabeff.webp,https://www.hainaautochina.com/api/vehicle-image/hainaauto/805414994/col_ee42bdd7e4742e21.webp",Sedanes y hatchbacks > 2026 Corolla L,2026 Corolla L,Venezuela,Toyota
hainaauto-891028366,Corolla 2.0 CVT 2026 - Importacion desde China a Venezuela,"Toyota 2026 · Corolla 2.0 CVT · 750 km · White · automatic · Disponible en Tianjin. Vehiculo disponible para compradores en Venezuela, con inspeccion, documentos de exportacion y apoyo logistico de HainaAuto. Stock HA-891028366.",in stock,used,13989.38 USD,https://www.hainaautochina.com/vehicles/hainaauto-891028366,https://www.hainaautochina.com/api/vehicle-image/hainaauto/891028366/col_fc862fe085eb888f.webp,Toyota,"https://www.hainaautochina.com/api/vehicle-image/hainaauto/891028366/col_1a5ca1c178215db8.webp,https://www.hainaautochina.com/api/vehicle-image/hainaauto/891028366/col_aa0f665e89f46c41.webp,https://www.hainaautochina.com/api/vehicle-image/hainaauto/891028366/col_9657a5c15fd64190.webp",Sedanes y hatchbacks > Corolla 2.0 CVT,Corolla 2.0 CVT,Venezuela,Toyota
hainaauto-717516983,Corolla Hybrid 1.8 2026 - Importacion desde China a Venezuela,"Toyota 2026 · Corolla Hybrid 1.8 · 417 km · White · automatic · Disponible en Jiangsu. Vehiculo disponible para compradores en Venezuela, con inspeccion, documentos de exportacion y apoyo logistico de HainaAuto. Stock HA-717516983.",in stock,used,14423.06 USD,https://www.hainaautochina.com/vehicles/hainaauto-717516983,https://www.hainaautochina.com/api/vehicle-image/hainaauto/717516983/col_30b859edb412fe01.webp,Toyota,"https://www.hainaautochina.com/api/vehicle-image/hainaauto/717516983/col_853ff63eea9415be.webp,https://www.hainaautochina.com/api/vehicle-image/hainaauto/717516983/col_0262d5224692c863.webp,https://www.hainaautochina.com/api/vehicle-image/hainaauto/717516983/col_4c9f4fc6ade87a5a.webp",Sedanes y hatchbacks > Corolla Hybrid 1.8,Corolla Hybrid 1.8,Venezuela,Toyota
cntransit-525315624,2023 Corolla 1.2T 2023 - Importacion desde China a Venezuela,"Toyota 2023 · 2023 Corolla 1.2T · 62.500 km · gold · Automatic · Disponible en Shanghai. Vehiculo disponible para compradores en Venezuela, con inspeccion, documentos de exportacion y apoyo logistico de HainaAuto. Stock CN-525315624.",in stock,used,9819.38 USD,https://www.hainaautochina.com/vehicles/cntransit-525315624,https://www.hainaautochina.com/api/vehicle-image/cntransit/525315624/col_796b403829dbd92f.jpg,Toyota,"https://www.hainaautochina.com/api/vehicle-image/cntransit/525315624/col_b3dfebe8c8a43eca.jpg,https://www.hainaautochina.com/api/vehicle-image/cntransit/525315624/col_dd64100c0564ebf5.jpg,https://www.hainaautochina.com/api/vehicle-image/cntransit/525315624/col_ffc9ba172e2bee35.jpg",Sedanes y hatchbacks > 2023 Corolla 1.2T,2023 Corolla 1.2T,Venezuela,Toyota
hainaauto-775855014,2023 Corolla 1.5 2023 - Importacion desde China a Venezuela,"Toyota 2023 · 2023 Corolla 1.5 · 39.583 km · White · automatic · Disponible en Guangdong. Vehiculo disponible para compradores en Venezuela, con inspeccion, documentos de exportacion y apoyo logistico de HainaAuto. Stock HA-775855014.",in stock,used,10319.78 USD,https://www.hainaautochina.com/vehicles/hainaauto-775855014,https://www.hainaautochina.com/api/vehicle-image/hainaauto/775855014/col_6a14b239c20033c4.webp,Toyota,"https://www.hainaautochina.com/api/vehicle-image/hainaauto/775855014/col_37c83251fa0489ca.webp,https://www.hainaautochina.com/api/vehicle-image/hainaauto/775855014/col_4122fb70ed03f9aa.webp,https://www.hainaautochina.com/api/vehicle-image/hainaauto/775855014/col_8197a30f864406d6.webp",Sedanes y hatchbacks > 2023 Corolla 1.5,2023 Corolla 1.5,Venezuela,Toyota
hainaauto-496929973,2023 Corolla Altis 2023 - Importacion desde China a Venezuela,"Toyota 2023 · 2023 Corolla Altis · 25.000 km · White · automatic · Disponible en Guangdong. Vehiculo disponible para compradores en Venezuela, con inspeccion, documentos de exportacion y apoyo logistico de HainaAuto. Stock HA-496929973.",in stock,used,10961.96 USD,https://www.hainaautochina.com/vehicles/hainaauto-496929973,https://www.hainaautochina.com/api/vehicle-image/hainaauto/496929973/col_456a9a3be5c1e408.webp,Toyota,"https://www.hainaautochina.com/api/vehicle-image/hainaauto/496929973/col_18a17ca4e1ef93a8.webp,https://www.hainaautochina.com/api/vehicle-image/hainaauto/496929973/col_dec5a90ef937ed89.webp,https://www.hainaautochina.com/api/vehicle-image/hainaauto/496929973/col_4e59be8c8e3d6df8.webp",Sedanes y hatchbacks > 2023 Corolla Altis,2023 Corolla Altis,Venezuela,Toyota
hainaauto-101814635,Corolla 1.5 CVT 2023 - Importacion desde China a Venezuela,"Toyota 2023 · Corolla 1.5 CVT · 8.750 km · gold · automatic · Disponible en Shanghai. Vehiculo disponible para compradores en Venezuela, con inspeccion, documentos de exportacion y apoyo logistico de HainaAuto. Stock HA-101814635.",in stock,used,12546.56 USD,https://www.hainaautochina.com/vehicles/hainaauto-101814635,https://www.hainaautochina.com/api/vehicle-image/hainaauto/101814635/col_be126d2b18fb2d12.webp,Toyota,"https://www.hainaautochina.com/api/vehicle-image/hainaauto/101814635/col_6b36d83a2bb1969b.webp,https://www.hainaautochina.com/api/vehicle-image/hainaauto/101814635/col_7a06fcc59456cceb.webp,https://www.hainaautochina.com/api/vehicle-image/hainaauto/101814635/col_a978e88c7a83db39.webp",Sedanes y hatchbacks > Corolla 1.5 CVT,Corolla 1.5 CVT,Venezuela,Toyota
hainaauto-78695896,Corolla Hybrid 2.5 2023 - Importacion desde China a Venezuela,"Toyota 2023 · Corolla Hybrid 2.5 · 21.250 km · White · automatic · Disponible en Hebei. Vehiculo disponible para compradores en Venezuela, con inspeccion, documentos de exportacion y apoyo logistico de HainaAuto. Stock HA-78695896.",in stock,used,24431.06 USD,https://www.hainaautochina.com/vehicles/hainaauto-78695896,https://www.hainaautochina.com/api/vehicle-image/hainaauto/78695896/col_24e5e78c4e3c22ee.webp,Toyota,"https://www.hainaautochina.com/api/vehicle-image/hainaauto/78695896/col_3859a1aaf3f82f6a.webp,https://www.hainaautochina.com/api/vehicle-image/hainaauto/78695896/col_f0852e129d9dce7d.webp,https://www.hainaautochina.com/api/vehicle-image/hainaauto/78695896/col_70e94fd452381892.webp",Vehiculos comerciales y familiares > Corolla Hybrid 2.5,Corolla Hybrid 2.5,Venezuela,Toyota
hainaauto-990315895,RAV4 Hybrid 2.0L 2026 - Importacion desde China a Venezuela,"Toyota 2026 · RAV4 Hybrid 2.0L · 42 km · grey · automatic · Disponible en Guangxi. Vehiculo disponible para compradores en Venezuela, con inspeccion, documentos de exportacion y apoyo logistico de HainaAuto. Stock HA-990315895.",in stock,new,18909.98 USD,https://www.hainaautochina.com/vehicles/hainaauto-990315895,https://www.hainaautochina.com/api/vehicle-image/hainaauto/990315895/col_82be744d3683a3e1.webp,Toyota,"https://www.hainaautochina.com/api/vehicle-image/hainaauto/990315895/col_a97ef205626a3110.webp,https://www.hainaautochina.com/api/vehicle-image/hainaauto/990315895/col_222d9bd4ab572ba8.webp,https://www.hainaautochina.com/api/vehicle-image/hainaauto/990315895/col_ae3cf4cf62347c4e.webp",SUV y todoterrenos > RAV4 Hybrid 2.0L,RAV4 Hybrid 2.0L,Venezuela,Toyota
cntransit-633417462,2026 RAV4 2.0 2026 - Importacion desde China a Venezuela,"Toyota 2026 · 2026 RAV4 2.0 · 42 km · White · Automatic · Disponible en Heilongjiang. Vehiculo disponible para compradores en Venezuela, con inspeccion, documentos de exportacion y apoyo logistico de HainaAuto. Stock CN-633417462.",in stock,new,21011.66 USD,https://www.hainaautochina.com/vehicles/cntransit-633417462,https://www.hainaautochina.com/api/vehicle-image/cntransit/633417462/col_61e439637c261c74.jpg,Toyota,"https://www.hainaautochina.com/api/vehicle-image/cntransit/633417462/col_1efc5c111e0415e6.jpg,https://www.hainaautochina.com/api/vehicle-image/cntransit/633417462/col_b4ca2798c6a24f12.jpg,https://www.hainaautochina.com/api/vehicle-image/cntransit/633417462/col_3c0cbad8f5273194.jpg",SUV y todoterrenos > 2026 RAV4 2.0,2026 RAV4 2.0,Venezuela,Toyota
hainaauto-829522426,RAV4 2.0L CVT 2026 - Importacion desde China a Venezuela,"Toyota 2026 · RAV4 2.0L CVT · 0 km · grey · automatic · Disponible en Heilongjiang. Vehiculo disponible para compradores en Venezuela, con inspeccion, documentos de exportacion y apoyo logistico de HainaAuto. Stock HA-829522426.",in stock,new,22245.98 USD,https://www.hainaautochina.com/vehicles/hainaauto-829522426,https://www.hainaautochina.com/api/vehicle-image/hainaauto/829522426/col_152d8bfbc1b939e5.webp,Toyota,"https://www.hainaautochina.com/api/vehicle-image/hainaauto/829522426/col_78871e4fe76f5bd1.webp,https://www.hainaautochina.com/api/vehicle-image/hainaauto/829522426/col_2badbc869d7c9aa2.webp,https://www.hainaautochina.com/api/vehicle-image/hainaauto/829522426/col_e3562f203aeaf995.webp",SUV y todoterrenos > RAV4 2.0L CVT,RAV4 2.0L CVT,Venezuela,Toyota
hainaauto-499923208,RAV4 2.0 CVT 2026 - Importacion desde China a Venezuela,"Toyota 2026 · RAV4 2.0 CVT · 1.667 km · White · automatic · Disponible en Guangdong. Vehiculo disponible para compradores en Venezuela, con inspeccion, documentos de exportacion y apoyo logistico de HainaAuto. Stock HA-499923208.",in stock,used,17759.06 USD,https://www.hainaautochina.com/vehicles/hainaauto-499923208,https://www.hainaautochina.com/api/vehicle-image/hainaauto/499923208/col_bfdd3e9b7477fbde.webp,Toyota,"https://www.hainaautochina.com/api/vehicle-image/hainaauto/499923208/col_e17114a00a2f661f.webp,https://www.hainaautochina.com/api/vehicle-image/hainaauto/499923208/col_096b636f23dc9fa9.webp,https://www.hainaautochina.com/api/vehicle-image/hainaauto/499923208/col_ef2089b5648f3549.webp",SUV y todoterrenos > RAV4 2.0 CVT,RAV4 2.0 CVT,Venezuela,Toyota
hainaauto-573841035,2026 RAV4 Hybrid 2026 - Importacion desde China a Venezuela,"Toyota 2026 · 2026 RAV4 Hybrid · 2.500 km · White · automatic · Disponible en Shanxi. Vehiculo disponible para compradores en Venezuela, con inspeccion, documentos de exportacion y apoyo logistico de HainaAuto. Stock HA-573841035.",in stock,used,18993.38 USD,https://www.hainaautochina.com/vehicles/hainaauto-573841035,https://www.hainaautochina.com/api/vehicle-image/hainaauto/573841035/col_28b897f3158f6faf.webp,Toyota,"https://www.hainaautochina.com/api/vehicle-image/hainaauto/573841035/col_eb1f8ae0d2243afd.webp,https://www.hainaautochina.com/api/vehicle-image/hainaauto/573841035/col_b6c0be99e5bbd7d7.webp,https://www.hainaautochina.com/api/vehicle-image/hainaauto/573841035/col_828cb3383f501e3b.webp",SUV y todoterrenos > 2026 RAV4 Hybrid,2026 RAV4 Hybrid,Venezuela,Toyota
hainaauto-193243342,2024 RAV4 2.0 2024 - Importacion desde China a Venezuela,"Toyota 2024 · 2024 RAV4 2.0 · 12.500 km · black · automatic · Disponible en Guangdong. Vehiculo disponible para compradores en Venezuela, con inspeccion, documentos de exportacion y apoyo logistico de HainaAuto. Stock HA-193243342.",in stock,used,14006.06 USD,https://www.hainaautochina.com/vehicles/hainaauto-193243342,https://www.hainaautochina.com/api/vehicle-image/hainaauto/193243342/col_54016f242f038cf0.webp,Toyota,"https://www.hainaautochina.com/api/vehicle-image/hainaauto/193243342/col_ecaa31cd9c4bca62.webp,https://www.hainaautochina.com/api/vehicle-image/hainaauto/193243342/col_1d5ab78ed03ed256.webp,https://www.hainaautochina.com/api/vehicle-image/hainaauto/193243342/col_3d2e9a0f3bcc34c2.webp",SUV y todoterrenos > 2024 RAV4 2.0,2024 RAV4 2.0,Venezuela,Toyota
hainaauto-227628395,RAV4 Hybrid 2.5L 2024 - Importacion desde China a Venezuela,"Toyota 2024 · RAV4 Hybrid 2.5L · 8.333 km · black · automatic · Disponible en Guangdong. Vehiculo disponible para compradores en Venezuela, con inspeccion, documentos de exportacion y apoyo logistico de HainaAuto. Stock HA-227628395.",in stock,used,16341.26 USD,https://www.hainaautochina.com/vehicles/hainaauto-227628395,https://www.hainaautochina.com/api/vehicle-image/hainaauto/227628395/col_bfa50e55a0d90cb3.webp,Toyota,"https://www.hainaautochina.com/api/vehicle-image/hainaauto/227628395/col_e64b9c3f09ce35e3.webp,https://www.hainaautochina.com/api/vehicle-image/hainaauto/227628395/col_76d5bc2839c882a8.webp,https://www.hainaautochina.com/api/vehicle-image/hainaauto/227628395/col_fb089839d9c480ae.webp",SUV y todoterrenos > RAV4 Hybrid 2.5L,RAV4 Hybrid 2.5L,Venezuela,Toyota
hainaauto-073752267,2024 RAV4 Hybrid 2024 - Importacion desde China a Venezuela,"Toyota 2024 · 2024 RAV4 Hybrid · 18.458 km · black · automatic · Disponible en Jiangsu. Vehiculo disponible para compradores en Venezuela, con inspeccion, documentos de exportacion y apoyo logistico de HainaAuto. Stock HA-073752267.",in stock,used,18417.92 USD,https://www.hainaautochina.com/vehicles/hainaauto-073752267,https://www.hainaautochina.com/api/vehicle-image/hainaauto/073752267/col_1549a2a15ca29f29.webp,Toyota,"https://www.hainaautochina.com/api/vehicle-image/hainaauto/073752267/col_c433365a60abfac1.webp,https://www.hainaautochina.com/api/vehicle-image/hainaauto/073752267/col_8f029f660f8132b4.webp,https://www.hainaautochina.com/api/vehicle-image/hainaauto/073752267/col_eee98970037cd21d.webp",SUV y todoterrenos > 2024 RAV4 Hybrid,2024 RAV4 Hybrid,Venezuela,Toyota
cntransit-18455450,2023 RAV4 2.0 2023 - Importacion desde China a Venezuela,"Toyota 2023 · 2023 RAV4 2.0 · 22.500 km · White · Automatic · Disponible en Henan. Vehiculo disponible para compradores en Venezuela, con inspeccion, documentos de exportacion y apoyo logistico de HainaAuto. Stock CN-18455450.",in stock,used,13238.78 USD,https://www.hainaautochina.com/vehicles/cntransit-18455450,https://www.hainaautochina.com/api/vehicle-image/cntransit/18455450/col_deac9325aea3ab3b.jpg,Toyota,"https://www.hainaautochina.com/api/vehicle-image/cntransit/18455450/col_ef1dd86ed533e2f6.jpg,https://www.hainaautochina.com/api/vehicle-image/cntransit/18455450/col_4a46a436105a40f5.jpg,https://www.hainaautochina.com/api/vehicle-image/cntransit/18455450/col_6cc2b1864a88ab0b.jpg",SUV y todoterrenos > 2023 RAV4 2.0,2023 RAV4 2.0,Venezuela,Toyota
cntransit-84565602,2023 RAV4 Hybrid 2023 - Importacion desde China a Venezuela,"Toyota 2023 · 2023 RAV4 Hybrid · 25.000 km · White · Automatic · Disponible en Jiangsu. Vehiculo disponible para compradores en Venezuela, con inspeccion, documentos de exportacion y apoyo logistico de HainaAuto. Stock CN-84565602.",in stock,used,16591.46 USD,https://www.hainaautochina.com/vehicles/cntransit-84565602,https://www.hainaautochina.com/api/vehicle-image/cntransit/84565602/col_e4e07801057ee2b4.jpg,Toyota,"https://www.hainaautochina.com/api/vehicle-image/cntransit/84565602/col_3d7fed86ece97c91.jpg,https://www.hainaautochina.com/api/vehicle-image/cntransit/84565602/col_5b5108b611663c45.jpg,https://www.hainaautochina.com/api/vehicle-image/cntransit/84565602/col_a5e434f9463591b3.jpg",SUV y todoterrenos > 2023 RAV4 Hybrid,2023 RAV4 Hybrid,Venezuela,Toyota
cntransit-329613872,RAV4 Hybrid 2.5 2023 - Importacion desde China a Venezuela,"Toyota 2023 · RAV4 Hybrid 2.5 · 22.500 km · White · Automatic · Disponible en Beijing. Vehiculo disponible para compradores en Venezuela, con inspeccion, documentos de exportacion y apoyo logistico de HainaAuto. Stock CN-329613872.",in stock,used,17417.12 USD,https://www.hainaautochina.com/vehicles/cntransit-329613872,https://www.hainaautochina.com/api/vehicle-image/cntransit/329613872/col_f7ec166232238fd6.jpg,Toyota,"https://www.hainaautochina.com/api/vehicle-image/cntransit/329613872/col_52cad01ef21d5a2e.jpg,https://www.hainaautochina.com/api/vehicle-image/cntransit/329613872/col_fc59a416a10bae86.jpg,https://www.hainaautochina.com/api/vehicle-image/cntransit/329613872/col_ce35f46d5f79492c.jpg",SUV y todoterrenos > RAV4 Hybrid 2.5,RAV4 Hybrid 2.5,Venezuela,Toyota
hainaauto-610037992,Ranger 2.3T Trailblazer 2025 - Importacion desde China a Venezuela,"Ford 2025 · Ranger 2.3T Trailblazer · 42 km · black · automatic · Disponible en Shandong. Vehiculo disponible para compradores en Venezuela, con inspeccion, documentos de exportacion y apoyo logistico de HainaAuto. Stock HA-610037992.",in stock,new,22179.26 USD,https://www.hainaautochina.com/vehicles/hainaauto-610037992,https://www.hainaautochina.com/api/vehicle-image/hainaauto/610037992/col_6a8d4b52ee13a8c8.webp,Ford,"https://www.hainaautochina.com/api/vehicle-image/hainaauto/610037992/col_8d2acf75526487b3.webp,https://www.hainaautochina.com/api/vehicle-image/hainaauto/610037992/col_c8dcb92bd7936bab.webp,https://www.hainaautochina.com/api/vehicle-image/hainaauto/610037992/col_281e0a7b8102ab7d.webp",Camionetas y pickups > Ranger 2.3T Trailblazer,Ranger 2.3T Trailblazer,Venezuela,Ford
hainaauto-632632731,2023 Ranger 2.3T 2023 - Importacion desde China a Venezuela,"Ford 2023 · 2023 Ranger 2.3T · 18.333 km · other · automatic · Disponible en Sichuan. Vehiculo disponible para compradores en Venezuela, con inspeccion, documentos de exportacion y apoyo logistico de HainaAuto. Stock HA-632632731.",in stock,used,17909.18 USD,https://www.hainaautochina.com/vehicles/hainaauto-632632731,https://www.hainaautochina.com/api/vehicle-image/hainaauto/632632731/col_ce9fac56c1e11785.webp,Ford,"https://www.hainaautochina.com/api/vehicle-image/hainaauto/632632731/col_a94069280cca3be4.webp,https://www.hainaautochina.com/api/vehicle-image/hainaauto/632632731/col_2cc97f6338fa664c.webp,https://www.hainaautochina.com/api/vehicle-image/hainaauto/632632731/col_eb79c50d9fdf59e7.webp",Camionetas y pickups > 2023 Ranger 2.3T,2023 Ranger 2.3T,Venezuela,Ford
hainaauto-462018021,Equinox Plus 102km 2024 - Importacion desde China a Venezuela,"Chevrolet 2024 · Equinox Plus 102km · 8.333 km · black · 2-speed DHT · Disponible en Henan. Vehiculo disponible para compradores en Venezuela, con inspeccion, documentos de exportacion y apoyo logistico de HainaAuto. Stock HA-462018021.",in stock,used,13163.72 USD,https://www.hainaautochina.com/vehicles/hainaauto-462018021,https://www.hainaautochina.com/api/vehicle-image/hainaauto/462018021/col_6f8c1e55230a3a09.webp,Chevrolet,"https://www.hainaautochina.com/api/vehicle-image/hainaauto/462018021/col_47b98e5a3247ec28.webp,https://www.hainaautochina.com/api/vehicle-image/hainaauto/462018021/col_1ab59327289aa7e6.webp,https://www.hainaautochina.com/api/vehicle-image/hainaauto/462018021/col_f39ee6f8a178cbda.webp",SUV y todoterrenos > Equinox Plus 102km,Equinox Plus 102km,Venezuela,Chevrolet
hainaauto-442321216,Ranger 2.3T Off-Road 2023 - Importacion desde China a Venezuela,"Ford 2023 · Ranger 2.3T Off-Road · 42 km · black · automatic · Disponible en Jiangxi. Vehiculo disponible para compradores en Venezuela, con inspeccion, documentos de exportacion y apoyo logistico de HainaAuto. Stock HA-442321216.",in stock,new,20844.86 USD,https://www.hainaautochina.com/vehicles/hainaauto-442321216,https://www.hainaautochina.com/api/vehicle-image/hainaauto/442321216/col_c3c109a282b54e24.webp,Ford,"https://www.hainaautochina.com/api/vehicle-image/hainaauto/442321216/col_d35221285640f8c0.webp,https://www.hainaautochina.com/api/vehicle-image/hainaauto/442321216/col_fb5660b314708e7c.webp,https://www.hainaautochina.com/api/vehicle-image/hainaauto/442321216/col_c1df7fb8d4327ee0.webp",Camionetas y pickups > Ranger 2.3T Off-Road,Ranger 2.3T Off-Road,Venezuela,Ford
hainaauto-658918672,Freedom 2025 1.5TD 2025 - Importacion desde China a Venezuela,"Jetour 2025 · Freedom 2025 1.5TD · 42 km · grey · automatic · Disponible en Zhejiang. Vehiculo disponible para compradores en Venezuela, con inspeccion, documentos de exportacion y apoyo logistico de HainaAuto. Stock HA-658918672.",in stock,new,14256.26 USD,https://www.hainaautochina.com/vehicles/hainaauto-658918672,https://www.hainaautochina.com/api/vehicle-image/hainaauto/658918672/col_479b3401229c7e5a.webp,Jetour,"https://www.hainaautochina.com/api/vehicle-image/hainaauto/658918672/col_fa2fdda16f2d51f9.webp,https://www.hainaautochina.com/api/vehicle-image/hainaauto/658918672/col_1b8dbcbc81bc58dd.webp,https://www.hainaautochina.com/api/vehicle-image/hainaauto/658918672/col_6668b01edb23cc1d.webp",SUV y todoterrenos > Freedom 2025 1.5TD,Freedom 2025 1.5TD,Venezuela,Jetour
cntransit-229318523,2025 Edge L 2025 - Importacion desde China a Venezuela,"Ford 2025 · 2025 Edge L · 42 km · Black · Automatic · Disponible en Sichuan. Vehiculo disponible para compradores en Venezuela, con inspeccion, documentos de exportacion y apoyo logistico de HainaAuto. Stock CN-229318523.",in stock,new,21411.98 USD,https://www.hainaautochina.com/vehicles/cntransit-229318523,https://www.hainaautochina.com/api/vehicle-image/cntransit/229318523/col_887aa6c160961707.jpg,Ford,"https://www.hainaautochina.com/api/vehicle-image/cntransit/229318523/col_6d0fa7c34adabcc3.jpg,https://www.hainaautochina.com/api/vehicle-image/cntransit/229318523/col_c46017f08c435b1c.jpg,https://www.hainaautochina.com/api/vehicle-image/cntransit/229318523/col_efb87167a3b611af.jpg",SUV y todoterrenos > 2025 Edge L,2025 Edge L,Venezuela,Ford
hainaauto-597513587,Edge L 2.0T 2025 - Importacion desde China a Venezuela,"Ford 2025 · Edge L 2.0T · 42 km · black · automatic · Disponible en Sichuan. Vehiculo disponible para compradores en Venezuela, con inspeccion, documentos de exportacion y apoyo logistico de HainaAuto. Stock HA-597513587.",in stock,new,22662.98 USD,https://www.hainaautochina.com/vehicles/hainaauto-597513587,https://www.hainaautochina.com/api/vehicle-image/hainaauto/597513587/col_e7798aaeff651f2a.webp,Ford,"https://www.hainaautochina.com/api/vehicle-image/hainaauto/597513587/col_daa429f99325c32b.webp,https://www.hainaautochina.com/api/vehicle-image/hainaauto/597513587/col_ff2dc97f687bbb6b.webp,https://www.hainaautochina.com/api/vehicle-image/hainaauto/597513587/col_69c97da7612efe5d.webp",SUV y todoterrenos > Edge L 2.0T,Edge L 2.0T,Venezuela,Ford
hainaauto-212436035,Explorer 2.3L EcoBoost 2024 - Importacion desde China a Venezuela,"Ford 2024 · Explorer 2.3L EcoBoost · 42 km · black · automatic · Disponible en Shandong. Vehiculo disponible para compradores en Venezuela, con inspeccion, documentos de exportacion y apoyo logistico de HainaAuto. Stock HA-212436035.",in stock,new,30269.06 USD,https://www.hainaautochina.com/vehicles/hainaauto-212436035,https://www.hainaautochina.com/api/vehicle-image/hainaauto/212436035/col_c88430b1ee591c9c.webp,Ford,"https://www.hainaautochina.com/api/vehicle-image/hainaauto/212436035/col_95700040632bb3a0.webp,https://www.hainaautochina.com/api/vehicle-image/hainaauto/212436035/col_53a1d07e9682ce56.webp,https://www.hainaautochina.com/api/vehicle-image/hainaauto/212436035/col_499b4e0a8501bad0.webp",SUV y todoterrenos > Explorer 2.3L EcoBoost,Explorer 2.3L EcoBoost,Venezuela,Ford
hainaauto-791748227,2026 Edge L 2026 - Importacion desde China a Venezuela,"Ford 2026 · 2026 Edge L · 375 km · blue · automatic · Disponible en Guangdong. Vehiculo disponible para compradores en Venezuela, con inspeccion, documentos de exportacion y apoyo logistico de HainaAuto. Stock HA-791748227.",in stock,used,18993.38 USD,https://www.hainaautochina.com/vehicles/hainaauto-791748227,https://www.hainaautochina.com/api/vehicle-image/hainaauto/791748227/col_398865e446e36039.webp,Ford,"https://www.hainaautochina.com/api/vehicle-image/hainaauto/791748227/col_9b6229e43d0b9e3a.webp,https://www.hainaautochina.com/api/vehicle-image/hainaauto/791748227/col_2289abfaa0952f14.webp,https://www.hainaautochina.com/api/vehicle-image/hainaauto/791748227/col_310cc5531e04cab0.webp",SUV y todoterrenos > 2026 Edge L,2026 Edge L,Venezuela,Ford
hainaauto-057916472,2025 Traveler 1.5TD 2025 - Importacion desde China a Venezuela,"Jetour 2025 · 2025 Traveler 1.5TD · 8.333 km · black · automatic · Disponible en Guangdong. Vehiculo disponible para compradores en Venezuela, con inspeccion, documentos de exportacion y apoyo logistico de HainaAuto. Stock HA-057916472.",in stock,used,16674.86 USD,https://www.hainaautochina.com/vehicles/hainaauto-057916472,https://www.hainaautochina.com/api/vehicle-image/hainaauto/057916472/col_40e7b25a61f59585.webp,Jetour,"https://www.hainaautochina.com/api/vehicle-image/hainaauto/057916472/col_c7b039cf8ba51aa0.webp,https://www.hainaautochina.com/api/vehicle-image/hainaauto/057916472/col_5886d2a941c7c65e.webp,https://www.hainaautochina.com/api/vehicle-image/hainaauto/057916472/col_5d62325a33dff57f.webp",SUV y todoterrenos > 2025 Traveler 1.5TD,2025 Traveler 1.5TD,Venezuela,Jetour
cntransit-15178479,2025 Explorer 2.3T 2025 - Importacion desde China a Venezuela,"Ford 2025 · 2025 Explorer 2.3T · 11.667 km · Black · Automatic · Disponible en Hubei. Vehiculo disponible para compradores en Venezuela, con inspeccion, documentos de exportacion y apoyo logistico de HainaAuto. Stock CN-15178479.",in stock,used,23180.06 USD,https://www.hainaautochina.com/vehicles/cntransit-15178479,https://www.hainaautochina.com/api/vehicle-image/cntransit/15178479/col_1d9671d312e8131c.jpg,Ford,"https://www.hainaautochina.com/api/vehicle-image/cntransit/15178479/col_30a2938b1ff5f439.jpg,https://www.hainaautochina.com/api/vehicle-image/cntransit/15178479/col_390b5826e8d8088d.jpg,https://www.hainaautochina.com/api/vehicle-image/cntransit/15178479/col_0126d021e4865856.jpg",SUV y todoterrenos > 2025 Explorer 2.3T,2025 Explorer 2.3T,Venezuela,Ford
hainaauto-331650027,Explorer 2025 2.3T 2025 - Importacion desde China a Venezuela,"Ford 2025 · Explorer 2025 2.3T · 250 km · black · automatic · Disponible en Chongqing. Vehiculo disponible para compradores en Venezuela, con inspeccion, documentos de exportacion y apoyo logistico de HainaAuto. Stock HA-331650027.",in stock,used,25014.86 USD,https://www.hainaautochina.com/vehicles/hainaauto-331650027,https://www.hainaautochina.com/api/vehicle-image/hainaauto/331650027/col_164d8aebb66e3c81.webp,Ford,"https://www.hainaautochina.com/api/vehicle-image/hainaauto/331650027/col_668832e9b8365af5.webp,https://www.hainaautochina.com/api/vehicle-image/hainaauto/331650027/col_0f48ce59968323f2.webp,https://www.hainaautochina.com/api/vehicle-image/hainaauto/331650027/col_f821c205ada7d169.webp",SUV y todoterrenos > Explorer 2025 2.3T,Explorer 2025 2.3T,Venezuela,Ford
hainaauto-886733712,2024 Tiggo 8 2024 - Importacion desde China a Venezuela,"Chery 2024 · 2024 Tiggo 8 · 4.167 km · White · automatic · Disponible en Henan. Vehiculo disponible para compradores en Venezuela, con inspeccion, documentos de exportacion y apoyo logistico de HainaAuto. Stock HA-886733712.",in stock,used,9961.16 USD,https://www.hainaautochina.com/vehicles/hainaauto-886733712,https://www.hainaautochina.com/api/vehicle-image/hainaauto/886733712/col_0ffa83db2dad890a.webp,Chery,"https://www.hainaautochina.com/api/vehicle-image/hainaauto/886733712/col_7ae8e1abef783569.webp,https://www.hainaautochina.com/api/vehicle-image/hainaauto/886733712/col_a863b07fe5a6a0b7.webp,https://www.hainaautochina.com/api/vehicle-image/hainaauto/886733712/col_def0985845b70882.webp",SUV y todoterrenos > 2024 Tiggo 8,2024 Tiggo 8,Venezuela,Chery
cntransit-914814349,2024 Edge 2.0T 2024 - Importacion desde China a Venezuela,"Ford 2024 · 2024 Edge 2.0T · 14.583 km · White · Automatic · Disponible en Guizhou. Vehiculo disponible para compradores en Venezuela, con inspeccion, documentos de exportacion y apoyo logistico de HainaAuto. Stock CN-914814349.",in stock,used,13155.38 USD,https://www.hainaautochina.com/vehicles/cntransit-914814349,https://www.hainaautochina.com/api/vehicle-image/cntransit/914814349/col_e09fde13c47d1179.jpg,Ford,"https://www.hainaautochina.com/api/vehicle-image/cntransit/914814349/col_1063bb80aa2fbe09.jpg,https://www.hainaautochina.com/api/vehicle-image/cntransit/914814349/col_dc2aa03c01432aa3.jpg,https://www.hainaautochina.com/api/vehicle-image/cntransit/914814349/col_40dd984bda0c5257.jpg",SUV y todoterrenos > 2024 Edge 2.0T,2024 Edge 2.0T,Venezuela,Ford
hainaauto-221236113,Edge L HYBRID 2024 - Importacion desde China a Venezuela,"Ford 2024 · Edge L HYBRID · 14.167 km · grey · automatic · Disponible en Chongqing. Vehiculo disponible para compradores en Venezuela, con inspeccion, documentos de exportacion y apoyo logistico de HainaAuto. Stock HA-221236113.",in stock,used,19010.06 USD,https://www.hainaautochina.com/vehicles/hainaauto-221236113,https://www.hainaautochina.com/api/vehicle-image/hainaauto/221236113/col_aa83935e806b4666.webp,Ford,"https://www.hainaautochina.com/api/vehicle-image/hainaauto/221236113/col_8df7ff1b4809305f.webp,https://www.hainaautochina.com/api/vehicle-image/hainaauto/221236113/col_ed5863667abdd1fb.webp,https://www.hainaautochina.com/api/vehicle-image/hainaauto/221236113/col_c9a7f1ade26b983a.webp",SUV y todoterrenos > Edge L HYBRID,Edge L HYBRID,Venezuela,Ford
cntransit-886517686,2024 Edge L 2024 - Importacion desde China a Venezuela,"Ford 2024 · 2024 Edge L · 4.583 km · Black · Automatic · Disponible en Sichuan. Vehiculo disponible para compradores en Venezuela, con inspeccion, documentos de exportacion y apoyo logistico de HainaAuto. Stock CN-886517686.",in stock,used,19910.78 USD,https://www.hainaautochina.com/vehicles/cntransit-886517686,https://www.hainaautochina.com/api/vehicle-image/cntransit/886517686/col_d81e90397cfbaca0.jpg,Ford,"https://www.hainaautochina.com/api/vehicle-image/cntransit/886517686/col_88a78db392cfa825.jpg,https://www.hainaautochina.com/api/vehicle-image/cntransit/886517686/col_1cf13ce7fd76c3c3.jpg,https://www.hainaautochina.com/api/vehicle-image/cntransit/886517686/col_df806befcf076692.jpg",SUV y todoterrenos > 2024 Edge L,2024 Edge L,Venezuela,Ford
cntransit-163316378,2024 Explorer 2.3T 2024 - Importacion desde China a Venezuela,"Ford 2024 · 2024 Explorer 2.3T · 17.917 km · White · Automatic · Disponible en Guangdong. Vehiculo disponible para compradores en Venezuela, con inspeccion, documentos de exportacion y apoyo logistico de HainaAuto. Stock CN-163316378.",in stock,used,27433.46 USD,https://www.hainaautochina.com/vehicles/cntransit-163316378,https://www.hainaautochina.com/api/vehicle-image/cntransit/163316378/col_9789ebfbd67e11a7.jpg,Ford,"https://www.hainaautochina.com/api/vehicle-image/cntransit/163316378/col_93acd1d8ecd1286d.jpg,https://www.hainaautochina.com/api/vehicle-image/cntransit/163316378/col_1cdbb6dae774cc31.jpg,https://www.hainaautochina.com/api/vehicle-image/cntransit/163316378/col_826ee0e5e3257800.jpg",SUV y todoterrenos > 2024 Explorer 2.3T,2024 Explorer 2.3T,Venezuela,Ford
hainaauto-991724581,2023 Territory 2.0T 2023 - Importacion desde China a Venezuela,"Ford 2023 · 2023 Territory 2.0T · 16.250 km · black · automatic · Disponible en Shanghai. Vehiculo disponible para compradores en Venezuela, con inspeccion, documentos de exportacion y apoyo logistico de HainaAuto. Stock HA-991724581.",in stock,used,13589.06 USD,https://www.hainaautochina.com/vehicles/hainaauto-991724581,https://www.hainaautochina.com/api/vehicle-image/hainaauto/991724581/col_06ee2ace2d381977.webp,Ford,"https://www.hainaautochina.com/api/vehicle-image/hainaauto/991724581/col_7e058c822f5bd798.webp,https://www.hainaautochina.com/api/vehicle-image/hainaauto/991724581/col_f161d29d9c358e14.webp,https://www.hainaautochina.com/api/vehicle-image/hainaauto/991724581/col_dc214a3a603a9f6d.webp",SUV y todoterrenos > 2023 Territory 2.0T,2023 Territory 2.0T,Venezuela,Ford
hainaauto-556142466,2023 Edge L 2023 - Importacion desde China a Venezuela,"Ford 2023 · 2023 Edge L · 20.833 km · black · automatic · Disponible en Heilongjiang. Vehiculo disponible para compradores en Venezuela, con inspeccion, documentos de exportacion y apoyo logistico de HainaAuto. Stock HA-556142466.",in stock,used,18926.66 USD,https://www.hainaautochina.com/vehicles/hainaauto-556142466,https://www.hainaautochina.com/api/vehicle-image/hainaauto/556142466/col_94f82ab9c7f6cea9.webp,Ford,"https://www.hainaautochina.com/api/vehicle-image/hainaauto/556142466/col_1bbbde800b0c7b75.webp,https://www.hainaautochina.com/api/vehicle-image/hainaauto/556142466/col_148d78f6bd7cd26d.webp,https://www.hainaautochina.com/api/vehicle-image/hainaauto/556142466/col_3fda97c85678f2c8.webp",SUV y todoterrenos > 2023 Edge L,2023 Edge L,Venezuela,Ford
cntransit-38859698,2023 Explorer 2.3T 2023 - Importacion desde China a Venezuela,"Ford 2023 · 2023 Explorer 2.3T · 18.792 km · Gray · Automatic · Disponible en Guangdong. Vehiculo disponible para compradores en Venezuela, con inspeccion, documentos de exportacion y apoyo logistico de HainaAuto. Stock CN-38859698.",in stock,used,20594.66 USD,https://www.hainaautochina.com/vehicles/cntransit-38859698,https://www.hainaautochina.com/api/vehicle-image/cntransit/38859698/col_1da320b689e8c353.jpg,Ford,"https://www.hainaautochina.com/api/vehicle-image/cntransit/38859698/col_087ed379e28fb894.jpg,https://www.hainaautochina.com/api/vehicle-image/cntransit/38859698/col_e430e278cd81383f.jpg,https://www.hainaautochina.com/api/vehicle-image/cntransit/38859698/col_88543505ad69bd98.jpg",SUV y todoterrenos > 2023 Explorer 2.3T,2023 Explorer 2.3T,Venezuela,Ford
hainaauto-490418561,Explorer EcoBoost 285 2023 - Importacion desde China a Venezuela,"Ford 2023 · Explorer EcoBoost 285 · 26.250 km · black · 10-speed automatic · Disponible en Shanghai. Vehiculo disponible para compradores en Venezuela, con inspeccion, documentos de exportacion y apoyo logistico de HainaAuto. Stock HA-490418561.",in stock,used,23597.06 USD,https://www.hainaautochina.com/vehicles/hainaauto-490418561,https://www.hainaautochina.com/api/vehicle-image/hainaauto/490418561/col_cefb01ff06d96bdd.webp,Ford,"https://www.hainaautochina.com/api/vehicle-image/hainaauto/490418561/col_f370ed29a02755e1.webp,https://www.hainaautochina.com/api/vehicle-image/hainaauto/490418561/col_00293658aa309c8b.webp,https://www.hainaautochina.com/api/vehicle-image/hainaauto/490418561/col_5b7e8135ef5716db.webp",SUV y todoterrenos > Explorer EcoBoost 285,Explorer EcoBoost 285,Venezuela,Ford
hainaauto-333320272,Tucson L 1.5T 2025 - Importacion desde China a Venezuela,"Hyundai 2025 · Tucson L 1.5T · 0 km · White · automatic · Disponible en Henan. Vehiculo disponible para compradores en Venezuela, con inspeccion, documentos de exportacion y apoyo logistico de HainaAuto. Stock HA-333320272.",in stock,new,15657.38 USD,https://www.hainaautochina.com/vehicles/hainaauto-333320272,https://www.hainaautochina.com/api/vehicle-image/hainaauto/333320272/col_6d0e9c20e445ab40.webp,Hyundai,"https://www.hainaautochina.com/api/vehicle-image/hainaauto/333320272/col_fe979ff684590dd3.webp,https://www.hainaautochina.com/api/vehicle-image/hainaauto/333320272/col_d7e34d2a21fdf429.webp,https://www.hainaautochina.com/api/vehicle-image/hainaauto/333320272/col_fcd802e633e8e24b.webp",SUV y todoterrenos > Tucson L 1.5T,Tucson L 1.5T,Venezuela,Hyundai
hainaauto-750534884,2026 Tucson L 2026 - Importacion desde China a Venezuela,"Hyundai 2026 · 2026 Tucson L · 375 km · black · automatic · Disponible en Hebei. Vehiculo disponible para compradores en Venezuela, con inspeccion, documentos de exportacion y apoyo logistico de HainaAuto. Stock HA-750534884.",in stock,used,15657.38 USD,https://www.hainaautochina.com/vehicles/hainaauto-750534884,https://www.hainaautochina.com/api/vehicle-image/hainaauto/750534884/col_2786afff532417df.webp,Hyundai,"https://www.hainaautochina.com/api/vehicle-image/hainaauto/750534884/col_183270f4cd597d22.webp,https://www.hainaautochina.com/api/vehicle-image/hainaauto/750534884/col_b5208c0123f3a289.webp,https://www.hainaautochina.com/api/vehicle-image/hainaauto/750534884/col_cb9ebcbccc8dfa16.webp",SUV y todoterrenos > 2026 Tucson L,2026 Tucson L,Venezuela,Hyundai
hainaauto-327313105,2025 Tucson L 2025 - Importacion desde China a Venezuela,"Hyundai 2025 · 2025 Tucson L · 4.167 km · White · automatic · Disponible en Anhui. Vehiculo disponible para compradores en Venezuela, con inspeccion, documentos de exportacion y apoyo logistico de HainaAuto. Stock HA-327313105.",in stock,used,14798.36 USD,https://www.hainaautochina.com/vehicles/hainaauto-327313105,https://www.hainaautochina.com/api/vehicle-image/hainaauto/327313105/col_69a8d26adfd369e1.webp,Hyundai,"https://www.hainaautochina.com/api/vehicle-image/hainaauto/327313105/col_d74bef0afaf4bad0.webp,https://www.hainaautochina.com/api/vehicle-image/hainaauto/327313105/col_908914a6af6a5740.webp,https://www.hainaautochina.com/api/vehicle-image/hainaauto/327313105/col_2c0ef37dd88c9cd8.webp",SUV y todoterrenos > 2025 Tucson L,2025 Tucson L,Venezuela,Hyundai
hainaauto-756152576,2026 Elantra—Sedan 1.5 2026 - Importacion desde China a Venezuela,"Hyundai 2026 · 2026 Elantra—Sedan 1.5 · 42 km · grey · automatic · Disponible en Henan. Vehiculo disponible para compradores en Venezuela, con inspeccion, documentos de exportacion y apoyo logistico de HainaAuto. Stock HA-756152576.",in stock,new,12404.78 USD,https://www.hainaautochina.com/vehicles/hainaauto-756152576,https://www.hainaautochina.com/api/vehicle-image/hainaauto/756152576/col_7e44b500029caa13.webp,Hyundai,"https://www.hainaautochina.com/api/vehicle-image/hainaauto/756152576/col_27c0e316ff1e2ddc.webp,https://www.hainaautochina.com/api/vehicle-image/hainaauto/756152576/col_a2f4e498c23c6a49.webp,https://www.hainaautochina.com/api/vehicle-image/hainaauto/756152576/col_35fb14b2f1729bb4.webp",Sedanes y hatchbacks > 2026 Elantra—Sedan 1.5,2026 Elantra—Sedan 1.5,Venezuela,Hyundai
hainaauto-578325654,Elantra 2023 1.5L 2023 - Importacion desde China a Venezuela,"Hyundai 2023 · Elantra 2023 1.5L · 42 km · White · CVT continuously variable transmission · Disponible en Henan. Vehiculo disponible para compradores en Venezuela, con inspeccion, documentos de exportacion y apoyo logistico de HainaAuto. Stock HA-578325654.",in stock,new,12404.78 USD,https://www.hainaautochina.com/vehicles/hainaauto-578325654,https://www.hainaautochina.com/api/vehicle-image/hainaauto/578325654/col_512f8b78348d9c62.webp,Hyundai,"https://www.hainaautochina.com/api/vehicle-image/hainaauto/578325654/col_927bbd3d385dd69e.webp,https://www.hainaautochina.com/api/vehicle-image/hainaauto/578325654/col_4f19e4caef29d496.webp,https://www.hainaautochina.com/api/vehicle-image/hainaauto/578325654/col_2f819645c71f0833.webp",Sedanes y hatchbacks > Elantra 2023 1.5L,Elantra 2023 1.5L,Venezuela,Hyundai
hainaauto-44559091,Elantra 1.5L CVT 2023 - Importacion desde China a Venezuela,"Hyundai 2023 · Elantra 1.5L CVT · 32.917 km · White · CVT continuously variable transmission · Disponible en Henan. Vehiculo disponible para compradores en Venezuela, con inspeccion, documentos de exportacion y apoyo logistico de HainaAuto. Stock HA-44559091.",in stock,used,10403.18 USD,https://www.hainaautochina.com/vehicles/hainaauto-44559091,https://www.hainaautochina.com/api/vehicle-image/hainaauto/44559091/col_a12f6acba284b410.webp,Hyundai,"https://www.hainaautochina.com/api/vehicle-image/hainaauto/44559091/col_e33ebaa291bba142.webp,https://www.hainaautochina.com/api/vehicle-image/hainaauto/44559091/col_e29d5bede1a878b8.webp,https://www.hainaautochina.com/api/vehicle-image/hainaauto/44559091/col_3807459199ba28d3.webp",Sedanes y hatchbacks > Elantra 1.5L CVT,Elantra 1.5L CVT,Venezuela,Hyundai
hainaauto-60434824,Elantra 240TGDi DCT 2023 - Importacion desde China a Venezuela,"Hyundai 2023 · Elantra 240TGDi DCT · 10.833 km · grey · 7-speed dry dual-clutch · Disponible en Fujian. Vehiculo disponible para compradores en Venezuela, con inspeccion, documentos de exportacion y apoyo logistico de HainaAuto. Stock HA-60434824.",in stock,used,12237.98 USD,https://www.hainaautochina.com/vehicles/hainaauto-60434824,https://www.hainaautochina.com/api/vehicle-image/hainaauto/60434824/col_e4868e5cf4bb132e.webp,Hyundai,"https://www.hainaautochina.com/api/vehicle-image/hainaauto/60434824/col_4b582bb1c41b79ce.webp,https://www.hainaautochina.com/api/vehicle-image/hainaauto/60434824/col_24e657473e4720c4.webp,https://www.hainaautochina.com/api/vehicle-image/hainaauto/60434824/col_0ed086caf02f7887.webp",Sedanes y hatchbacks > Elantra 240TGDi DCT,Elantra 240TGDi DCT,Venezuela,Hyundai
hainaauto-790313302,Seltos 1.5 CVT 2026 - Importacion desde China a Venezuela,"Kia 2026 · Seltos 1.5 CVT · 42 km · White · automatic · Disponible en Jiangsu. Vehiculo disponible para compradores en Venezuela, con inspeccion, documentos de exportacion y apoyo logistico de HainaAuto. Stock HA-790313302.",in stock,new,13071.98 USD,https://www.hainaautochina.com/vehicles/hainaauto-790313302,https://www.hainaautochina.com/api/vehicle-image/hainaauto/790313302/col_11106539bde11c46.webp,Kia,"https://www.hainaautochina.com/api/vehicle-image/hainaauto/790313302/col_9db3d49382d1dc1a.webp,https://www.hainaautochina.com/api/vehicle-image/hainaauto/790313302/col_dd46158b323a20b6.webp,https://www.hainaautochina.com/api/vehicle-image/hainaauto/790313302/col_27f61b8ae79d6bd8.webp",SUV y todoterrenos > Seltos 1.5 CVT,Seltos 1.5 CVT,Venezuela,Kia
hainaauto-563621378,Song Pro New 2026 - Importacion desde China a Venezuela,"BYD 2026 · Song Pro New · 42 km · White · automatic · Disponible en Hubei. Vehiculo disponible para compradores en Venezuela, con inspeccion, documentos de exportacion y apoyo logistico de HainaAuto. Stock HA-563621378.",in stock,new,14739.98 USD,https://www.hainaautochina.com/vehicles/hainaauto-563621378,https://www.hainaautochina.com/api/vehicle-image/hainaauto/563621378/col_2ed95e6fd8019f91.webp,BYD,"https://www.hainaautochina.com/api/vehicle-image/hainaauto/563621378/col_5531b8d4a36509c9.webp,https://www.hainaautochina.com/api/vehicle-image/hainaauto/563621378/col_3f6943daeb75a62d.webp,https://www.hainaautochina.com/api/vehicle-image/hainaauto/563621378/col_198686c7027ce1c7.webp",SUV y todoterrenos > Song Pro New,Song Pro New,Venezuela,BYD
cntransit-294616318,2025 Sorento Platinum 2025 - Importacion desde China a Venezuela,"Kia 2025 · 2025 Sorento Platinum · 42 km · White · Automatic · Disponible en Hebei. Vehiculo disponible para compradores en Venezuela, con inspeccion, documentos de exportacion y apoyo logistico de HainaAuto. Stock CN-294616318.",in stock,new,15757.46 USD,https://www.hainaautochina.com/vehicles/cntransit-294616318,https://www.hainaautochina.com/api/vehicle-image/cntransit/294616318/col_b5929175789aab8c.jpg,Kia,"https://www.hainaautochina.com/api/vehicle-image/cntransit/294616318/col_60bb279e5fb69e44.jpg,https://www.hainaautochina.com/api/vehicle-image/cntransit/294616318/col_e7f593b2f1c04480.jpg,https://www.hainaautochina.com/api/vehicle-image/cntransit/294616318/col_6849dade14f8916f.jpg",SUV y todoterrenos > 2025 Sorento Platinum,2025 Sorento Platinum,Venezuela,Kia
hainaauto-398713254,2025 Song L 2025 - Importacion desde China a Venezuela,"BYD 2025 · 2025 Song L · 0 km · White · automatic · Disponible en Guangdong. Vehiculo disponible para compradores en Venezuela, con inspeccion, documentos de exportacion y apoyo logistico de HainaAuto. Stock HA-398713254.",in stock,new,16824.98 USD,https://www.hainaautochina.com/vehicles/hainaauto-398713254,https://www.hainaautochina.com/api/vehicle-image/hainaauto/398713254/col_93462f708cb157bf.webp,BYD,"https://www.hainaautochina.com/api/vehicle-image/hainaauto/398713254/col_7ecffa932012440b.webp,https://www.hainaautochina.com/api/vehicle-image/hainaauto/398713254/col_a905b8dd797d40a3.webp,https://www.hainaautochina.com/api/vehicle-image/hainaauto/398713254/col_58f838d300f9943f.webp",SUV y todoterrenos > 2025 Song L,2025 Song L,Venezuela,BYD
hainaauto-473250826,2026 Sorento 1.5T 2026 - Importacion desde China a Venezuela,"Kia 2026 · 2026 Sorento 1.5T · 792 km · White · automatic · Disponible en Shanxi. Vehiculo disponible para compradores en Venezuela, con inspeccion, documentos de exportacion y apoyo logistico de HainaAuto. Stock HA-473250826.",in stock,used,15907.58 USD,https://www.hainaautochina.com/vehicles/hainaauto-473250826,https://www.hainaautochina.com/api/vehicle-image/hainaauto/473250826/col_b3147e6b37edb059.webp,Kia,"https://www.hainaautochina.com/api/vehicle-image/hainaauto/473250826/col_176786cc4eb1f831.webp,https://www.hainaautochina.com/api/vehicle-image/hainaauto/473250826/col_3874e0400fb0fdcd.webp,https://www.hainaautochina.com/api/vehicle-image/hainaauto/473250826/col_663624a0c3d3b513.webp",SUV y todoterrenos > 2026 Sorento 1.5T,2026 Sorento 1.5T,Venezuela,Kia
hainaauto-749947844,Yuan PLUS 2025 2025 - Importacion desde China a Venezuela,"BYD 2025 · Yuan PLUS 2025 · 6.667 km · grey · automatic · Disponible en Jiangxi. Vehiculo disponible para compradores en Venezuela, con inspeccion, documentos de exportacion y apoyo logistico de HainaAuto. Stock HA-749947844.",in stock,used,13046.96 USD,https://www.hainaautochina.com/vehicles/hainaauto-749947844,https://www.hainaautochina.com/api/vehicle-image/hainaauto/749947844/col_a4764bd5137db8f2.webp,BYD,"https://www.hainaautochina.com/api/vehicle-image/hainaauto/749947844/col_35f334102ae94736.webp,https://www.hainaautochina.com/api/vehicle-image/hainaauto/749947844/col_5caaacdb79dbb10d.webp,https://www.hainaautochina.com/api/vehicle-image/hainaauto/749947844/col_67e045e903905bb5.webp",SUV y todoterrenos > Yuan PLUS 2025,Yuan PLUS 2025,Venezuela,BYD
hainaauto-934210478,Sorento 2.0T FWD 2025 - Importacion desde China a Venezuela,"Kia 2025 · Sorento 2.0T FWD · 7.917 km · black · automatic · Disponible en Jiangsu. Vehiculo disponible para compradores en Venezuela, con inspeccion, documentos de exportacion y apoyo logistico de HainaAuto. Stock HA-934210478.",in stock,used,15257.06 USD,https://www.hainaautochina.com/vehicles/hainaauto-934210478,https://www.hainaautochina.com/api/vehicle-image/hainaauto/934210478/col_730b907039e7830f.webp,Kia,"https://www.hainaautochina.com/api/vehicle-image/hainaauto/934210478/col_7f886fa36e2bbc1f.webp,https://www.hainaautochina.com/api/vehicle-image/hainaauto/934210478/col_2ad3d3aacd692d19.webp,https://www.hainaautochina.com/api/vehicle-image/hainaauto/934210478/col_c5e650640a337d15.webp",SUV y todoterrenos > Sorento 2.0T FWD,Sorento 2.0T FWD,Venezuela,Kia
hainaauto-632927484,Yuan PLUS 2024 2024 - Importacion desde China a Venezuela,"BYD 2024 · Yuan PLUS 2024 · 16.250 km · grey · automatic · Disponible en Henan. Vehiculo disponible para compradores en Venezuela, con inspeccion, documentos de exportacion y apoyo logistico de HainaAuto. Stock HA-632927484.",in stock,used,11253.86 USD,https://www.hainaautochina.com/vehicles/hainaauto-632927484,https://www.hainaautochina.com/api/vehicle-image/hainaauto/632927484/col_21657bcfc01b7fb0.webp,BYD,"https://www.hainaautochina.com/api/vehicle-image/hainaauto/632927484/col_2cc01a9da6ca8ab2.webp,https://www.hainaautochina.com/api/vehicle-image/hainaauto/632927484/col_78dcfd2953f7598c.webp,https://www.hainaautochina.com/api/vehicle-image/hainaauto/632927484/col_280600c9ff5cd09d.webp",SUV y todoterrenos > Yuan PLUS 2024,Yuan PLUS 2024,Venezuela,BYD
hainaauto-155635053,2024 Song L 2024 - Importacion desde China a Venezuela,"BYD 2024 · 2024 Song L · 8.333 km · grey · automatic · Disponible en Shandong. Vehiculo disponible para compradores en Venezuela, con inspeccion, documentos de exportacion y apoyo logistico de HainaAuto. Stock HA-155635053.",in stock,used,11921.06 USD,https://www.hainaautochina.com/vehicles/hainaauto-155635053,https://www.hainaautochina.com/api/vehicle-image/hainaauto/155635053/col_e226672a9395a8c6.webp,BYD,"https://www.hainaautochina.com/api/vehicle-image/hainaauto/155635053/col_49e0e63da57fe289.webp,https://www.hainaautochina.com/api/vehicle-image/hainaauto/155635053/col_c39fa895304fa8d0.webp,https://www.hainaautochina.com/api/vehicle-image/hainaauto/155635053/col_e6aaa59ac76ad1df.webp",SUV y todoterrenos > 2024 Song L,2024 Song L,Venezuela,BYD
hainaauto-375717715,2023 X70 PLUS 2023 - Importacion desde China a Venezuela,"Jetour 2023 · 2023 X70 PLUS · 16.667 km · black · Manual · Disponible en Tianjin. Vehiculo disponible para compradores en Venezuela, con inspeccion, documentos de exportacion y apoyo logistico de HainaAuto. Stock HA-375717715.",in stock,used,10069.58 USD,https://www.hainaautochina.com/vehicles/hainaauto-375717715,https://www.hainaautochina.com/api/vehicle-image/hainaauto/375717715/col_608a4fe4fcfe21da.webp,Jetour,"https://www.hainaautochina.com/api/vehicle-image/hainaauto/375717715/col_5193310ddd2a111f.webp,https://www.hainaautochina.com/api/vehicle-image/hainaauto/375717715/col_be67d73a2edd3c3d.webp,https://www.hainaautochina.com/api/vehicle-image/hainaauto/375717715/col_cb5fd61abebebacf.webp",SUV y todoterrenos > 2023 X70 PLUS,2023 X70 PLUS,Venezuela,Jetour
hainaauto-502320558,2023 Song Pro 2023 - Importacion desde China a Venezuela,"BYD 2023 · 2023 Song Pro · 27.917 km · White · automatic · Disponible en Beijing. Vehiculo disponible para compradores en Venezuela, con inspeccion, documentos de exportacion y apoyo logistico de HainaAuto. Stock HA-502320558.",in stock,used,10086.26 USD,https://www.hainaautochina.com/vehicles/hainaauto-502320558,https://www.hainaautochina.com/api/vehicle-image/hainaauto/502320558/col_05436e9400a8c172.webp,BYD,"https://www.hainaautochina.com/api/vehicle-image/hainaauto/502320558/col_9d910041a6d36de6.webp,https://www.hainaautochina.com/api/vehicle-image/hainaauto/502320558/col_f4e832981bb3a925.webp,https://www.hainaautochina.com/api/vehicle-image/hainaauto/502320558/col_a38b405d06867b86.webp",SUV y todoterrenos > 2023 Song Pro,2023 Song Pro,Venezuela,BYD
hainaauto-538633190,Tiggo 7 2023 2023 - Importacion desde China a Venezuela,"Chery 2023 · Tiggo 7 2023 · 6.667 km · White · CVT continuously variable transmission (simulating 9 gears) · Disponible en Sichuan. Vehiculo disponible para compradores en Venezuela, con inspeccion, documentos de exportacion y apoyo logistico de HainaAuto. Stock HA-538633190.",in stock,used,10569.98 USD,https://www.hainaautochina.com/vehicles/hainaauto-538633190,https://www.hainaautochina.com/api/vehicle-image/hainaauto/538633190/col_e9033360d53c08c2.webp,Chery,"https://www.hainaautochina.com/api/vehicle-image/hainaauto/538633190/col_1bad7737ddff9b1d.webp,https://www.hainaautochina.com/api/vehicle-image/hainaauto/538633190/col_75d720fc86d6e473.webp,https://www.hainaautochina.com/api/vehicle-image/hainaauto/538633190/col_9e48ef22dab27786.webp",SUV y todoterrenos > Tiggo 7 2023,Tiggo 7 2023,Venezuela,Chery
cntransit-34959974,Tiggo 7 Super 2023 - Importacion desde China a Venezuela,"Chery 2023 · Tiggo 7 Super · 15.000 km · White · CVT (Continuously Variable Transmission; simulated 9-speed) · Disponible en Henan. Vehiculo disponible para compradores en Venezuela, con inspeccion, documentos de exportacion y apoyo logistico de HainaAuto. Stock CN-34959974.",in stock,used,11237.18 USD,https://www.hainaautochina.com/vehicles/cntransit-34959974,https://www.hainaautochina.com/api/vehicle-image/cntransit/34959974/col_9f6ee8fd5fc84b2d.jpg,Chery,"https://www.hainaautochina.com/api/vehicle-image/cntransit/34959974/col_6707c916434d3d59.jpg,https://www.hainaautochina.com/api/vehicle-image/cntransit/34959974/col_14149f3a39df5532.jpg,https://www.hainaautochina.com/api/vehicle-image/cntransit/34959974/col_f75f4a401ff2a68d.jpg",SUV y todoterrenos > Tiggo 7 Super,Tiggo 7 Super,Venezuela,Chery
hainaauto-551145363,Yuan PLUS 2023 2023 - Importacion desde China a Venezuela,"BYD 2023 · Yuan PLUS 2023 · 18.958 km · grey · automatic · Disponible en Beijing. Vehiculo disponible para compradores en Venezuela, con inspeccion, documentos de exportacion y apoyo logistico de HainaAuto. Stock HA-551145363.",in stock,used,11587.46 USD,https://www.hainaautochina.com/vehicles/hainaauto-551145363,https://www.hainaautochina.com/api/vehicle-image/hainaauto/551145363/col_bf204382d8e1c221.webp,BYD,"https://www.hainaautochina.com/api/vehicle-image/hainaauto/551145363/col_fe89be45c9212595.webp,https://www.hainaautochina.com/api/vehicle-image/hainaauto/551145363/col_bf0d8bc95e47f71b.webp,https://www.hainaautochina.com/api/vehicle-image/hainaauto/551145363/col_96db09401462c7ab.webp",SUV y todoterrenos > Yuan PLUS 2023,Yuan PLUS 2023,Venezuela,BYD
hainaauto-418635211,X70 PLUS 2023 2023 - Importacion desde China a Venezuela,"Jetour 2023 · X70 PLUS 2023 · 9.583 km · White · 6-speed wet dual-clutch · Disponible en Hebei. Vehiculo disponible para compradores en Venezuela, con inspeccion, documentos de exportacion y apoyo logistico de HainaAuto. Stock HA-418635211.",in stock,used,11921.06 USD,https://www.hainaautochina.com/vehicles/hainaauto-418635211,https://www.hainaautochina.com/api/vehicle-image/hainaauto/418635211/col_1efaaf9e12168297.webp,Jetour,"https://www.hainaautochina.com/api/vehicle-image/hainaauto/418635211/col_f4fc70e652099840.webp,https://www.hainaautochina.com/api/vehicle-image/hainaauto/418635211/col_b7c3eea0876d5e56.webp,https://www.hainaautochina.com/api/vehicle-image/hainaauto/418635211/col_ac072ae08c2dce14.webp",SUV y todoterrenos > X70 PLUS 2023,X70 PLUS 2023,Venezuela,Jetour
hainaauto-081539354,2024 Qin PLUS 2024 - Importacion desde China a Venezuela,"BYD 2024 · 2024 Qin PLUS · 42 km · grey · automatic · Disponible en Sichuan. Vehiculo disponible para compradores en Venezuela, con inspeccion, documentos de exportacion y apoyo logistico de HainaAuto. Stock HA-081539354.",in stock,new,13922.66 USD,https://www.hainaautochina.com/vehicles/hainaauto-081539354,https://www.hainaautochina.com/api/vehicle-image/hainaauto/081539354/col_f643bb5fbc38ca93.webp,BYD,"https://www.hainaautochina.com/api/vehicle-image/hainaauto/081539354/col_c4fc2f92d238e59d.webp,https://www.hainaautochina.com/api/vehicle-image/hainaauto/081539354/col_833575bf263fafd8.webp,https://www.hainaautochina.com/api/vehicle-image/hainaauto/081539354/col_43c4db51c167855c.webp",Sedanes y hatchbacks > 2024 Qin PLUS,2024 Qin PLUS,Venezuela,BYD
hainaauto-967129576,2026 Qin L 2026 - Importacion desde China a Venezuela,"BYD 2026 · 2026 Qin L · 1.667 km · White · automatic · Disponible en Hebei. Vehiculo disponible para compradores en Venezuela, con inspeccion, documentos de exportacion y apoyo logistico de HainaAuto. Stock HA-967129576.",in stock,used,13922.66 USD,https://www.hainaautochina.com/vehicles/hainaauto-967129576,https://www.hainaautochina.com/api/vehicle-image/hainaauto/967129576/col_2640304c614d7b21.webp,BYD,"https://www.hainaautochina.com/api/vehicle-image/hainaauto/967129576/col_e03fb882fcaf65d9.webp,https://www.hainaautochina.com/api/vehicle-image/hainaauto/967129576/col_363bf5f3fa36d0bb.webp,https://www.hainaautochina.com/api/vehicle-image/hainaauto/967129576/col_7d3ac032d3445762.webp",Sedanes y hatchbacks > 2026 Qin L,2026 Qin L,Venezuela,BYD
hainaauto-747639864,CLE (Imported) 2026 2026 - Importacion desde China a Venezuela,"Mercedes-Benz 2026 · CLE (Imported) 2026 · 3.750 km · White · automatic · Disponible en Jiangsu. Vehiculo disponible para compradores en Venezuela, con inspeccion, documentos de exportacion y apoyo logistico de HainaAuto. Stock HA-747639864.",in stock,used,39026.06 USD,https://www.hainaautochina.com/vehicles/hainaauto-747639864,https://www.hainaautochina.com/api/vehicle-image/hainaauto/747639864/col_9b8fd1ea3fd6ea92.webp,Mercedes-Benz,"https://www.hainaautochina.com/api/vehicle-image/hainaauto/747639864/col_ed5a544bec0686b7.webp,https://www.hainaautochina.com/api/vehicle-image/hainaauto/747639864/col_f8d956d9a8732108.webp,https://www.hainaautochina.com/api/vehicle-image/hainaauto/747639864/col_2bf590d5e9790592.webp",Superautos y deportivos > CLE (Imported) 2026,CLE (Imported) 2026,Venezuela,Mercedes-Benz
hainaauto-213845540,2025 Qin PLUS 2025 - Importacion desde China a Venezuela,"BYD 2025 · 2025 Qin PLUS · 3.208 km · grey · automatic · Disponible en Guangdong. Vehiculo disponible para compradores en Venezuela, con inspeccion, documentos de exportacion y apoyo logistico de HainaAuto. Stock HA-213845540.",in stock,used,11570.78 USD,https://www.hainaautochina.com/vehicles/hainaauto-213845540,https://www.hainaautochina.com/api/vehicle-image/hainaauto/213845540/col_3263a107bc4e41dd.webp,BYD,"https://www.hainaautochina.com/api/vehicle-image/hainaauto/213845540/col_a7ea2fa7336e3de1.webp,https://www.hainaautochina.com/api/vehicle-image/hainaauto/213845540/col_570d6fdca84ce6ea.webp,https://www.hainaautochina.com/api/vehicle-image/hainaauto/213845540/col_7e5edf5281b76121.webp",Sedanes y hatchbacks > 2025 Qin PLUS,2025 Qin PLUS,Venezuela,BYD
hainaauto-105736491,2025 Qin L 2025 - Importacion desde China a Venezuela,"BYD 2025 · 2025 Qin L · 2.917 km · White · automatic · Disponible en Jiangsu. Vehiculo disponible para compradores en Venezuela, con inspeccion, documentos de exportacion y apoyo logistico de HainaAuto. Stock HA-105736491.",in stock,used,13405.58 USD,https://www.hainaautochina.com/vehicles/hainaauto-105736491,https://www.hainaautochina.com/api/vehicle-image/hainaauto/105736491/col_1b5ae4674c8171c1.webp,BYD,"https://www.hainaautochina.com/api/vehicle-image/hainaauto/105736491/col_be0a2c0343c4ffec.webp,https://www.hainaautochina.com/api/vehicle-image/hainaauto/105736491/col_d027ca9d7242487d.webp,https://www.hainaautochina.com/api/vehicle-image/hainaauto/105736491/col_85fdff696f55b93a.webp",Sedanes y hatchbacks > 2025 Qin L,2025 Qin L,Venezuela,BYD
hainaauto-759515429,JCW Cabrio (Imported) 2025 - Importacion desde China a Venezuela,"MINI 2025 · JCW Cabrio (Imported) · 2.500 km · Beige · automatic · Disponible en Zhejiang. Vehiculo disponible para compradores en Venezuela, con inspeccion, documentos de exportacion y apoyo logistico de HainaAuto. Stock HA-759515429.",in stock,used,34689.26 USD,https://www.hainaautochina.com/vehicles/hainaauto-759515429,https://www.hainaautochina.com/api/vehicle-image/hainaauto/759515429/col_a79f77a073cf61e2.webp,MINI,"https://www.hainaautochina.com/api/vehicle-image/hainaauto/759515429/col_12d0b9e770009554.webp,https://www.hainaautochina.com/api/vehicle-image/hainaauto/759515429/col_83f7e53543e66040.webp,https://www.hainaautochina.com/api/vehicle-image/hainaauto/759515429/col_fd5b0fe21ed58a6f.webp",Superautos y deportivos > JCW Cabrio (Imported),JCW Cabrio (Imported),Venezuela,MINI
hainaauto-119143756,2023 Qin PLUS 2023 - Importacion desde China a Venezuela,"BYD 2023 · 2023 Qin PLUS · 45.833 km · White · automatic · Disponible en Hubei. Vehiculo disponible para compradores en Venezuela, con inspeccion, documentos de exportacion y apoyo logistico de HainaAuto. Stock HA-119143756.",in stock,used,8835.26 USD,https://www.hainaautochina.com/vehicles/hainaauto-119143756,https://www.hainaautochina.com/api/vehicle-image/hainaauto/119143756/col_50be33cde11f29bd.webp,BYD,"https://www.hainaautochina.com/api/vehicle-image/hainaauto/119143756/col_e45b972ff307d52a.webp,https://www.hainaautochina.com/api/vehicle-image/hainaauto/119143756/col_b673a25bdf277147.webp,https://www.hainaautochina.com/api/vehicle-image/hainaauto/119143756/col_150f904371927786.webp",Sedanes y hatchbacks > 2023 Qin PLUS,2023 Qin PLUS,Venezuela,BYD
hainaauto-503919923,2023 Facelift II 2023 - Importacion desde China a Venezuela,"MINI 2023 · 2023 Facelift II · 6.167 km · black · 7-speed wet dual-clutch · Disponible en Sichuan. Vehiculo disponible para compradores en Venezuela, con inspeccion, documentos de exportacion y apoyo logistico de HainaAuto. Stock HA-503919923.",in stock,used,26933.06 USD,https://www.hainaautochina.com/vehicles/hainaauto-503919923,https://www.hainaautochina.com/api/vehicle-image/hainaauto/503919923/col_cd5497ffe83409f1.webp,MINI,"https://www.hainaautochina.com/api/vehicle-image/hainaauto/503919923/col_ff276f8af5084cd2.webp,https://www.hainaautochina.com/api/vehicle-image/hainaauto/503919923/col_49377887a39cbe56.webp,https://www.hainaautochina.com/api/vehicle-image/hainaauto/503919923/col_a6cf3a53c837c91b.webp",Superautos y deportivos > 2023 Facelift II,2023 Facelift II,Venezuela,MINI
cntransit-622811462,2027 Tiggo 9 2027 - Importacion desde China a Venezuela,"Chery 2027 · 2027 Tiggo 9 · 42 km · Gray · Automatic · Disponible en Chongqing. Vehiculo disponible para compradores en Venezuela, con inspeccion, documentos de exportacion y apoyo logistico de HainaAuto. Stock CN-622811462.",in stock,new,18176.06 USD,https://www.hainaautochina.com/vehicles/cntransit-622811462,https://www.hainaautochina.com/api/vehicle-image/cntransit/622811462/col_c2b6da555c251e03.jpg,Chery,"https://www.hainaautochina.com/api/vehicle-image/cntransit/622811462/col_aa4f8e01a2dc1f69.jpg,https://www.hainaautochina.com/api/vehicle-image/cntransit/622811462/col_f4b8861491e5042b.jpg,https://www.hainaautochina.com/api/vehicle-image/cntransit/622811462/col_2ffe7d25c279517b.jpg",SUV y todoterrenos > 2027 Tiggo 9,2027 Tiggo 9,Venezuela,Chery
hainaauto-930024215,2026 Tiggo 9X 2026 - Importacion desde China a Venezuela,"Chery 2026 · 2026 Tiggo 9X · 0 km · black · automatic · Disponible en Henan. Vehiculo disponible para compradores en Venezuela, con inspeccion, documentos de exportacion y apoyo logistico de HainaAuto. Stock HA-930024215.",in stock,new,14239.58 USD,https://www.hainaautochina.com/vehicles/hainaauto-930024215,https://www.hainaautochina.com/api/vehicle-image/hainaauto/930024215/col_c816d22b5c98399a.webp,Chery,"https://www.hainaautochina.com/api/vehicle-image/hainaauto/930024215/col_07bfeb9ade169cbd.webp,https://www.hainaautochina.com/api/vehicle-image/hainaauto/930024215/col_90d94f880dd927d5.webp,https://www.hainaautochina.com/api/vehicle-image/hainaauto/930024215/col_bc53072510137980.webp",SUV y todoterrenos > 2026 Tiggo 9X,2026 Tiggo 9X,Venezuela,Chery
hainaauto-229827750,2025 Tiggo 8 2025 - Importacion desde China a Venezuela,"Chery 2025 · 2025 Tiggo 8 · 42 km · grey · automatic · Disponible en Henan. Vehiculo disponible para compradores en Venezuela, con inspeccion, documentos de exportacion y apoyo logistico de HainaAuto. Stock HA-229827750.",in stock,new,12821.78 USD,https://www.hainaautochina.com/vehicles/hainaauto-229827750,https://www.hainaautochina.com/api/vehicle-image/hainaauto/229827750/col_87a64d7760f513f9.webp,Chery,"https://www.hainaautochina.com/api/vehicle-image/hainaauto/229827750/col_3a32e3f5de8c49d4.webp,https://www.hainaautochina.com/api/vehicle-image/hainaauto/229827750/col_a3b5182f77a841f7.webp,https://www.hainaautochina.com/api/vehicle-image/hainaauto/229827750/col_339831e29ba4958a.webp",SUV y todoterrenos > 2025 Tiggo 8,2025 Tiggo 8,Venezuela,Chery
cntransit-999911066,2025 Tiggo 7 2025 - Importacion desde China a Venezuela,"Chery 2025 · 2025 Tiggo 7 · 42 km · Gray · Automatic · Disponible en Hunan. Vehiculo disponible para compradores en Venezuela, con inspeccion, documentos de exportacion y apoyo logistico de HainaAuto. Stock CN-999911066.",in stock,new,13989.38 USD,https://www.hainaautochina.com/vehicles/cntransit-999911066,https://www.hainaautochina.com/api/vehicle-image/cntransit/999911066/col_1ceceec64940f4b6.jpg,Chery,"https://www.hainaautochina.com/api/vehicle-image/cntransit/999911066/col_73e26a185d4595f2.jpg,https://www.hainaautochina.com/api/vehicle-image/cntransit/999911066/col_fbcb476e63982114.jpg,https://www.hainaautochina.com/api/vehicle-image/cntransit/999911066/col_4b6616e47fd00a9c.jpg",SUV y todoterrenos > 2025 Tiggo 7,2025 Tiggo 7,Venezuela,Chery
hainaauto-60929125,2025 Tiggo 9 2025 - Importacion desde China a Venezuela,"Chery 2025 · 2025 Tiggo 9 · 42 km · black · automatic · Disponible en Anhui. Vehiculo disponible para compradores en Venezuela, con inspeccion, documentos de exportacion y apoyo logistico de HainaAuto. Stock HA-60929125.",in stock,new,15257.06 USD,https://www.hainaautochina.com/vehicles/hainaauto-60929125,https://www.hainaautochina.com/api/vehicle-image/hainaauto/60929125/col_767e5bd1fc43f8dd.webp,Chery,"https://www.hainaautochina.com/api/vehicle-image/hainaauto/60929125/col_875846174df3d2ef.webp,https://www.hainaautochina.com/api/vehicle-image/hainaauto/60929125/col_b242678c49cfee1f.webp,https://www.hainaautochina.com/api/vehicle-image/hainaauto/60929125/col_4809d2ace95d1b64.webp",SUV y todoterrenos > 2025 Tiggo 9,2025 Tiggo 9,Venezuela,Chery
hainaauto-368421926,"Tiggo 7, Chery 2026 - Importacion desde China a Venezuela","Chery 2026 · Tiggo 7, Chery · 417 km · grey · automatic · Disponible en Qinghai. Vehiculo disponible para compradores en Venezuela, con inspeccion, documentos de exportacion y apoyo logistico de HainaAuto. Stock HA-368421926.",in stock,used,12755.06 USD,https://www.hainaautochina.com/vehicles/hainaauto-368421926,https://www.hainaautochina.com/api/vehicle-image/hainaauto/368421926/col_8f4380e7dcaaba30.webp,Chery,"https://www.hainaautochina.com/api/vehicle-image/hainaauto/368421926/col_bc9fd16bd015e23d.webp,https://www.hainaautochina.com/api/vehicle-image/hainaauto/368421926/col_9b51e6c187821f1a.webp,https://www.hainaautochina.com/api/vehicle-image/hainaauto/368421926/col_1b5e0c98b375a950.webp","SUV y todoterrenos > Tiggo 7, Chery","Tiggo 7, Chery",Venezuela,Chery
hainaauto-076347360,2026 Tiggo 8 2026 - Importacion desde China a Venezuela,"Chery 2026 · 2026 Tiggo 8 · 9.167 km · green · automatic · Disponible en Gansu. Vehiculo disponible para compradores en Venezuela, con inspeccion, documentos de exportacion y apoyo logistico de HainaAuto. Stock HA-076347360.",in stock,used,12821.78 USD,https://www.hainaautochina.com/vehicles/hainaauto-076347360,https://www.hainaautochina.com/api/vehicle-image/hainaauto/076347360/col_875c55ae5548159b.webp,Chery,"https://www.hainaautochina.com/api/vehicle-image/hainaauto/076347360/col_633f2a0ed2da0fff.webp,https://www.hainaautochina.com/api/vehicle-image/hainaauto/076347360/col_e31903d88c99e2e5.webp,https://www.hainaautochina.com/api/vehicle-image/hainaauto/076347360/col_cd40f7b65cd19a98.webp",SUV y todoterrenos > 2026 Tiggo 8,2026 Tiggo 8,Venezuela,Chery
hainaauto-019752240,2026 Tiggo 9 2026 - Importacion desde China a Venezuela,"Chery 2026 · 2026 Tiggo 9 · 1.250 km · White · automatic · Disponible en Liaoning. Vehiculo disponible para compradores en Venezuela, con inspeccion, documentos de exportacion y apoyo logistico de HainaAuto. Stock HA-019752240.",in stock,used,15423.86 USD,https://www.hainaautochina.com/vehicles/hainaauto-019752240,https://www.hainaautochina.com/api/vehicle-image/hainaauto/019752240/col_8a14269d0a45f1e9.webp,Chery,"https://www.hainaautochina.com/api/vehicle-image/hainaauto/019752240/col_ecb76628ff491667.webp,https://www.hainaautochina.com/api/vehicle-image/hainaauto/019752240/col_3968051954a16a10.webp,https://www.hainaautochina.com/api/vehicle-image/hainaauto/019752240/col_a6a2570057cdb350.webp",SUV y todoterrenos > 2026 Tiggo 9,2026 Tiggo 9,Venezuela,Chery
cntransit-081013317,Tiggo 8 PLUS 2025 - Importacion desde China a Venezuela,"Chery 2025 · Tiggo 8 PLUS · 9.583 km · Gray · 7-speed wet dual-clutch transmission · Disponible en Guangdong. Vehiculo disponible para compradores en Venezuela, con inspeccion, documentos de exportacion y apoyo logistico de HainaAuto. Stock CN-081013317.",in stock,used,11420.66 USD,https://www.hainaautochina.com/vehicles/cntransit-081013317,https://www.hainaautochina.com/api/vehicle-image/cntransit/081013317/col_eff25a00b907798b.jpg,Chery,"https://www.hainaautochina.com/api/vehicle-image/cntransit/081013317/col_920e84a24ae071d7.jpg,https://www.hainaautochina.com/api/vehicle-image/cntransit/081013317/col_ef1bf7ff6b08a0c5.jpg,https://www.hainaautochina.com/api/vehicle-image/cntransit/081013317/col_56a10d4deef05a83.jpg",SUV y todoterrenos > Tiggo 8 PLUS,Tiggo 8 PLUS,Venezuela,Chery
cntransit-685913165,Tiggo 7 PLUS 2025 - Importacion desde China a Venezuela,"Chery 2025 · Tiggo 7 PLUS · 17.083 km · Gray · Automatic · Disponible en Sichuan. Vehiculo disponible para compradores en Venezuela, con inspeccion, documentos de exportacion y apoyo logistico de HainaAuto. Stock CN-685913165.",in stock,used,12004.46 USD,https://www.hainaautochina.com/vehicles/cntransit-685913165,https://www.hainaautochina.com/api/vehicle-image/cntransit/685913165/col_852b91856c64b528.jpg,Chery,"https://www.hainaautochina.com/api/vehicle-image/cntransit/685913165/col_6c15f2e06ecc6ba3.jpg,https://www.hainaautochina.com/api/vehicle-image/cntransit/685913165/col_27cb869c3fc36ed7.jpg,https://www.hainaautochina.com/api/vehicle-image/cntransit/685913165/col_35158deeb7c553c0.jpg",SUV y todoterrenos > Tiggo 7 PLUS,Tiggo 7 PLUS,Venezuela,Chery
cntransit-505413803,Tiggo 7 1.5T 2024 - Importacion desde China a Venezuela,"Chery 2024 · Tiggo 7 1.5T · 7.083 km · White · CVT (Continuously Variable Transmission; simulated 9-speed) · Disponible en Henan. Vehiculo disponible para compradores en Venezuela, con inspeccion, documentos de exportacion y apoyo logistico de HainaAuto. Stock CN-505413803.",in stock,used,10253.06 USD,https://www.hainaautochina.com/vehicles/cntransit-505413803,https://www.hainaautochina.com/api/vehicle-image/cntransit/505413803/col_d627f339fdb1e502.jpg,Chery,"https://www.hainaautochina.com/api/vehicle-image/cntransit/505413803/col_52cee7d0fea1b9fb.jpg,https://www.hainaautochina.com/api/vehicle-image/cntransit/505413803/col_65fb86508f085e5d.jpg,https://www.hainaautochina.com/api/vehicle-image/cntransit/505413803/col_d45c8adfd007d243.jpg",SUV y todoterrenos > Tiggo 7 1.5T,Tiggo 7 1.5T,Venezuela,Chery
hainaauto-567829874,Tiggo 8 PRO 2024 - Importacion desde China a Venezuela,"Chery 2024 · Tiggo 8 PRO · 6.250 km · green · 7-speed wet dual-clutch · Disponible en Guizhou. Vehiculo disponible para compradores en Venezuela, con inspeccion, documentos de exportacion y apoyo logistico de HainaAuto. Stock HA-567829874.",in stock,used,10319.78 USD,https://www.hainaautochina.com/vehicles/hainaauto-567829874,https://www.hainaautochina.com/api/vehicle-image/hainaauto/567829874/col_32911e4bfcdc6f1f.webp,Chery,"https://www.hainaautochina.com/api/vehicle-image/hainaauto/567829874/col_840e274d0ce341ea.webp,https://www.hainaautochina.com/api/vehicle-image/hainaauto/567829874/col_850494c98b29c2bb.webp,https://www.hainaautochina.com/api/vehicle-image/hainaauto/567829874/col_8dce78107a93f42c.webp",SUV y todoterrenos > Tiggo 8 PRO,Tiggo 8 PRO,Venezuela,Chery
cntransit-478310754,2024 Tiggo 7 2024 - Importacion desde China a Venezuela,"Chery 2024 · 2024 Tiggo 7 · 8.750 km · White · Automatic · Disponible en Beijing. Vehiculo disponible para compradores en Venezuela, con inspeccion, documentos de exportacion y apoyo logistico de HainaAuto. Stock CN-478310754.",in stock,used,10586.66 USD,https://www.hainaautochina.com/vehicles/cntransit-478310754,https://www.hainaautochina.com/api/vehicle-image/cntransit/478310754/col_fe46e7d8dbc6f7e2.jpg,Chery,"https://www.hainaautochina.com/api/vehicle-image/cntransit/478310754/col_c0a915c44e2f3913.jpg,https://www.hainaautochina.com/api/vehicle-image/cntransit/478310754/col_a639deaefe4c855b.jpg,https://www.hainaautochina.com/api/vehicle-image/cntransit/478310754/col_3a9ee3296dba4380.jpg",SUV y todoterrenos > 2024 Tiggo 7,2024 Tiggo 7,Venezuela,Chery
cntransit-234210438,Tiggo 8 Glory 2024 - Importacion desde China a Venezuela,"Chery 2024 · Tiggo 8 Glory · 29.167 km · White · 6-speed wet dual-clutch transmission · Disponible en Chongqing. Vehiculo disponible para compradores en Venezuela, con inspeccion, documentos de exportacion y apoyo logistico de HainaAuto. Stock CN-234210438.",in stock,used,10670.06 USD,https://www.hainaautochina.com/vehicles/cntransit-234210438,https://www.hainaautochina.com/api/vehicle-image/cntransit/234210438/col_526cd768d46a8e89.jpg,Chery,"https://www.hainaautochina.com/api/vehicle-image/cntransit/234210438/col_ed63cc877afbeb4c.jpg,https://www.hainaautochina.com/api/vehicle-image/cntransit/234210438/col_7c77b18bf71770c6.jpg,https://www.hainaautochina.com/api/vehicle-image/cntransit/234210438/col_ad5315c1f7389c50.jpg",SUV y todoterrenos > Tiggo 8 Glory,Tiggo 8 Glory,Venezuela,Chery
cntransit-49176325,Tiggo 8 230TCI 2024 - Importacion desde China a Venezuela,"Chery 2024 · Tiggo 8 230TCI · 10.833 km · Gray · 6-speed wet dual-clutch transmission · Disponible en Anhui. Vehiculo disponible para compradores en Venezuela, con inspeccion, documentos de exportacion y apoyo logistico de HainaAuto. Stock CN-49176325.",in stock,used,10753.46 USD,https://www.hainaautochina.com/vehicles/cntransit-49176325,https://www.hainaautochina.com/api/vehicle-image/cntransit/49176325/col_c1391c68c5faefa4.jpg,Chery,"https://www.hainaautochina.com/api/vehicle-image/cntransit/49176325/col_55c22e5da7b506e1.jpg,https://www.hainaautochina.com/api/vehicle-image/cntransit/49176325/col_adf003da9e37da88.jpg,https://www.hainaautochina.com/api/vehicle-image/cntransit/49176325/col_1fe9cdc7a6ead7e0.jpg",SUV y todoterrenos > Tiggo 8 230TCI,Tiggo 8 230TCI,Venezuela,Chery
hainaauto-867046262,Tiggo 8 2024 2024 - Importacion desde China a Venezuela,"Chery 2024 · Tiggo 8 2024 · 14.583 km · White · 6-speed wet dual-clutch · Disponible en Sichuan. Vehiculo disponible para compradores en Venezuela, con inspeccion, documentos de exportacion y apoyo logistico de HainaAuto. Stock HA-867046262.",in stock,used,11237.18 USD,https://www.hainaautochina.com/vehicles/hainaauto-867046262,https://www.hainaautochina.com/api/vehicle-image/hainaauto/867046262/col_be7fefa179057659.webp,Chery,"https://www.hainaautochina.com/api/vehicle-image/hainaauto/867046262/col_6e4a20c8231199af.webp,https://www.hainaautochina.com/api/vehicle-image/hainaauto/867046262/col_05fe7dc057a0c59a.webp,https://www.hainaautochina.com/api/vehicle-image/hainaauto/867046262/col_cafe1380cfcc1cf1.webp",SUV y todoterrenos > Tiggo 8 2024,Tiggo 8 2024,Venezuela,Chery
hainaauto-133136749,Tiggo 8 Chery 2024 - Importacion desde China a Venezuela,"Chery 2024 · Tiggo 8 Chery · 14.167 km · black · Manual · Disponible en Zhejiang. Vehiculo disponible para compradores en Venezuela, con inspeccion, documentos de exportacion y apoyo logistico de HainaAuto. Stock HA-133136749.",in stock,used,11403.98 USD,https://www.hainaautochina.com/vehicles/hainaauto-133136749,https://www.hainaautochina.com/api/vehicle-image/hainaauto/133136749/col_ccc7bc1dd8e6107e.webp,Chery,"https://www.hainaautochina.com/api/vehicle-image/hainaauto/133136749/col_4ca8d5364ae23f7d.webp,https://www.hainaautochina.com/api/vehicle-image/hainaauto/133136749/col_68936cae7a81dfda.webp,https://www.hainaautochina.com/api/vehicle-image/hainaauto/133136749/col_c941f9412e70f96b.webp",SUV y todoterrenos > Tiggo 8 Chery,Tiggo 8 Chery,Venezuela,Chery
hainaauto-858327189,Tiggo 7 2024 2024 - Importacion desde China a Venezuela,"Chery 2024 · Tiggo 7 2024 · 4.583 km · White · CVT continuously variable transmission (simulating 9 gears) · Disponible en Beijing. Vehiculo disponible para compradores en Venezuela, con inspeccion, documentos de exportacion y apoyo logistico de HainaAuto. Stock HA-858327189.",in stock,used,11403.98 USD,https://www.hainaautochina.com/vehicles/hainaauto-858327189,https://www.hainaautochina.com/api/vehicle-image/hainaauto/858327189/col_082938b21be35fef.webp,Chery,"https://www.hainaautochina.com/api/vehicle-image/hainaauto/858327189/col_ae4686cebf74135f.webp,https://www.hainaautochina.com/api/vehicle-image/hainaauto/858327189/col_4a40a903d9de6742.webp,https://www.hainaautochina.com/api/vehicle-image/hainaauto/858327189/col_f21754613872f648.webp",SUV y todoterrenos > Tiggo 7 2024,Tiggo 7 2024,Venezuela,Chery
cntransit-330611451,Tiggo 9 2.0T 2024 - Importacion desde China a Venezuela,"Chery 2024 · Tiggo 9 2.0T · 11.250 km · White · 8-speed automatic transmission with manual mode · Disponible en Liaoning. Vehiculo disponible para compradores en Venezuela, con inspeccion, documentos de exportacion y apoyo logistico de HainaAuto. Stock CN-330611451.",in stock,used,13172.06 USD,https://www.hainaautochina.com/vehicles/cntransit-330611451,https://www.hainaautochina.com/api/vehicle-image/cntransit/330611451/col_f2d839c767b11a94.jpg,Chery,"https://www.hainaautochina.com/api/vehicle-image/cntransit/330611451/col_9f5d53f7a461c2eb.jpg,https://www.hainaautochina.com/api/vehicle-image/cntransit/330611451/col_9e20723499103290.jpg,https://www.hainaautochina.com/api/vehicle-image/cntransit/330611451/col_92c840890e046094.jpg",SUV y todoterrenos > Tiggo 9 2.0T,Tiggo 9 2.0T,Venezuela,Chery
cntransit-231018253,Tiggo 8 L 2024 - Importacion desde China a Venezuela,"Chery 2024 · Tiggo 8 L · 5.417 km · Black · 8-speed automatic · Disponible en Anhui. Vehiculo disponible para compradores en Venezuela, con inspeccion, documentos de exportacion y apoyo logistico de HainaAuto. Stock CN-231018253.",in stock,used,13922.66 USD,https://www.hainaautochina.com/vehicles/cntransit-231018253,https://www.hainaautochina.com/api/vehicle-image/cntransit/231018253/col_3381ba8efc27505b.jpg,Chery,"https://www.hainaautochina.com/api/vehicle-image/cntransit/231018253/col_25a6ffd457bdd17a.jpg,https://www.hainaautochina.com/api/vehicle-image/cntransit/231018253/col_b265fe1d3555f7fe.jpg,https://www.hainaautochina.com/api/vehicle-image/cntransit/231018253/col_1fb0d9a274ec4e50.jpg",SUV y todoterrenos > Tiggo 8 L,Tiggo 8 L,Venezuela,Chery
cntransit-849913086,Tiggo 9 New 2024 - Importacion desde China a Venezuela,"Chery 2024 · Tiggo 9 New · 7.917 km · Gray · Automatic · Disponible en Shandong. Vehiculo disponible para compradores en Venezuela, con inspeccion, documentos de exportacion y apoyo logistico de HainaAuto. Stock CN-849913086.",in stock,used,14339.66 USD,https://www.hainaautochina.com/vehicles/cntransit-849913086,https://www.hainaautochina.com/api/vehicle-image/cntransit/849913086/col_ef454214c76aa762.jpg,Chery,"https://www.hainaautochina.com/api/vehicle-image/cntransit/849913086/col_2f6169731c38e432.jpg,https://www.hainaautochina.com/api/vehicle-image/cntransit/849913086/col_0f5164576128e665.jpg,https://www.hainaautochina.com/api/vehicle-image/cntransit/849913086/col_5735a595a2377ce9.jpg",SUV y todoterrenos > Tiggo 9 New,Tiggo 9 New,Venezuela,Chery
hainaauto-557215655,Tiggo 9 2024 2024 - Importacion desde China a Venezuela,"Chery 2024 · Tiggo 9 2024 · 10.000 km · black · 8-speed automatic transmission · Disponible en Fujian. Vehiculo disponible para compradores en Venezuela, con inspeccion, documentos de exportacion y apoyo logistico de HainaAuto. Stock HA-557215655.",in stock,used,14831.72 USD,https://www.hainaautochina.com/vehicles/hainaauto-557215655,https://www.hainaautochina.com/api/vehicle-image/hainaauto/557215655/col_4ea19a5b8d715cb7.webp,Chery,"https://www.hainaautochina.com/api/vehicle-image/hainaauto/557215655/col_4784e2dd2e6a3798.webp,https://www.hainaautochina.com/api/vehicle-image/hainaauto/557215655/col_21c01b9a807add04.webp,https://www.hainaautochina.com/api/vehicle-image/hainaauto/557215655/col_1cbf144736e48e87.webp",SUV y todoterrenos > Tiggo 9 2024,Tiggo 9 2024,Venezuela,Chery
cntransit-256612152,Tiggo 8 Kunpeng 2023 - Importacion desde China a Venezuela,"Chery 2023 · Tiggo 8 Kunpeng · 35.833 km · White · 7-speed wet dual-clutch transmission · Disponible en Fujian. Vehiculo disponible para compradores en Venezuela, con inspeccion, documentos de exportacion y apoyo logistico de HainaAuto. Stock CN-256612152.",in stock,used,10486.58 USD,https://www.hainaautochina.com/vehicles/cntransit-256612152,https://www.hainaautochina.com/api/vehicle-image/cntransit/256612152/col_75a19c9a4c62d3aa.jpg,Chery,"https://www.hainaautochina.com/api/vehicle-image/cntransit/256612152/col_8923d1a4f05108ef.jpg,https://www.hainaautochina.com/api/vehicle-image/cntransit/256612152/col_0ab853e12f634f39.jpg,https://www.hainaautochina.com/api/vehicle-image/cntransit/256612152/col_070d42a5510178df.jpg",SUV y todoterrenos > Tiggo 8 Kunpeng,Tiggo 8 Kunpeng,Venezuela,Chery
hainaauto-080134105,Tiggo 7 1.6T 2023 - Importacion desde China a Venezuela,"Chery 2023 · Tiggo 7 1.6T · 16.667 km · black · automatic · Disponible en Sichuan. Vehiculo disponible para compradores en Venezuela, con inspeccion, documentos de exportacion y apoyo logistico de HainaAuto. Stock HA-080134105.",in stock,used,10569.98 USD,https://www.hainaautochina.com/vehicles/hainaauto-080134105,https://www.hainaautochina.com/api/vehicle-image/hainaauto/080134105/col_4a62eb261c8ce4b5.webp,Chery,"https://www.hainaautochina.com/api/vehicle-image/hainaauto/080134105/col_697f3feedf58d5b1.webp,https://www.hainaautochina.com/api/vehicle-image/hainaauto/080134105/col_2d0b6dd0138e0800.webp,https://www.hainaautochina.com/api/vehicle-image/hainaauto/080134105/col_06d29a661a8a0932.webp",SUV y todoterrenos > Tiggo 7 1.6T,Tiggo 7 1.6T,Venezuela,Chery
hainaauto-73177193,Tiggo 8 2023 2023 - Importacion desde China a Venezuela,"Chery 2023 · Tiggo 8 2023 · 19.583 km · White · 7-speed wet dual-clutch · Disponible en Jiangsu. Vehiculo disponible para compradores en Venezuela, con inspeccion, documentos de exportacion y apoyo logistico de HainaAuto. Stock HA-73177193.",in stock,used,10661.72 USD,https://www.hainaautochina.com/vehicles/hainaauto-73177193,https://www.hainaautochina.com/api/vehicle-image/hainaauto/73177193/col_bb0b380508bef6d4.webp,Chery,"https://www.hainaautochina.com/api/vehicle-image/hainaauto/73177193/col_7f57e11bc2594f35.webp,https://www.hainaautochina.com/api/vehicle-image/hainaauto/73177193/col_3a50df16bcc06231.webp,https://www.hainaautochina.com/api/vehicle-image/hainaauto/73177193/col_1d20c866a47e3528.webp",SUV y todoterrenos > Tiggo 8 2023,Tiggo 8 2023,Venezuela,Chery
hainaauto-10967368,2023 Tiggo 7 2023 - Importacion desde China a Venezuela,"Chery 2023 · 2023 Tiggo 7 · 10.000 km · grey · Manual · Disponible en Henan. Vehiculo disponible para compradores en Venezuela, con inspeccion, documentos de exportacion y apoyo logistico de HainaAuto. Stock HA-10967368.",in stock,used,10986.98 USD,https://www.hainaautochina.com/vehicles/hainaauto-10967368,https://www.hainaautochina.com/api/vehicle-image/hainaauto/10967368/col_4f078250a9cb0f12.webp,Chery,"https://www.hainaautochina.com/api/vehicle-image/hainaauto/10967368/col_51cd5d44239f9009.webp,https://www.hainaautochina.com/api/vehicle-image/hainaauto/10967368/col_bec7a4c2b7cd328e.webp,https://www.hainaautochina.com/api/vehicle-image/hainaauto/10967368/col_e0bb983013488b02.webp",SUV y todoterrenos > 2023 Tiggo 7,2023 Tiggo 7,Venezuela,Chery
hainaauto-258726668,Tiggo 9 2023 2023 - Importacion desde China a Venezuela,"Chery 2023 · Tiggo 9 2023 · 18.750 km · black · 8-speed automatic transmission · Disponible en Anhui. Vehiculo disponible para compradores en Venezuela, con inspeccion, documentos de exportacion y apoyo logistico de HainaAuto. Stock HA-258726668.",in stock,used,12821.78 USD,https://www.hainaautochina.com/vehicles/hainaauto-258726668,https://www.hainaautochina.com/api/vehicle-image/hainaauto/258726668/col_84d07b27bc0247a9.webp,Chery,"https://www.hainaautochina.com/api/vehicle-image/hainaauto/258726668/col_d05548cd0b8e79c4.webp,https://www.hainaautochina.com/api/vehicle-image/hainaauto/258726668/col_dd5ffa9e6b6ca572.webp,https://www.hainaautochina.com/api/vehicle-image/hainaauto/258726668/col_6b54d2701b205e21.webp",SUV y todoterrenos > Tiggo 9 2023,Tiggo 9 2023,Venezuela,Chery
cntransit-049617251,2023 Tiggo 9 2023 - Importacion desde China a Venezuela,"Chery 2023 · 2023 Tiggo 9 · 8.750 km · Green · Automatic · Disponible en Sichuan. Vehiculo disponible para compradores en Venezuela, con inspeccion, documentos de exportacion y apoyo logistico de HainaAuto. Stock CN-049617251.",in stock,used,13238.78 USD,https://www.hainaautochina.com/vehicles/cntransit-049617251,https://www.hainaautochina.com/api/vehicle-image/cntransit/049617251/col_0052c1b515f49e6b.jpg,Chery,"https://www.hainaautochina.com/api/vehicle-image/cntransit/049617251/col_ba90744b21979740.jpg,https://www.hainaautochina.com/api/vehicle-image/cntransit/049617251/col_4e0eb055336449b9.jpg,https://www.hainaautochina.com/api/vehicle-image/cntransit/049617251/col_c9c035b98f0f3953.jpg",SUV y todoterrenos > 2023 Tiggo 9,2023 Tiggo 9,Venezuela,Chery
hainaauto-026349366,2025 Arrizo 8 2025 - Importacion desde China a Venezuela,"Chery 2025 · 2025 Arrizo 8 · 42 km · grey · automatic · Disponible en Henan. Vehiculo disponible para compradores en Venezuela, con inspeccion, documentos de exportacion y apoyo logistico de HainaAuto. Stock HA-026349366.",in stock,new,12963.56 USD,https://www.hainaautochina.com/vehicles/hainaauto-026349366,https://www.hainaautochina.com/api/vehicle-image/hainaauto/026349366/col_91e1a7b7d96395ce.webp,Chery,"https://www.hainaautochina.com/api/vehicle-image/hainaauto/026349366/col_052dffaf17a41590.webp,https://www.hainaautochina.com/api/vehicle-image/hainaauto/026349366/col_d4313636410e90b2.webp,https://www.hainaautochina.com/api/vehicle-image/hainaauto/026349366/col_3e82559c5b958d28.webp",Sedanes y hatchbacks > 2025 Arrizo 8,2025 Arrizo 8,Venezuela,Chery
hainaauto-835229045,2025 Arrizo 5 2025 - Importacion desde China a Venezuela,"Chery 2025 · 2025 Arrizo 5 · 4.167 km · White · automatic · Disponible en Shaanxi. Vehiculo disponible para compradores en Venezuela, con inspeccion, documentos de exportacion y apoyo logistico de HainaAuto. Stock HA-835229045.",in stock,used,9460.76 USD,https://www.hainaautochina.com/vehicles/hainaauto-835229045,https://www.hainaautochina.com/api/vehicle-image/hainaauto/835229045/col_17cc9b3925ef32ba.webp,Chery,"https://www.hainaautochina.com/api/vehicle-image/hainaauto/835229045/col_cb2a96224aa6f7ed.webp,https://www.hainaautochina.com/api/vehicle-image/hainaauto/835229045/col_ae2f32019f22fcb3.webp,https://www.hainaautochina.com/api/vehicle-image/hainaauto/835229045/col_1868f6f1a8aea387.webp",Sedanes y hatchbacks > 2025 Arrizo 5,2025 Arrizo 5,Venezuela,Chery
cntransit-504411224,"Arrizo 8, Chery 2025 - Importacion desde China a Venezuela","Chery 2025 · Arrizo 8, Chery · 3.750 km · Gray · Automatic · Disponible en Guizhou. Vehiculo disponible para compradores en Venezuela, con inspeccion, documentos de exportacion y apoyo logistico de HainaAuto. Stock CN-504411224.",in stock,used,13755.86 USD,https://www.hainaautochina.com/vehicles/cntransit-504411224,https://www.hainaautochina.com/api/vehicle-image/cntransit/504411224/col_8d38a6aa71d073e6.jpg,Chery,"https://www.hainaautochina.com/api/vehicle-image/cntransit/504411224/col_52cac92be36ff906.jpg,https://www.hainaautochina.com/api/vehicle-image/cntransit/504411224/col_484c0e43511935d2.jpg,https://www.hainaautochina.com/api/vehicle-image/cntransit/504411224/col_4a2540ca78c48877.jpg","Sedanes y hatchbacks > Arrizo 8, Chery","Arrizo 8, Chery",Venezuela,Chery
cntransit-336611300,2024 Arrizo 5 2024 - Importacion desde China a Venezuela,"Chery 2024 · 2024 Arrizo 5 · 8.333 km · White · Manual · Disponible en Shanxi. Vehiculo disponible para compradores en Venezuela, con inspeccion, documentos de exportacion y apoyo logistico de HainaAuto. Stock CN-336611300.",in stock,used,10403.18 USD,https://www.hainaautochina.com/vehicles/cntransit-336611300,https://www.hainaautochina.com/api/vehicle-image/cntransit/336611300/col_73ecd754430e1ab4.jpg,Chery,"https://www.hainaautochina.com/api/vehicle-image/cntransit/336611300/col_1abb64fcaeca000b.jpg,https://www.hainaautochina.com/api/vehicle-image/cntransit/336611300/col_f6e130d0c5b56c01.jpg,https://www.hainaautochina.com/api/vehicle-image/cntransit/336611300/col_793572269392bf53.jpg",Sedanes y hatchbacks > 2024 Arrizo 5,2024 Arrizo 5,Venezuela,Chery
hainaauto-543619553,Arrizo 8 2024 2024 - Importacion desde China a Venezuela,"Chery 2024 · Arrizo 8 2024 · 6.250 km · grey · 7-speed wet dual-clutch · Disponible en Zhejiang. Vehiculo disponible para compradores en Venezuela, con inspeccion, documentos de exportacion y apoyo logistico de HainaAuto. Stock HA-543619553.",in stock,used,11504.06 USD,https://www.hainaautochina.com/vehicles/hainaauto-543619553,https://www.hainaautochina.com/api/vehicle-image/hainaauto/543619553/col_d6cc172dc8432cea.webp,Chery,"https://www.hainaautochina.com/api/vehicle-image/hainaauto/543619553/col_5da8bd5a246b2575.webp,https://www.hainaautochina.com/api/vehicle-image/hainaauto/543619553/col_b95197cc2a83ae31.webp,https://www.hainaautochina.com/api/vehicle-image/hainaauto/543619553/col_9df546bfe37f9526.webp",Sedanes y hatchbacks > Arrizo 8 2024,Arrizo 8 2024,Venezuela,Chery
hainaauto-577641481,2024 Arrizo 8 2024 - Importacion desde China a Venezuela,"Chery 2024 · 2024 Arrizo 8 · 2.083 km · black · automatic · Disponible en Henan. Vehiculo disponible para compradores en Venezuela, con inspeccion, documentos de exportacion y apoyo logistico de HainaAuto. Stock HA-577641481.",in stock,used,11504.06 USD,https://www.hainaautochina.com/vehicles/hainaauto-577641481,https://www.hainaautochina.com/api/vehicle-image/hainaauto/577641481/col_8c73e397f14f8925.webp,Chery,"https://www.hainaautochina.com/api/vehicle-image/hainaauto/577641481/col_144807335e3e2ca1.webp,https://www.hainaautochina.com/api/vehicle-image/hainaauto/577641481/col_a511d57fe7e09def.webp,https://www.hainaautochina.com/api/vehicle-image/hainaauto/577641481/col_2b5b625f5f3788e6.webp",Sedanes y hatchbacks > 2024 Arrizo 8,2024 Arrizo 8,Venezuela,Chery
hainaauto-197247161,"Tiggo 9, 2024 2024 - Importacion desde China a Venezuela","Chery 2024 · Tiggo 9, 2024 · 4.583 km · Multicolor · automatic · Disponible en Shandong. Vehiculo disponible para compradores en Venezuela, con inspeccion, documentos de exportacion y apoyo logistico de HainaAuto. Stock HA-197247161.",in stock,used,15507.26 USD,https://www.hainaautochina.com/vehicles/hainaauto-197247161,https://www.hainaautochina.com/api/vehicle-image/hainaauto/197247161/col_8f5238beb2947328.webp,Chery,"https://www.hainaautochina.com/api/vehicle-image/hainaauto/197247161/col_0a94cea02eda8d29.webp,https://www.hainaautochina.com/api/vehicle-image/hainaauto/197247161/col_92a71ac994f62f60.webp,https://www.hainaautochina.com/api/vehicle-image/hainaauto/197247161/col_0848f4efd4fe2d56.webp","Sedanes y hatchbacks > Tiggo 9, 2024","Tiggo 9, 2024",Venezuela,Chery
hainaauto-502722938,Arrizo 5 GT 2023 - Importacion desde China a Venezuela,"Chery 2023 · Arrizo 5 GT · 7.500 km · grey · CVT continuously variable transmission (simulating 9 gears) · Disponible en Guangdong. Vehiculo disponible para compradores en Venezuela, con inspeccion, documentos de exportacion y apoyo logistico de HainaAuto. Stock HA-502722938.",in stock,used,9986.18 USD,https://www.hainaautochina.com/vehicles/hainaauto-502722938,https://www.hainaautochina.com/api/vehicle-image/hainaauto/502722938/col_a1640cf8f663dfdf.webp,Chery,"https://www.hainaautochina.com/api/vehicle-image/hainaauto/502722938/col_ab2a68b64409fdb3.webp,https://www.hainaautochina.com/api/vehicle-image/hainaauto/502722938/col_578fc688062d1278.webp,https://www.hainaautochina.com/api/vehicle-image/hainaauto/502722938/col_36294271b5e937e1.webp",Sedanes y hatchbacks > Arrizo 5 GT,Arrizo 5 GT,Venezuela,Chery
hainaauto-234316418,Arrizo 8 2023 2023 - Importacion desde China a Venezuela,"Chery 2023 · Arrizo 8 2023 · 17.083 km · grey · 7-speed wet dual-clutch · Disponible en Jiangsu. Vehiculo disponible para compradores en Venezuela, con inspeccion, documentos de exportacion y apoyo logistico de HainaAuto. Stock HA-234316418.",in stock,used,11921.06 USD,https://www.hainaautochina.com/vehicles/hainaauto-234316418,https://www.hainaautochina.com/api/vehicle-image/hainaauto/234316418/col_345ae3e729df6575.webp,Chery,"https://www.hainaautochina.com/api/vehicle-image/hainaauto/234316418/col_55325a88f1c662e6.webp,https://www.hainaautochina.com/api/vehicle-image/hainaauto/234316418/col_f161a7f1c77bcc0c.webp,https://www.hainaautochina.com/api/vehicle-image/hainaauto/234316418/col_4976ad4284b46a58.webp",Sedanes y hatchbacks > Arrizo 8 2023,Arrizo 8 2023,Venezuela,Chery
hainaauto-202320506,Song PLUS New 2024 - Importacion desde China a Venezuela,"BYD 2024 · Song PLUS New · 42 km · White · automatic · Disponible en Shandong. Vehiculo disponible para compradores en Venezuela, con inspeccion, documentos de exportacion y apoyo logistico de HainaAuto. Stock HA-202320506.",in stock,new,14673.26 USD,https://www.hainaautochina.com/vehicles/hainaauto-202320506,https://www.hainaautochina.com/api/vehicle-image/hainaauto/202320506/col_4c11a4c7a3372c95.webp,BYD,"https://www.hainaautochina.com/api/vehicle-image/hainaauto/202320506/col_f43105b52868357f.webp,https://www.hainaautochina.com/api/vehicle-image/hainaauto/202320506/col_905b2df717602a01.webp,https://www.hainaautochina.com/api/vehicle-image/hainaauto/202320506/col_c0552ceec3b0ed7a.webp",SUV y todoterrenos > Song PLUS New,Song PLUS New,Venezuela,BYD
cntransit-042514280,2026 Song L 2026 - Importacion desde China a Venezuela,"BYD 2026 · 2026 Song L · 5.833 km · White · Automatic · Disponible en Shanghai. Vehiculo disponible para compradores en Venezuela, con inspeccion, documentos de exportacion y apoyo logistico de HainaAuto. Stock CN-042514280.",in stock,used,15757.46 USD,https://www.hainaautochina.com/vehicles/cntransit-042514280,https://www.hainaautochina.com/api/vehicle-image/cntransit/042514280/col_8b8c31684ae76f4a.jpg,BYD,"https://www.hainaautochina.com/api/vehicle-image/cntransit/042514280/col_abaf774af5195239.jpg,https://www.hainaautochina.com/api/vehicle-image/cntransit/042514280/col_095594b4968427b3.jpg,https://www.hainaautochina.com/api/vehicle-image/cntransit/042514280/col_f14e3b1f65d0dd17.jpg",SUV y todoterrenos > 2026 Song L,2026 Song L,Venezuela,BYD
hainaauto-327647678,2026 Song Ultra 2026 - Importacion desde China a Venezuela,"BYD 2026 · 2026 Song Ultra · 417 km · grey · automatic · Disponible en Hebei. Vehiculo disponible para compradores en Venezuela, con inspeccion, documentos de exportacion y apoyo logistico de HainaAuto. Stock HA-327647678.",in stock,used,17258.66 USD,https://www.hainaautochina.com/vehicles/hainaauto-327647678,https://www.hainaautochina.com/api/vehicle-image/hainaauto/327647678/col_e59cb825563f741a.webp,BYD,"https://www.hainaautochina.com/api/vehicle-image/hainaauto/327647678/col_7dcf542099afa575.webp,https://www.hainaautochina.com/api/vehicle-image/hainaauto/327647678/col_76da144426e2925c.webp,https://www.hainaautochina.com/api/vehicle-image/hainaauto/327647678/col_342a1628d2783862.webp",SUV y todoterrenos > 2026 Song Ultra,2026 Song Ultra,Venezuela,BYD
hainaauto-069349514,Tang New Energy 2025 - Importacion desde China a Venezuela,"BYD 2025 · Tang New Energy · 32.917 km · grey · automatic · Disponible en Shaanxi. Vehiculo disponible para compradores en Venezuela, con inspeccion, documentos de exportacion y apoyo logistico de HainaAuto. Stock HA-069349514.",in stock,used,13905.98 USD,https://www.hainaautochina.com/vehicles/hainaauto-069349514,https://www.hainaautochina.com/api/vehicle-image/hainaauto/069349514/col_2159e328fcd80446.webp,BYD,"https://www.hainaautochina.com/api/vehicle-image/hainaauto/069349514/col_a49f264c3504f651.webp,https://www.hainaautochina.com/api/vehicle-image/hainaauto/069349514/col_aaa9a0ed7e2dab80.webp,https://www.hainaautochina.com/api/vehicle-image/hainaauto/069349514/col_e2f08fc7220152c4.webp",SUV y todoterrenos > Tang New Energy,Tang New Energy,Venezuela,BYD
cntransit-28643420,2023 Song PLUS 2023 - Importacion desde China a Venezuela,"BYD 2023 · 2023 Song PLUS · 45.833 km · Black · Automatic · Disponible en Shandong. Vehiculo disponible para compradores en Venezuela, con inspeccion, documentos de exportacion y apoyo logistico de HainaAuto. Stock CN-28643420.",in stock,used,11212.16 USD,https://www.hainaautochina.com/vehicles/cntransit-28643420,https://www.hainaautochina.com/api/vehicle-image/cntransit/28643420/col_ada68a20b7e37d8b.jpg,BYD,"https://www.hainaautochina.com/api/vehicle-image/cntransit/28643420/col_6257193510a5f495.jpg,https://www.hainaautochina.com/api/vehicle-image/cntransit/28643420/col_5180b11d6f590e9a.jpg,https://www.hainaautochina.com/api/vehicle-image/cntransit/28643420/col_cae16acc7f9e33ee.jpg",SUV y todoterrenos > 2023 Song PLUS,2023 Song PLUS,Venezuela,BYD
cntransit-941318141,2023 HR-V e:HEV 2023 - Importacion desde China a Venezuela,"Honda 2023 · 2023 HR-V e:HEV · 20.000 km · White · Automatic · Disponible en Shaanxi. Vehiculo disponible para compradores en Venezuela, con inspeccion, documentos de exportacion y apoyo logistico de HainaAuto. Stock CN-941318141.",in stock,used,14756.66 USD,https://www.hainaautochina.com/vehicles/cntransit-941318141,https://www.hainaautochina.com/api/vehicle-image/cntransit/941318141/col_56adc7253da7aa3d.jpg,Honda,"https://www.hainaautochina.com/api/vehicle-image/cntransit/941318141/col_ebee88c62eda5914.jpg,https://www.hainaautochina.com/api/vehicle-image/cntransit/941318141/col_38b1f9c31036c449.jpg,https://www.hainaautochina.com/api/vehicle-image/cntransit/941318141/col_1d86332585894972.jpg",SUV y todoterrenos > 2023 HR-V e:HEV,2023 HR-V e:HEV,Venezuela,Honda
hainaauto-874243847,2026 Qin PLUS 2026 - Importacion desde China a Venezuela,"BYD 2026 · 2026 Qin PLUS · 42 km · grey · automatic · Disponible en Henan. Vehiculo disponible para compradores en Venezuela, con inspeccion, documentos de exportacion y apoyo logistico de HainaAuto. Stock HA-874243847.",in stock,new,11904.38 USD,https://www.hainaautochina.com/vehicles/hainaauto-874243847,https://www.hainaautochina.com/api/vehicle-image/hainaauto/874243847/col_83985ff0faf50562.webp,BYD,"https://www.hainaautochina.com/api/vehicle-image/hainaauto/874243847/col_a6fd9b8f620dbee0.webp,https://www.hainaautochina.com/api/vehicle-image/hainaauto/874243847/col_4950362fa110e457.webp,https://www.hainaautochina.com/api/vehicle-image/hainaauto/874243847/col_14397895e6746ae7.webp",Sedanes y hatchbacks > 2026 Qin PLUS,2026 Qin PLUS,Venezuela,BYD
hainaauto-168616333,2026 Seal 06 2026 - Importacion desde China a Venezuela,"BYD 2026 · 2026 Seal 06 · 42 km · blue · automatic · Disponible en Henan. Vehiculo disponible para compradores en Venezuela, con inspeccion, documentos de exportacion y apoyo logistico de HainaAuto. Stock HA-168616333.",in stock,new,13822.58 USD,https://www.hainaautochina.com/vehicles/hainaauto-168616333,https://www.hainaautochina.com/api/vehicle-image/hainaauto/168616333/col_9f07c7b0ab084edb.webp,BYD,"https://www.hainaautochina.com/api/vehicle-image/hainaauto/168616333/col_c3f4c1788ceca49e.webp,https://www.hainaautochina.com/api/vehicle-image/hainaauto/168616333/col_bcb09b9044659839.webp,https://www.hainaautochina.com/api/vehicle-image/hainaauto/168616333/col_49063c9eaaf9ab38.webp",Sedanes y hatchbacks > 2026 Seal 06,2026 Seal 06,Venezuela,BYD
hainaauto-656047910,2025 Seagull 305km/h 2025 - Importacion desde China a Venezuela,"BYD 2025 · 2025 Seagull 305km/h · 42 km · Beige · automatic · Disponible en Henan. Vehiculo disponible para compradores en Venezuela, con inspeccion, documentos de exportacion y apoyo logistico de HainaAuto. Stock HA-656047910.",in stock,new,10986.98 USD,https://www.hainaautochina.com/vehicles/hainaauto-656047910,https://www.hainaautochina.com/api/vehicle-image/hainaauto/656047910/col_ee05ecfc2c3f10b2.webp,BYD,"https://www.hainaautochina.com/api/vehicle-image/hainaauto/656047910/col_299e49f8d0d0049b.webp,https://www.hainaautochina.com/api/vehicle-image/hainaauto/656047910/col_ec69a5529667c9f2.webp,https://www.hainaautochina.com/api/vehicle-image/hainaauto/656047910/col_706d5a33f5089e0b.webp",Sedanes y hatchbacks > 2025 Seagull 305km/h,2025 Seagull 305km/h,Venezuela,BYD
cntransit-48396363,2025 Seagull 305km 2025 - Importacion desde China a Venezuela,"BYD 2025 · 2025 Seagull 305km · 42 km · Beige · Automatic · Disponible en Henan. Vehiculo disponible para compradores en Venezuela, con inspeccion, documentos de exportacion y apoyo logistico de HainaAuto. Stock CN-48396363.",in stock,new,11070.38 USD,https://www.hainaautochina.com/vehicles/cntransit-48396363,https://www.hainaautochina.com/api/vehicle-image/cntransit/48396363/col_eadac917fdf3d9cb.jpg,BYD,"https://www.hainaautochina.com/api/vehicle-image/cntransit/48396363/col_342151a95549af4e.jpg,https://www.hainaautochina.com/api/vehicle-image/cntransit/48396363/col_3baa0f486e0f8b6f.jpg,https://www.hainaautochina.com/api/vehicle-image/cntransit/48396363/col_086f383229053926.jpg",Sedanes y hatchbacks > 2025 Seagull 305km,2025 Seagull 305km,Venezuela,BYD
hainaauto-531721927,2025 Seagull Smart 2025 - Importacion desde China a Venezuela,"BYD 2025 · 2025 Seagull Smart · 0 km · Beige · automatic · Disponible en Henan. Vehiculo disponible para compradores en Venezuela, con inspeccion, documentos de exportacion y apoyo logistico de HainaAuto. Stock HA-531721927.",in stock,new,11087.06 USD,https://www.hainaautochina.com/vehicles/hainaauto-531721927,https://www.hainaautochina.com/api/vehicle-image/hainaauto/531721927/col_2ed9c976a8067c5f.webp,BYD,"https://www.hainaautochina.com/api/vehicle-image/hainaauto/531721927/col_ed53703e1c7a36e2.webp,https://www.hainaautochina.com/api/vehicle-image/hainaauto/531721927/col_b04c189fd83ac385.webp,https://www.hainaautochina.com/api/vehicle-image/hainaauto/531721927/col_b572312d6447025d.webp",Sedanes y hatchbacks > 2025 Seagull Smart,2025 Seagull Smart,Venezuela,BYD
hainaauto-879227921,2025 Dolphin 420km 2025 - Importacion desde China a Venezuela,"BYD 2025 · 2025 Dolphin 420km · 0 km · grey · automatic · Disponible en Henan. Vehiculo disponible para compradores en Venezuela, con inspeccion, documentos de exportacion y apoyo logistico de HainaAuto. Stock HA-879227921.",in stock,new,12404.78 USD,https://www.hainaautochina.com/vehicles/hainaauto-879227921,https://www.hainaautochina.com/api/vehicle-image/hainaauto/879227921/col_8b2ab8c12c0611cd.webp,BYD,"https://www.hainaautochina.com/api/vehicle-image/hainaauto/879227921/col_daecdddedcd562eb.webp,https://www.hainaautochina.com/api/vehicle-image/hainaauto/879227921/col_6177fb71c84b39e3.webp,https://www.hainaautochina.com/api/vehicle-image/hainaauto/879227921/col_3a61d306662888a4.webp",Sedanes y hatchbacks > 2025 Dolphin 420km,2025 Dolphin 420km,Venezuela,BYD
hainaauto-284350414,2025 Dolphin Smart 2025 - Importacion desde China a Venezuela,"BYD 2025 · 2025 Dolphin Smart · 0 km · Beige · automatic · Disponible en Inner Mongolia. Vehiculo disponible para compradores en Venezuela, con inspeccion, documentos de exportacion y apoyo logistico de HainaAuto. Stock HA-284350414.",in stock,new,12588.26 USD,https://www.hainaautochina.com/vehicles/hainaauto-284350414,https://www.hainaautochina.com/api/vehicle-image/hainaauto/284350414/col_5072ba0a6d955c5c.webp,BYD,"https://www.hainaautochina.com/api/vehicle-image/hainaauto/284350414/col_87d800deaf25b6f7.webp,https://www.hainaautochina.com/api/vehicle-image/hainaauto/284350414/col_de245d5df7c4cac7.webp,https://www.hainaautochina.com/api/vehicle-image/hainaauto/284350414/col_c7b648c51493a5ef.webp",Sedanes y hatchbacks > 2025 Dolphin Smart,2025 Dolphin Smart,Venezuela,BYD
cntransit-76336821,2025 Dolphin Intelligent 2025 - Importacion desde China a Venezuela,"BYD 2025 · 2025 Dolphin Intelligent · 42 km · Beige · Automatic · Disponible en Shanxi. Vehiculo disponible para compradores en Venezuela, con inspeccion, documentos de exportacion y apoyo logistico de HainaAuto. Stock CN-76336821.",in stock,new,12654.98 USD,https://www.hainaautochina.com/vehicles/cntransit-76336821,https://www.hainaautochina.com/api/vehicle-image/cntransit/76336821/col_d71d35e898150ac7.jpg,BYD,"https://www.hainaautochina.com/api/vehicle-image/cntransit/76336821/col_b455ab3adfe587b7.jpg,https://www.hainaautochina.com/api/vehicle-image/cntransit/76336821/col_53d050c54914cd21.jpg,https://www.hainaautochina.com/api/vehicle-image/cntransit/76336821/col_bfec8b79ba352045.jpg",Sedanes y hatchbacks > 2025 Dolphin Intelligent,2025 Dolphin Intelligent,Venezuela,BYD
cntransit-337618374,2025 Seal 510 2025 - Importacion desde China a Venezuela,"BYD 2025 · 2025 Seal 510 · 42 km · Gray · Automatic · Disponible en Guangdong. Vehiculo disponible para compradores en Venezuela, con inspeccion, documentos de exportacion y apoyo logistico de HainaAuto. Stock CN-337618374.",in stock,new,17658.98 USD,https://www.hainaautochina.com/vehicles/cntransit-337618374,https://www.hainaautochina.com/api/vehicle-image/cntransit/337618374/col_80920c54cfb53786.jpg,BYD,"https://www.hainaautochina.com/api/vehicle-image/cntransit/337618374/col_624b42dee88839dd.jpg,https://www.hainaautochina.com/api/vehicle-image/cntransit/337618374/col_ca1ac449fac3a796.jpg,https://www.hainaautochina.com/api/vehicle-image/cntransit/337618374/col_3184464a2a2e6191.jpg",Sedanes y hatchbacks > 2025 Seal 510,2025 Seal 510,Venezuela,BYD
hainaauto-498147446,2026 Seagull 305km 2026 - Importacion desde China a Venezuela,"BYD 2026 · 2026 Seagull 305km · 3.750 km · Beige · automatic · Disponible en Shandong. Vehiculo disponible para compradores en Venezuela, con inspeccion, documentos de exportacion y apoyo logistico de HainaAuto. Stock HA-498147446.",in stock,used,10803.50 USD,https://www.hainaautochina.com/vehicles/hainaauto-498147446,https://www.hainaautochina.com/api/vehicle-image/hainaauto/498147446/col_7305d4d9d0e8e140.webp,BYD,"https://www.hainaautochina.com/api/vehicle-image/hainaauto/498147446/col_e7af1fc4e33914b7.webp,https://www.hainaautochina.com/api/vehicle-image/hainaauto/498147446/col_4207003791cff729.webp,https://www.hainaautochina.com/api/vehicle-image/hainaauto/498147446/col_166cf078e4a78098.webp",Sedanes y hatchbacks > 2026 Seagull 305km,2026 Seagull 305km,Venezuela,BYD
cntransit-673413143,2026 Seal 05 2026 - Importacion desde China a Venezuela,"BYD 2026 · 2026 Seal 05 · 3.750 km · White · Automatic · Disponible en Shanxi. Vehiculo disponible para compradores en Venezuela, con inspeccion, documentos de exportacion y apoyo logistico de HainaAuto. Stock CN-673413143.",in stock,used,13238.78 USD,https://www.hainaautochina.com/vehicles/cntransit-673413143,https://www.hainaautochina.com/api/vehicle-image/cntransit/673413143/col_356a7e33d750f489.jpg,BYD,"https://www.hainaautochina.com/api/vehicle-image/cntransit/673413143/col_a772ec0c2feb98d5.jpg,https://www.hainaautochina.com/api/vehicle-image/cntransit/673413143/col_1a063a3e2cf2132b.jpg,https://www.hainaautochina.com/api/vehicle-image/cntransit/673413143/col_7583064d2cc763da.jpg",Sedanes y hatchbacks > 2026 Seal 05,2026 Seal 05,Venezuela,BYD
hainaauto-821452640,2026 Dolphin EV 2026 - Importacion desde China a Venezuela,"Kairui 2026 · 2026 Dolphin EV · 12.500 km · blue · automatic · Disponible en Jiangsu. Vehiculo disponible para compradores en Venezuela, con inspeccion, documentos de exportacion y apoyo logistico de HainaAuto. Stock HA-821452640.",in stock,used,16508.06 USD,https://www.hainaautochina.com/vehicles/hainaauto-821452640,https://www.hainaautochina.com/api/vehicle-image/hainaauto/821452640/col_e47aa3b52953b70c.webp,Kairui,"https://www.hainaautochina.com/api/vehicle-image/hainaauto/821452640/col_138fb04e788ce4c9.webp,https://www.hainaautochina.com/api/vehicle-image/hainaauto/821452640/col_40059bb5cc347f88.webp,https://www.hainaautochina.com/api/vehicle-image/hainaauto/821452640/col_aad7503d7b00e5e4.webp",Maquinaria y camiones > 2026 Dolphin EV,2026 Dolphin EV,Venezuela,Kairui
cntransit-378716688,2026 Seal 07 2026 - Importacion desde China a Venezuela,"BYD 2026 · 2026 Seal 07 · 1.250 km · White · Automatic · Disponible en Henan. Vehiculo disponible para compradores en Venezuela, con inspeccion, documentos de exportacion y apoyo logistico de HainaAuto. Stock CN-378716688.",in stock,used,17258.66 USD,https://www.hainaautochina.com/vehicles/cntransit-378716688,https://www.hainaautochina.com/api/vehicle-image/cntransit/378716688/col_ee2380f6b518ba92.jpg,BYD,"https://www.hainaautochina.com/api/vehicle-image/cntransit/378716688/col_9cb25ab254795111.jpg,https://www.hainaautochina.com/api/vehicle-image/cntransit/378716688/col_9236937d73323219.jpg,https://www.hainaautochina.com/api/vehicle-image/cntransit/378716688/col_efded8162e55a950.jpg",Sedanes y hatchbacks > 2026 Seal 07,2026 Seal 07,Venezuela,BYD
cntransit-150910161,2025 Seal 06 2025 - Importacion desde China a Venezuela,"BYD 2025 · 2025 Seal 06 · 4.167 km · White · Automatic · Disponible en Zhejiang. Vehiculo disponible para compradores en Venezuela, con inspeccion, documentos de exportacion y apoyo logistico de HainaAuto. Stock CN-150910161.",in stock,used,10169.66 USD,https://www.hainaautochina.com/vehicles/cntransit-150910161,https://www.hainaautochina.com/api/vehicle-image/cntransit/150910161/col_1bad8ddc0965ef13.jpg,BYD,"https://www.hainaautochina.com/api/vehicle-image/cntransit/150910161/col_52d25d1d7351f0c9.jpg,https://www.hainaautochina.com/api/vehicle-image/cntransit/150910161/col_5c54f2eee299dcf1.jpg,https://www.hainaautochina.com/api/vehicle-image/cntransit/150910161/col_461fd999ed144426.jpg",Sedanes y hatchbacks > 2025 Seal 06,2025 Seal 06,Venezuela,BYD
hainaauto-448232608,2025 Seagull 405km/h 2025 - Importacion desde China a Venezuela,"BYD 2025 · 2025 Seagull 405km/h · 4.292 km · Beige · automatic · Disponible en Shandong. Vehiculo disponible para compradores en Venezuela, con inspeccion, documentos de exportacion y apoyo logistico de HainaAuto. Stock HA-448232608.",in stock,used,10569.98 USD,https://www.hainaautochina.com/vehicles/hainaauto-448232608,https://www.hainaautochina.com/api/vehicle-image/hainaauto/448232608/col_b406a5093037b6eb.webp,BYD,"https://www.hainaautochina.com/api/vehicle-image/hainaauto/448232608/col_536d0e5b7907878e.webp,https://www.hainaautochina.com/api/vehicle-image/hainaauto/448232608/col_a3df83fa264bb926.webp,https://www.hainaautochina.com/api/vehicle-image/hainaauto/448232608/col_9d07ad7d893f4ce5.webp",Sedanes y hatchbacks > 2025 Seagull 405km/h,2025 Seagull 405km/h,Venezuela,BYD
cntransit-842915425,2025 Seagull 405km 2025 - Importacion desde China a Venezuela,"BYD 2025 · 2025 Seagull 405km · 12.083 km · Beige · Automatic · Disponible en Jiangsu. Vehiculo disponible para compradores en Venezuela, con inspeccion, documentos de exportacion y apoyo logistico de HainaAuto. Stock CN-842915425.",in stock,used,10836.86 USD,https://www.hainaautochina.com/vehicles/cntransit-842915425,https://www.hainaautochina.com/api/vehicle-image/cntransit/842915425/col_0ff262e41d84903e.jpg,BYD,"https://www.hainaautochina.com/api/vehicle-image/cntransit/842915425/col_49ce93269cb50545.jpg,https://www.hainaautochina.com/api/vehicle-image/cntransit/842915425/col_3701cc7f08e0b7d1.jpg,https://www.hainaautochina.com/api/vehicle-image/cntransit/842915425/col_45e2b5592b504643.jpg",Sedanes y hatchbacks > 2025 Seagull 405km,2025 Seagull 405km,Venezuela,BYD
hainaauto-712112531,2025 Seagull Intelligent 2025 - Importacion desde China a Venezuela,"BYD 2025 · 2025 Seagull Intelligent · 5.417 km · Beige · automatic · Disponible en Shaanxi. Vehiculo disponible para compradores en Venezuela, con inspeccion, documentos de exportacion y apoyo logistico de HainaAuto. Stock HA-712112531.",in stock,used,10986.98 USD,https://www.hainaautochina.com/vehicles/hainaauto-712112531,https://www.hainaautochina.com/api/vehicle-image/hainaauto/712112531/col_1e68a02eaf593ea4.webp,BYD,"https://www.hainaautochina.com/api/vehicle-image/hainaauto/712112531/col_ba22e92820a7fc6d.webp,https://www.hainaautochina.com/api/vehicle-image/hainaauto/712112531/col_d5a99b99387a4aea.webp,https://www.hainaautochina.com/api/vehicle-image/hainaauto/712112531/col_98461e4cd63302f6.webp",Sedanes y hatchbacks > 2025 Seagull Intelligent,2025 Seagull Intelligent,Venezuela,BYD
cntransit-01227639,2025 Seal 07 2025 - Importacion desde China a Venezuela,"BYD 2025 · 2025 Seal 07 · 8.333 km · Black · Automatic · Disponible en Hubei. Vehiculo disponible para compradores en Venezuela, con inspeccion, documentos de exportacion y apoyo logistico de HainaAuto. Stock CN-01227639.",in stock,used,11820.98 USD,https://www.hainaautochina.com/vehicles/cntransit-01227639,https://www.hainaautochina.com/api/vehicle-image/cntransit/01227639/col_1ef92c7edba168b4.jpg,BYD,"https://www.hainaautochina.com/api/vehicle-image/cntransit/01227639/col_cd030bce1ccec2b6.jpg,https://www.hainaautochina.com/api/vehicle-image/cntransit/01227639/col_6ed73ce319539faa.jpg,https://www.hainaautochina.com/api/vehicle-image/cntransit/01227639/col_ed454388912ef126.jpg",Sedanes y hatchbacks > 2025 Seal 07,2025 Seal 07,Venezuela,BYD
cntransit-13015612,2025 Dolphin 520km 2025 - Importacion desde China a Venezuela,"BYD 2025 · 2025 Dolphin 520km · 12.500 km · White · Automatic · Disponible en Sichuan. Vehiculo disponible para compradores en Venezuela, con inspeccion, documentos de exportacion y apoyo logistico de HainaAuto. Stock CN-13015612.",in stock,used,12821.78 USD,https://www.hainaautochina.com/vehicles/cntransit-13015612,https://www.hainaautochina.com/api/vehicle-image/cntransit/13015612/col_d3368c2f8c795b44.jpg,BYD,"https://www.hainaautochina.com/api/vehicle-image/cntransit/13015612/col_c3fd22fe903e3b3c.jpg,https://www.hainaautochina.com/api/vehicle-image/cntransit/13015612/col_ed3ad5dae9ce6667.jpg,https://www.hainaautochina.com/api/vehicle-image/cntransit/13015612/col_2f410a7ff04daca0.jpg",Sedanes y hatchbacks > 2025 Dolphin 520km,2025 Dolphin 520km,Venezuela,BYD
hainaauto-297818806,2025 Dolphin 520km/h 2025 - Importacion desde China a Venezuela,"BYD 2025 · 2025 Dolphin 520km/h · 5.417 km · grey · automatic · Disponible en Jiangsu. Vehiculo disponible para compradores en Venezuela, con inspeccion, documentos de exportacion y apoyo logistico de HainaAuto. Stock HA-297818806.",in stock,used,13071.98 USD,https://www.hainaautochina.com/vehicles/hainaauto-297818806,https://www.hainaautochina.com/api/vehicle-image/hainaauto/297818806/col_4eba4410a291d997.webp,BYD,"https://www.hainaautochina.com/api/vehicle-image/hainaauto/297818806/col_393dcfd641225222.webp,https://www.hainaautochina.com/api/vehicle-image/hainaauto/297818806/col_2d8e6266c40153ec.webp,https://www.hainaautochina.com/api/vehicle-image/hainaauto/297818806/col_97c55c3f3cadcb36.webp",Sedanes y hatchbacks > 2025 Dolphin 520km/h,2025 Dolphin 520km/h,Venezuela,BYD
hainaauto-400344398,2025 Seal 650 2025 - Importacion desde China a Venezuela,"BYD 2025 · 2025 Seal 650 · 12.500 km · blue · automatic · Disponible en Fujian. Vehiculo disponible para compradores en Venezuela, con inspeccion, documentos de exportacion y apoyo logistico de HainaAuto. Stock HA-400344398.",in stock,used,16091.06 USD,https://www.hainaautochina.com/vehicles/hainaauto-400344398,https://www.hainaautochina.com/api/vehicle-image/hainaauto/400344398/col_755c31ec27886bc0.webp,BYD,"https://www.hainaautochina.com/api/vehicle-image/hainaauto/400344398/col_2f1ceca80a6d34a2.webp,https://www.hainaautochina.com/api/vehicle-image/hainaauto/400344398/col_0036653ff10babcb.webp,https://www.hainaautochina.com/api/vehicle-image/hainaauto/400344398/col_b2c7abb63347773b.webp",Sedanes y hatchbacks > 2025 Seal 650,2025 Seal 650,Venezuela,BYD
cntransit-71068827,2024 Little Sealeo 2024 - Importacion desde China a Venezuela,"Jinbei 2024 · 2024 Little Sealeo · 5.833 km · Multicolor · Manual · Disponible en Shandong. Vehiculo disponible para compradores en Venezuela, con inspeccion, documentos de exportacion y apoyo logistico de HainaAuto. Stock CN-71068827.",in stock,used,8735.18 USD,https://www.hainaautochina.com/vehicles/cntransit-71068827,https://www.hainaautochina.com/api/vehicle-image/cntransit/71068827/col_358780072f0d8a87.jpg,Jinbei,"https://www.hainaautochina.com/api/vehicle-image/cntransit/71068827/col_2f11216b1571f23b.jpg,https://www.hainaautochina.com/api/vehicle-image/cntransit/71068827/col_97c8802e5e9047c0.jpg,https://www.hainaautochina.com/api/vehicle-image/cntransit/71068827/col_4b9613b623b600cc.jpg",Maquinaria y camiones > 2024 Little Sealeo,2024 Little Sealeo,Venezuela,Jinbei
hainaauto-285733505,2024 Little Sealeion 2024 - Importacion desde China a Venezuela,"Jinbei 2024 · 2024 Little Sealeion · 2.083 km · White · Manual · Disponible en Sichuan. Vehiculo disponible para compradores en Venezuela, con inspeccion, documentos de exportacion y apoyo logistico de HainaAuto. Stock HA-285733505.",in stock,used,9152.18 USD,https://www.hainaautochina.com/vehicles/hainaauto-285733505,https://www.hainaautochina.com/api/vehicle-image/hainaauto/285733505/col_cea0674aef5e328f.webp,Jinbei,"https://www.hainaautochina.com/api/vehicle-image/hainaauto/285733505/col_cfcaeadb4ebf1cfc.webp,https://www.hainaautochina.com/api/vehicle-image/hainaauto/285733505/col_09866400a4764439.webp,https://www.hainaautochina.com/api/vehicle-image/hainaauto/285733505/col_350ffee41674e9bf.webp",Maquinaria y camiones > 2024 Little Sealeion,2024 Little Sealeion,Venezuela,Jinbei
hainaauto-946048017,2024 Seagull Glory 2024 - Importacion desde China a Venezuela,"BYD 2024 · 2024 Seagull Glory · 8.333 km · Beige · automatic · Disponible en Guangxi. Vehiculo disponible para compradores en Venezuela, con inspeccion, documentos de exportacion y apoyo logistico de HainaAuto. Stock HA-946048017.",in stock,used,9318.98 USD,https://www.hainaautochina.com/vehicles/hainaauto-946048017,https://www.hainaautochina.com/api/vehicle-image/hainaauto/946048017/col_9be758e59ad9d601.webp,BYD,"https://www.hainaautochina.com/api/vehicle-image/hainaauto/946048017/col_7f4d8947fc663549.webp,https://www.hainaautochina.com/api/vehicle-image/hainaauto/946048017/col_0c08550e7df457cd.webp,https://www.hainaautochina.com/api/vehicle-image/hainaauto/946048017/col_b5b57e3e3a46e519.webp",Sedanes y hatchbacks > 2024 Seagull Glory,2024 Seagull Glory,Venezuela,BYD
hainaauto-494314202,Yangguang 2024 Model 2024 - Importacion desde China a Venezuela,"Wuling 2024 · Yangguang 2024 Model · 47.917 km · White · automatic · Disponible en Jiangsu. Vehiculo disponible para compradores en Venezuela, con inspeccion, documentos de exportacion y apoyo logistico de HainaAuto. Stock HA-494314202.",in stock,used,9735.98 USD,https://www.hainaautochina.com/vehicles/hainaauto-494314202,https://www.hainaautochina.com/api/vehicle-image/hainaauto/494314202/col_e7b6ff15c2aa4e0f.webp,Wuling,"https://www.hainaautochina.com/api/vehicle-image/hainaauto/494314202/col_0c2a3f9d2fa3ffd2.webp,https://www.hainaautochina.com/api/vehicle-image/hainaauto/494314202/col_56f5efaef69cdafa.webp,https://www.hainaautochina.com/api/vehicle-image/hainaauto/494314202/col_8a81985adf350bff.webp",Maquinaria y camiones > Yangguang 2024 Model,Yangguang 2024 Model,Venezuela,Wuling
hainaauto-61685350,Seagull Manual Transmission 2024 - Importacion desde China a Venezuela,"BYD 2024 · Seagull Manual Transmission · 13.750 km · Beige · Manual · Disponible en Jiangxi. Vehiculo disponible para compradores en Venezuela, con inspeccion, documentos de exportacion y apoyo logistico de HainaAuto. Stock HA-61685350.",in stock,used,9752.66 USD,https://www.hainaautochina.com/vehicles/hainaauto-61685350,https://www.hainaautochina.com/api/vehicle-image/hainaauto/61685350/col_44cb84390ca4cec0.webp,BYD,"https://www.hainaautochina.com/api/vehicle-image/hainaauto/61685350/col_068c521dada6ded5.webp,https://www.hainaautochina.com/api/vehicle-image/hainaauto/61685350/col_efd18ba069339e5c.webp,https://www.hainaautochina.com/api/vehicle-image/hainaauto/61685350/col_8b2d0f444e9392fc.webp",Maquinaria y camiones > Seagull Manual Transmission,Seagull Manual Transmission,Venezuela,BYD
cntransit-12667596,Qin EV 2024 2024 - Importacion desde China a Venezuela,"BYD 2024 · Qin EV 2024 · 83.333 km · White · Automatic · Disponible en Hunan. Vehiculo disponible para compradores en Venezuela, con inspeccion, documentos de exportacion y apoyo logistico de HainaAuto. Stock CN-12667596.",in stock,used,9902.78 USD,https://www.hainaautochina.com/vehicles/cntransit-12667596,https://www.hainaautochina.com/api/vehicle-image/cntransit/12667596/col_7a41e20d92f27c78.jpg,BYD,"https://www.hainaautochina.com/api/vehicle-image/cntransit/12667596/col_f760b445925d9a7f.jpg,https://www.hainaautochina.com/api/vehicle-image/cntransit/12667596/col_66a8fa686cfeb571.jpg,https://www.hainaautochina.com/api/vehicle-image/cntransit/12667596/col_585d4dee31b0d5a1.jpg",Sedanes y hatchbacks > Qin EV 2024,Qin EV 2024,Venezuela,BYD
cntransit-29278548,2024 Yangguang 300km 2024 - Importacion desde China a Venezuela,"Wuling 2024 · 2024 Yangguang 300km · 58.333 km · White · Automatic · Disponible en Henan. Vehiculo disponible para compradores en Venezuela, con inspeccion, documentos de exportacion y apoyo logistico de HainaAuto. Stock CN-29278548.",in stock,used,10403.18 USD,https://www.hainaautochina.com/vehicles/cntransit-29278548,https://www.hainaautochina.com/api/vehicle-image/cntransit/29278548/col_83f2b4e0fbd5e85f.jpg,Wuling,"https://www.hainaautochina.com/api/vehicle-image/cntransit/29278548/col_bbaa7757bb34dd54.jpg,https://www.hainaautochina.com/api/vehicle-image/cntransit/29278548/col_9b74ce4589c620e9.jpg,https://www.hainaautochina.com/api/vehicle-image/cntransit/29278548/col_5fa1371345311bcf.jpg",Maquinaria y camiones > 2024 Yangguang 300km,2024 Yangguang 300km,Venezuela,Wuling
hainaauto-380027302,Yangguang 2024 300km 2024 - Importacion desde China a Venezuela,"Wuling 2024 · Yangguang 2024 300km · 22.917 km · White · automatic · Disponible en Tianjin. Vehiculo disponible para compradores en Venezuela, con inspeccion, documentos de exportacion y apoyo logistico de HainaAuto. Stock HA-380027302.",in stock,used,10986.98 USD,https://www.hainaautochina.com/vehicles/hainaauto-380027302,https://www.hainaautochina.com/api/vehicle-image/hainaauto/380027302/col_b9c071bce31b6982.webp,Wuling,"https://www.hainaautochina.com/api/vehicle-image/hainaauto/380027302/col_3a67bb6e2851f455.webp,https://www.hainaautochina.com/api/vehicle-image/hainaauto/380027302/col_162b3731bb61f411.webp,https://www.hainaautochina.com/api/vehicle-image/hainaauto/380027302/col_f2b01f32f2160884.webp",Maquinaria y camiones > Yangguang 2024 300km,Yangguang 2024 300km,Venezuela,Wuling
hainaauto-616726381,Refrigerated Truck Manual 2024 - Importacion desde China a Venezuela,"Qingling 2024 · Refrigerated Truck Manual · 33.333 km · White · Manual · Disponible en Shanxi. Vehiculo disponible para compradores en Venezuela, con inspeccion, documentos de exportacion y apoyo logistico de HainaAuto. Stock HA-616726381.",in stock,used,11087.06 USD,https://www.hainaautochina.com/vehicles/hainaauto-616726381,https://www.hainaautochina.com/api/vehicle-image/hainaauto/616726381/col_a11a28f61d30dbfe.webp,Qingling,"https://www.hainaautochina.com/api/vehicle-image/hainaauto/616726381/col_95fb76cbc18330cc.webp,https://www.hainaautochina.com/api/vehicle-image/hainaauto/616726381/col_fb9ce856b7bc6839.webp,https://www.hainaautochina.com/api/vehicle-image/hainaauto/616726381/col_9972052f87fd089a.webp",Maquinaria y camiones > Refrigerated Truck Manual,Refrigerated Truck Manual,Venezuela,Qingling
hainaauto-29164217,2024 Dolphin Glory 2024 - Importacion desde China a Venezuela,"BYD 2024 · 2024 Dolphin Glory · 16.667 km · Beige · automatic · Disponible en Hunan. Vehiculo disponible para compradores en Venezuela, con inspeccion, documentos de exportacion y apoyo logistico de HainaAuto. Stock HA-29164217.",in stock,used,11403.98 USD,https://www.hainaautochina.com/vehicles/hainaauto-29164217,https://www.hainaautochina.com/api/vehicle-image/hainaauto/29164217/col_4d8098ae1ae82b62.webp,BYD,"https://www.hainaautochina.com/api/vehicle-image/hainaauto/29164217/col_1ebf66332489c639.webp,https://www.hainaautochina.com/api/vehicle-image/hainaauto/29164217/col_f12563f4cbe93317.webp,https://www.hainaautochina.com/api/vehicle-image/hainaauto/29164217/col_f1f59cf237994d99.webp",Sedanes y hatchbacks > 2024 Dolphin Glory,2024 Dolphin Glory,Venezuela,BYD
cntransit-34462387,2024 Seal DM-i 2024 - Importacion desde China a Venezuela,"BYD 2024 · 2024 Seal DM-i · 11.250 km · Beige · Automatic · Disponible en Hunan. Vehiculo disponible para compradores en Venezuela, con inspeccion, documentos de exportacion y apoyo logistico de HainaAuto. Stock CN-34462387.",in stock,used,12838.46 USD,https://www.hainaautochina.com/vehicles/cntransit-34462387,https://www.hainaautochina.com/api/vehicle-image/cntransit/34462387/col_eb1196e21aedd16a.jpg,BYD,"https://www.hainaautochina.com/api/vehicle-image/cntransit/34462387/col_fbda36a6aa1f1db8.jpg,https://www.hainaautochina.com/api/vehicle-image/cntransit/34462387/col_4843b60083e667d4.jpg,https://www.hainaautochina.com/api/vehicle-image/cntransit/34462387/col_3cdefe37450b3fef.jpg",Sedanes y hatchbacks > 2024 Seal DM-i,2024 Seal DM-i,Venezuela,BYD
cntransit-73035299,2024 Seal Glory 2024 - Importacion desde China a Venezuela,"BYD 2024 · 2024 Seal Glory · 15.833 km · Gray · Automatic · Disponible en Guangdong. Vehiculo disponible para compradores en Venezuela, con inspeccion, documentos de exportacion y apoyo logistico de HainaAuto. Stock CN-73035299.",in stock,used,14756.66 USD,https://www.hainaautochina.com/vehicles/cntransit-73035299,https://www.hainaautochina.com/api/vehicle-image/cntransit/73035299/col_eedccef12de99e87.jpg,BYD,"https://www.hainaautochina.com/api/vehicle-image/cntransit/73035299/col_8cbdb5cb481000a9.jpg,https://www.hainaautochina.com/api/vehicle-image/cntransit/73035299/col_fc0b8584ff093e92.jpg,https://www.hainaautochina.com/api/vehicle-image/cntransit/73035299/col_1b5b4bd1f24e2905.jpg",Sedanes y hatchbacks > 2024 Seal Glory,2024 Seal Glory,Venezuela,BYD
hainaauto-633039645,Mustang (Imported) 2024 2024 - Importacion desde China a Venezuela,"Ford 2024 · Mustang (Imported) 2024 · 667 km · grey · automatic · Disponible en Shanghai. Vehiculo disponible para compradores en Venezuela, con inspeccion, documentos de exportacion y apoyo logistico de HainaAuto. Stock HA-633039645.",in stock,used,30677.72 USD,https://www.hainaautochina.com/vehicles/hainaauto-633039645,https://www.hainaautochina.com/api/vehicle-image/hainaauto/633039645/col_55f35d8582d821f2.webp,Ford,"https://www.hainaautochina.com/api/vehicle-image/hainaauto/633039645/col_b30bf1db1bb4542b.webp,https://www.hainaautochina.com/api/vehicle-image/hainaauto/633039645/col_4c4622f32440d22f.webp,https://www.hainaautochina.com/api/vehicle-image/hainaauto/633039645/col_408c69c700a6e761.webp",Superautos y deportivos > Mustang (Imported) 2024,Mustang (Imported) 2024,Venezuela,Ford
hainaauto-761342508,2023 Wuling Zhi 2023 - Importacion desde China a Venezuela,"Wuling 2023 · 2023 Wuling Zhi · 12.083 km · grey · Manual · Disponible en Guangdong. Vehiculo disponible para compradores en Venezuela, con inspeccion, documentos de exportacion y apoyo logistico de HainaAuto. Stock HA-761342508.",in stock,used,8484.98 USD,https://www.hainaautochina.com/vehicles/hainaauto-761342508,https://www.hainaautochina.com/api/vehicle-image/hainaauto/761342508/col_0dd7049bba9309f3.webp,Wuling,"https://www.hainaautochina.com/api/vehicle-image/hainaauto/761342508/col_8521e242f99a88d3.webp,https://www.hainaautochina.com/api/vehicle-image/hainaauto/761342508/col_3c88ed918efc33ed.webp,https://www.hainaautochina.com/api/vehicle-image/hainaauto/761342508/col_e8fd43fc4dfa84c0.webp",Maquinaria y camiones > 2023 Wuling Zhi,2023 Wuling Zhi,Venezuela,Wuling
hainaauto-37144481,2023 Seagull Vitality 2023 - Importacion desde China a Venezuela,"BYD 2023 · 2023 Seagull Vitality · 15.417 km · pink · automatic · Disponible en Jiangxi. Vehiculo disponible para compradores en Venezuela, con inspeccion, documentos de exportacion y apoyo logistico de HainaAuto. Stock HA-37144481.",in stock,used,9402.38 USD,https://www.hainaautochina.com/vehicles/hainaauto-37144481,https://www.hainaautochina.com/api/vehicle-image/hainaauto/37144481/col_2c4dc8387149290d.webp,BYD,"https://www.hainaautochina.com/api/vehicle-image/hainaauto/37144481/col_d51c4cb28227c594.webp,https://www.hainaautochina.com/api/vehicle-image/hainaauto/37144481/col_6450e259e874caa1.webp,https://www.hainaautochina.com/api/vehicle-image/hainaauto/37144481/col_02f4538f49ad2a7d.webp",Sedanes y hatchbacks > 2023 Seagull Vitality,2023 Seagull Vitality,Venezuela,BYD
cntransit-76952123,2023 Seagull Freedom 2023 - Importacion desde China a Venezuela,"BYD 2023 · 2023 Seagull Freedom · 10.833 km · Beige · Automatic · Disponible en Anhui. Vehiculo disponible para compradores en Venezuela, con inspeccion, documentos de exportacion y apoyo logistico de HainaAuto. Stock CN-76952123.",in stock,used,9669.26 USD,https://www.hainaautochina.com/vehicles/cntransit-76952123,https://www.hainaautochina.com/api/vehicle-image/cntransit/76952123/col_ed7ed1dbf7eab2ed.jpg,BYD,"https://www.hainaautochina.com/api/vehicle-image/cntransit/76952123/col_78b13151d7310370.jpg,https://www.hainaautochina.com/api/vehicle-image/cntransit/76952123/col_b97ee1828dbdfaf3.jpg,https://www.hainaautochina.com/api/vehicle-image/cntransit/76952123/col_36bc3f4944b5c2a8.jpg",Sedanes y hatchbacks > 2023 Seagull Freedom,2023 Seagull Freedom,Venezuela,BYD
hainaauto-24749535,2023 Seagull Flying 2023 - Importacion desde China a Venezuela,"BYD 2023 · 2023 Seagull Flying · 20.833 km · Beige · automatic · Disponible en Anhui. Vehiculo disponible para compradores en Venezuela, con inspeccion, documentos de exportacion y apoyo logistico de HainaAuto. Stock HA-24749535.",in stock,used,9819.38 USD,https://www.hainaautochina.com/vehicles/hainaauto-24749535,https://www.hainaautochina.com/api/vehicle-image/hainaauto/24749535/col_b721e43d93ae1dac.webp,BYD,"https://www.hainaautochina.com/api/vehicle-image/hainaauto/24749535/col_7e62b5c951cc5172.webp,https://www.hainaautochina.com/api/vehicle-image/hainaauto/24749535/col_ee1d61abf9f87d2c.webp,https://www.hainaautochina.com/api/vehicle-image/hainaauto/24749535/col_b9553de4267a3b53.webp",Sedanes y hatchbacks > 2023 Seagull Flying,2023 Seagull Flying,Venezuela,BYD
cntransit-75446780,2023 Dolphin 420km 2023 - Importacion desde China a Venezuela,"BYD 2023 · 2023 Dolphin 420km · 16.667 km · Gray · Automatic · Disponible en Shandong. Vehiculo disponible para compradores en Venezuela, con inspeccion, documentos de exportacion y apoyo logistico de HainaAuto. Stock CN-75446780.",in stock,used,9919.46 USD,https://www.hainaautochina.com/vehicles/cntransit-75446780,https://www.hainaautochina.com/api/vehicle-image/cntransit/75446780/col_b379ccaa56b57764.jpg,BYD,"https://www.hainaautochina.com/api/vehicle-image/cntransit/75446780/col_d31cd790f3429404.jpg,https://www.hainaautochina.com/api/vehicle-image/cntransit/75446780/col_a112f892c54cfb87.jpg,https://www.hainaautochina.com/api/vehicle-image/cntransit/75446780/col_c203536e0fe559d4.jpg",Sedanes y hatchbacks > 2023 Dolphin 420km,2023 Dolphin 420km,Venezuela,BYD
hainaauto-125224044,2023 New Dolphin 2023 - Importacion desde China a Venezuela,"Jinbei 2023 · 2023 New Dolphin · 12.500 km · grey · automatic · Disponible en Shanxi. Vehiculo disponible para compradores en Venezuela, con inspeccion, documentos de exportacion y apoyo logistico de HainaAuto. Stock HA-125224044.",in stock,used,10653.38 USD,https://www.hainaautochina.com/vehicles/hainaauto-125224044,https://www.hainaautochina.com/api/vehicle-image/hainaauto/125224044/col_729ec08aca6cee28.webp,Jinbei,"https://www.hainaautochina.com/api/vehicle-image/hainaauto/125224044/col_a584c1734e773f86.webp,https://www.hainaautochina.com/api/vehicle-image/hainaauto/125224044/col_92952ba0f89d0a91.webp,https://www.hainaautochina.com/api/vehicle-image/hainaauto/125224044/col_843b3c650afdd0f4.webp",Maquinaria y camiones > 2023 New Dolphin,2023 New Dolphin,Venezuela,Jinbei
cntransit-51747433,2023 Dolphin 401 2023 - Importacion desde China a Venezuela,"BYD 2023 · 2023 Dolphin 401 · 33.750 km · Blue · Automatic · Disponible en Shanghai. Vehiculo disponible para compradores en Venezuela, con inspeccion, documentos de exportacion y apoyo logistico de HainaAuto. Stock CN-51747433.",in stock,used,10711.76 USD,https://www.hainaautochina.com/vehicles/cntransit-51747433,https://www.hainaautochina.com/api/vehicle-image/cntransit/51747433/col_1367558265b89a3f.jpg,BYD,"https://www.hainaautochina.com/api/vehicle-image/cntransit/51747433/col_73669727c5d5770a.jpg,https://www.hainaautochina.com/api/vehicle-image/cntransit/51747433/col_64374cafe2356931.jpg,https://www.hainaautochina.com/api/vehicle-image/cntransit/51747433/col_b4103e75e5fd257f.jpg",Sedanes y hatchbacks > 2023 Dolphin 401,2023 Dolphin 401,Venezuela,BYD
cntransit-509118215,2023 Dolphin EV 2023 - Importacion desde China a Venezuela,"Kairui 2023 · 2023 Dolphin EV · 45.833 km · White · Automatic · Disponible en Guangxi. Vehiculo disponible para compradores en Venezuela, con inspeccion, documentos de exportacion y apoyo logistico de HainaAuto. Stock CN-509118215.",in stock,used,11153.78 USD,https://www.hainaautochina.com/vehicles/cntransit-509118215,https://www.hainaautochina.com/api/vehicle-image/cntransit/509118215/col_2d8e65b14dbea368.jpg,Kairui,"https://www.hainaautochina.com/api/vehicle-image/cntransit/509118215/col_1e155593c94c9c9b.jpg,https://www.hainaautochina.com/api/vehicle-image/cntransit/509118215/col_f94fd1e079e2e75a.jpg,https://www.hainaautochina.com/api/vehicle-image/cntransit/509118215/col_949d36bc25aa3df4.jpg",Maquinaria y camiones > 2023 Dolphin EV,2023 Dolphin EV,Venezuela,Kairui
hainaauto-968212900,2023 Dolphin 401km 2023 - Importacion desde China a Venezuela,"BYD 2023 · 2023 Dolphin 401km · 20.417 km · blue · automatic · Disponible en Guangdong. Vehiculo disponible para compradores en Venezuela, con inspeccion, documentos de exportacion y apoyo logistico de HainaAuto. Stock HA-968212900.",in stock,used,11921.06 USD,https://www.hainaautochina.com/vehicles/hainaauto-968212900,https://www.hainaautochina.com/api/vehicle-image/hainaauto/968212900/col_444b71e63206fad8.webp,BYD,"https://www.hainaautochina.com/api/vehicle-image/hainaauto/968212900/col_2316e67d9989e198.webp,https://www.hainaautochina.com/api/vehicle-image/hainaauto/968212900/col_595acd1e8479979d.webp,https://www.hainaautochina.com/api/vehicle-image/hainaauto/968212900/col_5df11c2bbe3a9729.webp",Sedanes y hatchbacks > 2023 Dolphin 401km,2023 Dolphin 401km,Venezuela,BYD
cntransit-40743295,2023 Seal DM-i 2023 - Importacion desde China a Venezuela,"BYD 2023 · 2023 Seal DM-i · 16.667 km · Gray · Automatic · Disponible en Jilin. Vehiculo disponible para compradores en Venezuela, con inspeccion, documentos de exportacion y apoyo logistico de HainaAuto. Stock CN-40743295.",in stock,used,12254.66 USD,https://www.hainaautochina.com/vehicles/cntransit-40743295,https://www.hainaautochina.com/api/vehicle-image/cntransit/40743295/col_a015e7590dafdb37.jpg,BYD,"https://www.hainaautochina.com/api/vehicle-image/cntransit/40743295/col_728cc0b9fae27f3d.jpg,https://www.hainaautochina.com/api/vehicle-image/cntransit/40743295/col_b321fdc76ab637f4.jpg,https://www.hainaautochina.com/api/vehicle-image/cntransit/40743295/col_4d39ff71780877fb.jpg",Sedanes y hatchbacks > 2023 Seal DM-i,2023 Seal DM-i,Venezuela,BYD
cntransit-73579483,2023 Seal Champion 2023 - Importacion desde China a Venezuela,"BYD 2023 · 2023 Seal Champion · 60.833 km · White · Automatic · Disponible en Guangdong. Vehiculo disponible para compradores en Venezuela, con inspeccion, documentos de exportacion y apoyo logistico de HainaAuto. Stock CN-73579483.",in stock,used,12988.58 USD,https://www.hainaautochina.com/vehicles/cntransit-73579483,https://www.hainaautochina.com/api/vehicle-image/cntransit/73579483/col_4d0ff7eb5e96c4e3.jpg,BYD,"https://www.hainaautochina.com/api/vehicle-image/cntransit/73579483/col_4c00733878016c5e.jpg,https://www.hainaautochina.com/api/vehicle-image/cntransit/73579483/col_4f9d1af63cf11f11.jpg,https://www.hainaautochina.com/api/vehicle-image/cntransit/73579483/col_2ca394282605649c.jpg",Sedanes y hatchbacks > 2023 Seal Champion,2023 Seal Champion,Venezuela,BYD
hainaauto-674427459,2026 Boyue 1.5TD 2026 - Importacion desde China a Venezuela,"Geely 2026 · 2026 Boyue 1.5TD · 42 km · White · automatic · Disponible en Henan. Vehiculo disponible para compradores en Venezuela, con inspeccion, documentos de exportacion y apoyo logistico de HainaAuto. Stock HA-674427459.",in stock,new,12237.98 USD,https://www.hainaautochina.com/vehicles/hainaauto-674427459,https://www.hainaautochina.com/api/vehicle-image/hainaauto/674427459/col_1f1cc9f83ca9f14b.webp,Geely,"https://www.hainaautochina.com/api/vehicle-image/hainaauto/674427459/col_34e51da4989d649f.webp,https://www.hainaautochina.com/api/vehicle-image/hainaauto/674427459/col_49176c3657cf50b8.webp,https://www.hainaautochina.com/api/vehicle-image/hainaauto/674427459/col_b9c8285977de4bcb.webp",SUV y todoterrenos > 2026 Boyue 1.5TD,2026 Boyue 1.5TD,Venezuela,Geely
cntransit-060217534,2026 Xingyue L 2026 - Importacion desde China a Venezuela,"Geely 2026 · 2026 Xingyue L · 42 km · Black · Automatic · Disponible en Sichuan. Vehiculo disponible para compradores en Venezuela, con inspeccion, documentos de exportacion y apoyo logistico de HainaAuto. Stock CN-060217534.",in stock,new,15173.66 USD,https://www.hainaautochina.com/vehicles/cntransit-060217534,https://www.hainaautochina.com/api/vehicle-image/cntransit/060217534/col_c09475ae32f710c4.jpg,Geely,"https://www.hainaautochina.com/api/vehicle-image/cntransit/060217534/col_ea95c98e435539a2.jpg,https://www.hainaautochina.com/api/vehicle-image/cntransit/060217534/col_7c772655690681e1.jpg,https://www.hainaautochina.com/api/vehicle-image/cntransit/060217534/col_51299cb8ecd39839.jpg",SUV y todoterrenos > 2026 Xingyue L,2026 Xingyue L,Venezuela,Geely
hainaauto-907231113,2025 Binyue 1.5 2025 - Importacion desde China a Venezuela,"Geely 2025 · 2025 Binyue 1.5 · 42 km · White · automatic · Disponible en Henan. Vehiculo disponible para compradores en Venezuela, con inspeccion, documentos de exportacion y apoyo logistico de HainaAuto. Stock HA-907231113.",in stock,new,11128.76 USD,https://www.hainaautochina.com/vehicles/hainaauto-907231113,https://www.hainaautochina.com/api/vehicle-image/hainaauto/907231113/col_7b6f6705c9eca1f5.webp,Geely,"https://www.hainaautochina.com/api/vehicle-image/hainaauto/907231113/col_c260e5fbbfb53ce9.webp,https://www.hainaautochina.com/api/vehicle-image/hainaauto/907231113/col_bcf4a4bbba7af8cf.webp,https://www.hainaautochina.com/api/vehicle-image/hainaauto/907231113/col_30b2da4444592b67.webp",SUV y todoterrenos > 2025 Binyue 1.5,2025 Binyue 1.5,Venezuela,Geely
hainaauto-189551614,2025 Binyue L 2025 - Importacion desde China a Venezuela,"Geely 2025 · 2025 Binyue L · 42 km · White · automatic · Disponible en Jiangsu. Vehiculo disponible para compradores en Venezuela, con inspeccion, documentos de exportacion y apoyo logistico de HainaAuto. Stock HA-189551614.",in stock,new,12071.18 USD,https://www.hainaautochina.com/vehicles/hainaauto-189551614,https://www.hainaautochina.com/api/vehicle-image/hainaauto/189551614/col_f98e65f3c0ecd076.webp,Geely,"https://www.hainaautochina.com/api/vehicle-image/hainaauto/189551614/col_a7a4ba5074a7593e.webp,https://www.hainaautochina.com/api/vehicle-image/hainaauto/189551614/col_67528788167e6138.webp,https://www.hainaautochina.com/api/vehicle-image/hainaauto/189551614/col_806bbbd3d1c4e81b.webp",SUV y todoterrenos > 2025 Binyue L,2025 Binyue L,Venezuela,Geely
hainaauto-586322316,2025 Boyue L 2025 - Importacion desde China a Venezuela,"Geely 2025 · 2025 Boyue L · 0 km · black · automatic · Disponible en Shanxi. Vehiculo disponible para compradores en Venezuela, con inspeccion, documentos de exportacion y apoyo logistico de HainaAuto. Stock HA-586322316.",in stock,new,13046.96 USD,https://www.hainaautochina.com/vehicles/hainaauto-586322316,https://www.hainaautochina.com/api/vehicle-image/hainaauto/586322316/col_fe2e0966d11ba373.webp,Geely,"https://www.hainaautochina.com/api/vehicle-image/hainaauto/586322316/col_d5df05b215b3823e.webp,https://www.hainaautochina.com/api/vehicle-image/hainaauto/586322316/col_e52b53d924c49423.webp,https://www.hainaautochina.com/api/vehicle-image/hainaauto/586322316/col_b6d0494381c84e94.webp",SUV y todoterrenos > 2025 Boyue L,2025 Boyue L,Venezuela,Geely
hainaauto-659216524,2025 Xingyue L 2025 - Importacion desde China a Venezuela,"Geely 2025 · 2025 Xingyue L · 42 km · silver · automatic · Disponible en Henan. Vehiculo disponible para compradores en Venezuela, con inspeccion, documentos de exportacion y apoyo logistico de HainaAuto. Stock HA-659216524.",in stock,new,15907.58 USD,https://www.hainaautochina.com/vehicles/hainaauto-659216524,https://www.hainaautochina.com/api/vehicle-image/hainaauto/659216524/col_82a635b5b2c5c461.webp,Geely,"https://www.hainaautochina.com/api/vehicle-image/hainaauto/659216524/col_39322a252143b043.webp,https://www.hainaautochina.com/api/vehicle-image/hainaauto/659216524/col_b18464cd9141bed2.webp,https://www.hainaautochina.com/api/vehicle-image/hainaauto/659216524/col_fef49264d97e7315.webp",SUV y todoterrenos > 2025 Xingyue L,2025 Xingyue L,Venezuela,Geely
hainaauto-921715892,Boyue L 2024 2024 - Importacion desde China a Venezuela,"Geely 2024 · Boyue L 2024 · 42 km · White · 7-speed wet dual-clutch · Disponible en Henan. Vehiculo disponible para compradores en Venezuela, con inspeccion, documentos de exportacion y apoyo logistico de HainaAuto. Stock HA-921715892.",in stock,new,12821.78 USD,https://www.hainaautochina.com/vehicles/hainaauto-921715892,https://www.hainaautochina.com/api/vehicle-image/hainaauto/921715892/col_d47fa47c2f3098be.webp,Geely,"https://www.hainaautochina.com/api/vehicle-image/hainaauto/921715892/col_12686775714f819a.webp,https://www.hainaautochina.com/api/vehicle-image/hainaauto/921715892/col_b99a6f0842277b99.webp,https://www.hainaautochina.com/api/vehicle-image/hainaauto/921715892/col_8eafd21c4c6c52d7.webp",SUV y todoterrenos > Boyue L 2024,Boyue L 2024,Venezuela,Geely
hainaauto-322046324,Xingyue L 2024 2024 - Importacion desde China a Venezuela,"Geely 2024 · Xingyue L 2024 · 42 km · black · 7-speed wet dual-clutch · Disponible en Jiangxi. Vehiculo disponible para compradores en Venezuela, con inspeccion, documentos de exportacion y apoyo logistico de HainaAuto. Stock HA-322046324.",in stock,new,15590.66 USD,https://www.hainaautochina.com/vehicles/hainaauto-322046324,https://www.hainaautochina.com/api/vehicle-image/hainaauto/322046324/col_c881cca2eda3ce86.webp,Geely,"https://www.hainaautochina.com/api/vehicle-image/hainaauto/322046324/col_0b773696a05d1f19.webp,https://www.hainaautochina.com/api/vehicle-image/hainaauto/322046324/col_d0f70008e52e34cd.webp,https://www.hainaautochina.com/api/vehicle-image/hainaauto/322046324/col_e369b97544593157.webp",SUV y todoterrenos > Xingyue L 2024,Xingyue L 2024,Venezuela,Geely
hainaauto-100527087,Xingyue L Smart 2024 - Importacion desde China a Venezuela,"Geely 2024 · Xingyue L Smart · 42 km · grey · 3-speed DHT · Disponible en Sichuan. Vehiculo disponible para compradores en Venezuela, con inspeccion, documentos de exportacion y apoyo logistico de HainaAuto. Stock HA-100527087.",in stock,new,16491.38 USD,https://www.hainaautochina.com/vehicles/hainaauto-100527087,https://www.hainaautochina.com/api/vehicle-image/hainaauto/100527087/col_6e036f2f0a9a76c4.webp,Geely,"https://www.hainaautochina.com/api/vehicle-image/hainaauto/100527087/col_78c85a4694da1f9b.webp,https://www.hainaautochina.com/api/vehicle-image/hainaauto/100527087/col_7d8a54539c1fceff.webp,https://www.hainaautochina.com/api/vehicle-image/hainaauto/100527087/col_34a07e8410f7ae77.webp",SUV y todoterrenos > Xingyue L Smart,Xingyue L Smart,Venezuela,Geely
hainaauto-194625971,2026 Boyue L 2026 - Importacion desde China a Venezuela,"Geely 2026 · 2026 Boyue L · 417 km · grey · automatic · Disponible en Beijing. Vehiculo disponible para compradores en Venezuela, con inspeccion, documentos de exportacion y apoyo logistico de HainaAuto. Stock HA-194625971.",in stock,used,13922.66 USD,https://www.hainaautochina.com/vehicles/hainaauto-194625971,https://www.hainaautochina.com/api/vehicle-image/hainaauto/194625971/col_33fed0c77ccd31f5.webp,Geely,"https://www.hainaautochina.com/api/vehicle-image/hainaauto/194625971/col_5dec699abcfedc32.webp,https://www.hainaautochina.com/api/vehicle-image/hainaauto/194625971/col_6c93094f06da71ce.webp,https://www.hainaautochina.com/api/vehicle-image/hainaauto/194625971/col_84be56ec48af1cd3.webp",SUV y todoterrenos > 2026 Boyue L,2026 Boyue L,Venezuela,Geely
cntransit-962116958,2026 Boyue REV 2026 - Importacion desde China a Venezuela,"Geely 2026 · 2026 Boyue REV · 750 km · Gray · Automatic · Disponible en Shandong. Vehiculo disponible para compradores en Venezuela, con inspeccion, documentos de exportacion y apoyo logistico de HainaAuto. Stock CN-962116958.",in stock,used,15273.74 USD,https://www.hainaautochina.com/vehicles/cntransit-962116958,https://www.hainaautochina.com/api/vehicle-image/cntransit/962116958/col_0f9a1c016d7b65d4.jpg,Geely,"https://www.hainaautochina.com/api/vehicle-image/cntransit/962116958/col_2b44f9b5ebf88d9c.jpg,https://www.hainaautochina.com/api/vehicle-image/cntransit/962116958/col_9375b82004e41398.jpg,https://www.hainaautochina.com/api/vehicle-image/cntransit/962116958/col_bddd404eb7c62a05.jpg",SUV y todoterrenos > 2026 Boyue REV,2026 Boyue REV,Venezuela,Geely
hainaauto-012828117,Binyue 2024 1.5T 2024 - Importacion desde China a Venezuela,"Geely 2024 · Binyue 2024 1.5T · 6.250 km · grey · 7-speed wet dual-clutch · Disponible en Liaoning. Vehiculo disponible para compradores en Venezuela, con inspeccion, documentos de exportacion y apoyo logistico de HainaAuto. Stock HA-012828117.",in stock,used,9627.56 USD,https://www.hainaautochina.com/vehicles/hainaauto-012828117,https://www.hainaautochina.com/api/vehicle-image/hainaauto/012828117/col_4f2dbcca0409357c.webp,Geely,"https://www.hainaautochina.com/api/vehicle-image/hainaauto/012828117/col_521af3a635bef00b.webp,https://www.hainaautochina.com/api/vehicle-image/hainaauto/012828117/col_973cbe29ff17f52a.webp,https://www.hainaautochina.com/api/vehicle-image/hainaauto/012828117/col_cb7cf1470cbad88a.webp",SUV y todoterrenos > Binyue 2024 1.5T,Binyue 2024 1.5T,Venezuela,Geely
hainaauto-300520247,Boyue 2024 1.5TD 2024 - Importacion desde China a Venezuela,"Geely 2024 · Boyue 2024 1.5TD · 2.083 km · White · 7-speed wet dual-clutch · Disponible en Shandong. Vehiculo disponible para compradores en Venezuela, con inspeccion, documentos de exportacion y apoyo logistico de HainaAuto. Stock HA-300520247.",in stock,used,10670.06 USD,https://www.hainaautochina.com/vehicles/hainaauto-300520247,https://www.hainaautochina.com/api/vehicle-image/hainaauto/300520247/col_a0ba4a1e3ad1a373.webp,Geely,"https://www.hainaautochina.com/api/vehicle-image/hainaauto/300520247/col_ad5d91e2651ea7b2.webp,https://www.hainaautochina.com/api/vehicle-image/hainaauto/300520247/col_1cee93dd05c541ad.webp,https://www.hainaautochina.com/api/vehicle-image/hainaauto/300520247/col_513cb5df56c3d181.webp",SUV y todoterrenos > Boyue 2024 1.5TD,Boyue 2024 1.5TD,Venezuela,Geely
cntransit-475213192,2024 Boyue COOL 2024 - Importacion desde China a Venezuela,"Geely 2024 · 2024 Boyue COOL · 2.500 km · Blue · Automatic · Disponible en Hunan. Vehiculo disponible para compradores en Venezuela, con inspeccion, documentos de exportacion y apoyo logistico de HainaAuto. Stock CN-475213192.",in stock,used,11487.38 USD,https://www.hainaautochina.com/vehicles/cntransit-475213192,https://www.hainaautochina.com/api/vehicle-image/cntransit/475213192/col_005fa91ea296714d.jpg,Geely,"https://www.hainaautochina.com/api/vehicle-image/cntransit/475213192/col_1399b66805bc8224.jpg,https://www.hainaautochina.com/api/vehicle-image/cntransit/475213192/col_055e8381a7e4bf31.jpg,https://www.hainaautochina.com/api/vehicle-image/cntransit/475213192/col_900550d09eff69af.jpg",SUV y todoterrenos > 2024 Boyue COOL,2024 Boyue COOL,Venezuela,Geely
hainaauto-93816250,Boyue L 2023 2023 - Importacion desde China a Venezuela,"Geely 2023 · Boyue L 2023 · 11.667 km · black · 7-speed wet dual-clutch · Disponible en Hunan. Vehiculo disponible para compradores en Venezuela, con inspeccion, documentos de exportacion y apoyo logistico de HainaAuto. Stock HA-93816250.",in stock,used,10069.58 USD,https://www.hainaautochina.com/vehicles/hainaauto-93816250,https://www.hainaautochina.com/api/vehicle-image/hainaauto/93816250/col_ee5ded3e31af575d.webp,Geely,"https://www.hainaautochina.com/api/vehicle-image/hainaauto/93816250/col_0e8ceade0db06658.webp,https://www.hainaautochina.com/api/vehicle-image/hainaauto/93816250/col_94953fbe499804d8.webp,https://www.hainaautochina.com/api/vehicle-image/hainaauto/93816250/col_3caacc88e4fbabb1.webp",SUV y todoterrenos > Boyue L 2023,Boyue L 2023,Venezuela,Geely
hainaauto-610552722,Boyue COOL 1.5TD 2023 - Importacion desde China a Venezuela,"Geely 2023 · Boyue COOL 1.5TD · 2.625 km · White · 7-speed wet dual-clutch · Disponible en Fujian. Vehiculo disponible para compradores en Venezuela, con inspeccion, documentos de exportacion y apoyo logistico de HainaAuto. Stock HA-610552722.",in stock,used,10319.78 USD,https://www.hainaautochina.com/vehicles/hainaauto-610552722,https://www.hainaautochina.com/api/vehicle-image/hainaauto/610552722/col_866e593fe13d2e86.webp,Geely,"https://www.hainaautochina.com/api/vehicle-image/hainaauto/610552722/col_505e0ab3218c830f.webp,https://www.hainaautochina.com/api/vehicle-image/hainaauto/610552722/col_45da1fed31bc52e5.webp,https://www.hainaautochina.com/api/vehicle-image/hainaauto/610552722/col_5bfa130b62382dbe.webp",SUV y todoterrenos > Boyue COOL 1.5TD,Boyue COOL 1.5TD,Venezuela,Geely
hainaauto-817042723,Binyue 2023 1.5T 2023 - Importacion desde China a Venezuela,"Geely 2023 · Binyue 2023 1.5T · 13.750 km · White · 7-speed wet dual-clutch · Disponible en Hubei. Vehiculo disponible para compradores en Venezuela, con inspeccion, documentos de exportacion y apoyo logistico de HainaAuto. Stock HA-817042723.",in stock,used,10544.96 USD,https://www.hainaautochina.com/vehicles/hainaauto-817042723,https://www.hainaautochina.com/api/vehicle-image/hainaauto/817042723/col_d841d1d3744ad06f.webp,Geely,"https://www.hainaautochina.com/api/vehicle-image/hainaauto/817042723/col_66ca7129e8e4885e.webp,https://www.hainaautochina.com/api/vehicle-image/hainaauto/817042723/col_4e7d125c1cd80537.webp,https://www.hainaautochina.com/api/vehicle-image/hainaauto/817042723/col_1274da7d07b22093.webp",SUV y todoterrenos > Binyue 2023 1.5T,Binyue 2023 1.5T,Venezuela,Geely
cntransit-08029977,2023 BinYue 1.4T 2023 - Importacion desde China a Venezuela,"Geely 2023 · 2023 BinYue 1.4T · 9.583 km · White · Manual · Disponible en Henan. Vehiculo disponible para compradores en Venezuela, con inspeccion, documentos de exportacion y apoyo logistico de HainaAuto. Stock CN-08029977.",in stock,used,11070.38 USD,https://www.hainaautochina.com/vehicles/cntransit-08029977,https://www.hainaautochina.com/api/vehicle-image/cntransit/08029977/col_7a7e92bb9c3f0b6e.jpg,Geely,"https://www.hainaautochina.com/api/vehicle-image/cntransit/08029977/col_99186474dceb95cd.jpg,https://www.hainaautochina.com/api/vehicle-image/cntransit/08029977/col_757eee94dca2afa4.jpg,https://www.hainaautochina.com/api/vehicle-image/cntransit/08029977/col_acef4c690421fd6d.jpg",SUV y todoterrenos > 2023 BinYue 1.4T,2023 BinYue 1.4T,Venezuela,Geely
hainaauto-456923718,Binyue 2023 Model: 2023 - Importacion desde China a Venezuela,"Geely 2023 · Binyue 2023 Model: · 14.125 km · black · 7-speed wet dual-clutch · Disponible en Shanxi. Vehiculo disponible para compradores en Venezuela, con inspeccion, documentos de exportacion y apoyo logistico de HainaAuto. Stock HA-456923718.",in stock,used,12004.46 USD,https://www.hainaautochina.com/vehicles/hainaauto-456923718,https://www.hainaautochina.com/api/vehicle-image/hainaauto/456923718/col_673e9b5cbfce04cf.webp,Geely,"https://www.hainaautochina.com/api/vehicle-image/hainaauto/456923718/col_2b06a022d818d08b.webp,https://www.hainaautochina.com/api/vehicle-image/hainaauto/456923718/col_2afd1be981cb370c.webp,https://www.hainaautochina.com/api/vehicle-image/hainaauto/456923718/col_70471d779bedd478.webp",SUV y todoterrenos > Binyue 2023 Model:,Binyue 2023 Model:,Venezuela,Geely
hainaauto-939127676,Xingyue L 2023 2023 - Importacion desde China a Venezuela,"Geely 2023 · Xingyue L 2023 · 33.333 km · grey · 8-speed automatic transmission · Disponible en Hunan. Vehiculo disponible para compradores en Venezuela, con inspeccion, documentos de exportacion y apoyo logistico de HainaAuto. Stock HA-939127676.",in stock,used,12755.06 USD,https://www.hainaautochina.com/vehicles/hainaauto-939127676,https://www.hainaautochina.com/api/vehicle-image/hainaauto/939127676/col_59332b19ba830c9b.webp,Geely,"https://www.hainaautochina.com/api/vehicle-image/hainaauto/939127676/col_764fc74308f6ef4e.webp,https://www.hainaautochina.com/api/vehicle-image/hainaauto/939127676/col_be7f349b6083c04b.webp,https://www.hainaautochina.com/api/vehicle-image/hainaauto/939127676/col_75ac923c75af4f69.webp",SUV y todoterrenos > Xingyue L 2023,Xingyue L 2023,Venezuela,Geely
hainaauto-585012221,Xingyue L 2.0TD 2023 - Importacion desde China a Venezuela,"Geely 2023 · Xingyue L 2.0TD · 15.833 km · grey · 8-speed automatic transmission · Disponible en Jiangsu. Vehiculo disponible para compradores en Venezuela, con inspeccion, documentos de exportacion y apoyo logistico de HainaAuto. Stock HA-585012221.",in stock,used,14006.06 USD,https://www.hainaautochina.com/vehicles/hainaauto-585012221,https://www.hainaautochina.com/api/vehicle-image/hainaauto/585012221/col_a0f04c13faa04aef.webp,Geely,"https://www.hainaautochina.com/api/vehicle-image/hainaauto/585012221/col_0a81cf56c8f0612e.webp,https://www.hainaautochina.com/api/vehicle-image/hainaauto/585012221/col_a57c16c1f2605469.webp,https://www.hainaautochina.com/api/vehicle-image/hainaauto/585012221/col_53831d63a51dedbe.webp",SUV y todoterrenos > Xingyue L 2.0TD,Xingyue L 2.0TD,Venezuela,Geely
hainaauto-541051287,2026 Emgrand—Sedan 1.5 2026 - Importacion desde China a Venezuela,"Geely 2026 · 2026 Emgrand—Sedan 1.5 · 42 km · White · automatic · Disponible en Ningxia. Vehiculo disponible para compradores en Venezuela, con inspeccion, documentos de exportacion y apoyo logistico de HainaAuto. Stock HA-541051287.",in stock,new,11153.78 USD,https://www.hainaautochina.com/vehicles/hainaauto-541051287,https://www.hainaautochina.com/api/vehicle-image/hainaauto/541051287/col_93a219127992a24a.webp,Geely,"https://www.hainaautochina.com/api/vehicle-image/hainaauto/541051287/col_b5a2b0b4ab3d9101.webp,https://www.hainaautochina.com/api/vehicle-image/hainaauto/541051287/col_a755ba7b5ffe1138.webp,https://www.hainaautochina.com/api/vehicle-image/hainaauto/541051287/col_6804ee819522d247.webp",Sedanes y hatchbacks > 2026 Emgrand—Sedan 1.5,2026 Emgrand—Sedan 1.5,Venezuela,Geely
cntransit-947012416,2026 Emgrand—Sedan 1.5T 2026 - Importacion desde China a Venezuela,"Geely 2026 · 2026 Emgrand—Sedan 1.5T · 42 km · gold · Automatic · Disponible en Anhui. Vehiculo disponible para compradores en Venezuela, con inspeccion, documentos de exportacion y apoyo logistico de HainaAuto. Stock CN-947012416.",in stock,new,12154.58 USD,https://www.hainaautochina.com/vehicles/cntransit-947012416,https://www.hainaautochina.com/api/vehicle-image/cntransit/947012416/col_dc1e010d0a6e1d79.jpg,Geely,"https://www.hainaautochina.com/api/vehicle-image/cntransit/947012416/col_480ff22bd6e53034.jpg,https://www.hainaautochina.com/api/vehicle-image/cntransit/947012416/col_31a72ab663593abc.jpg,https://www.hainaautochina.com/api/vehicle-image/cntransit/947012416/col_256928e4f8458610.jpg",Sedanes y hatchbacks > 2026 Emgrand—Sedan 1.5T,2026 Emgrand—Sedan 1.5T,Venezuela,Geely
hainaauto-467937904,2025 Emgrand Sedan 2025 - Importacion desde China a Venezuela,"Geely 2025 · 2025 Emgrand Sedan · 0 km · White · Manual · Disponible en Shanxi. Vehiculo disponible para compradores en Venezuela, con inspeccion, documentos de exportacion y apoyo logistico de HainaAuto. Stock HA-467937904.",in stock,new,10569.98 USD,https://www.hainaautochina.com/vehicles/hainaauto-467937904,https://www.hainaautochina.com/api/vehicle-image/hainaauto/467937904/col_e15c9efd0b03634f.webp,Geely,"https://www.hainaautochina.com/api/vehicle-image/hainaauto/467937904/col_fd7b9b8ee748c814.webp,https://www.hainaautochina.com/api/vehicle-image/hainaauto/467937904/col_85b37d51344dec08.webp,https://www.hainaautochina.com/api/vehicle-image/hainaauto/467937904/col_7b00910066ef750d.webp",Sedanes y hatchbacks > 2025 Emgrand Sedan,2025 Emgrand Sedan,Venezuela,Geely
hainaauto-632333986,2026 Emgrand Sedan 2026 - Importacion desde China a Venezuela,"Geely 2026 · 2026 Emgrand Sedan · 833 km · White · Manual · Disponible en Henan. Vehiculo disponible para compradores en Venezuela, con inspeccion, documentos de exportacion y apoyo logistico de HainaAuto. Stock HA-632333986.",in stock,used,10152.98 USD,https://www.hainaautochina.com/vehicles/hainaauto-632333986,https://www.hainaautochina.com/api/vehicle-image/hainaauto/632333986/col_93560c148445d207.webp,Geely,"https://www.hainaautochina.com/api/vehicle-image/hainaauto/632333986/col_49667ac5946ae187.webp,https://www.hainaautochina.com/api/vehicle-image/hainaauto/632333986/col_087434f9cfefe063.webp,https://www.hainaautochina.com/api/vehicle-image/hainaauto/632333986/col_09ada35297df91ab.webp",Sedanes y hatchbacks > 2026 Emgrand Sedan,2026 Emgrand Sedan,Venezuela,Geely
cntransit-294319230,2025 Emgrand—Sedan 1.5 2025 - Importacion desde China a Venezuela,"Geely 2025 · 2025 Emgrand—Sedan 1.5 · 4.167 km · White · Automatic · Disponible en Zhejiang. Vehiculo disponible para compradores en Venezuela, con inspeccion, documentos de exportacion y apoyo logistico de HainaAuto. Stock CN-294319230.",in stock,used,10086.26 USD,https://www.hainaautochina.com/vehicles/cntransit-294319230,https://www.hainaautochina.com/api/vehicle-image/cntransit/294319230/col_133deef09f4b2fc6.jpg,Geely,"https://www.hainaautochina.com/api/vehicle-image/cntransit/294319230/col_c3730740c23fcf13.jpg,https://www.hainaautochina.com/api/vehicle-image/cntransit/294319230/col_adb4389944990178.jpg,https://www.hainaautochina.com/api/vehicle-image/cntransit/294319230/col_c2463c0f89498fe9.jpg",Sedanes y hatchbacks > 2025 Emgrand—Sedan 1.5,2025 Emgrand—Sedan 1.5,Venezuela,Geely
hainaauto-906244389,Emgrand 2025 4th 2025 - Importacion desde China a Venezuela,"Geely 2025 · Emgrand 2025 4th · 3.125 km · White · CVT continuously variable transmission · Disponible en Chongqing. Vehiculo disponible para compradores en Venezuela, con inspeccion, documentos de exportacion y apoyo logistico de HainaAuto. Stock HA-906244389.",in stock,used,10403.18 USD,https://www.hainaautochina.com/vehicles/hainaauto-906244389,https://www.hainaautochina.com/api/vehicle-image/hainaauto/906244389/col_df8616d5d77ebc5c.webp,Geely,"https://www.hainaautochina.com/api/vehicle-image/hainaauto/906244389/col_29da0c9651d346da.webp,https://www.hainaautochina.com/api/vehicle-image/hainaauto/906244389/col_07888009a468b4bc.webp,https://www.hainaautochina.com/api/vehicle-image/hainaauto/906244389/col_9489999e9b6a1a41.webp",Sedanes y hatchbacks > Emgrand 2025 4th,Emgrand 2025 4th,Venezuela,Geely
hainaauto-900017961,Emgrand L HiP 2024 - Importacion desde China a Venezuela,"Geely 2024 · Emgrand L HiP · 20.833 km · grey · 3-speed DHT · Disponible en Guangdong. Vehiculo disponible para compradores en Venezuela, con inspeccion, documentos de exportacion y apoyo logistico de HainaAuto. Stock HA-900017961.",in stock,used,9752.66 USD,https://www.hainaautochina.com/vehicles/hainaauto-900017961,https://www.hainaautochina.com/api/vehicle-image/hainaauto/900017961/col_5e932bfb6fc48638.webp,Geely,"https://www.hainaautochina.com/api/vehicle-image/hainaauto/900017961/col_532d8269a242f766.webp,https://www.hainaautochina.com/api/vehicle-image/hainaauto/900017961/col_fb54f4c92e69de59.webp,https://www.hainaautochina.com/api/vehicle-image/hainaauto/900017961/col_4f7192d4680ea952.webp",Sedanes y hatchbacks > Emgrand L HiP,Emgrand L HiP,Venezuela,Geely
hainaauto-587043653,Emgrand 2023 4th 2023 - Importacion desde China a Venezuela,"Geely 2023 · Emgrand 2023 4th · 12.917 km · blue · CVT continuously variable transmission · Disponible en Shaanxi. Vehiculo disponible para compradores en Venezuela, con inspeccion, documentos de exportacion y apoyo logistico de HainaAuto. Stock HA-587043653.",in stock,used,8985.38 USD,https://www.hainaautochina.com/vehicles/hainaauto-587043653,https://www.hainaautochina.com/api/vehicle-image/hainaauto/587043653/col_7fea0e406f9a97a2.webp,Geely,"https://www.hainaautochina.com/api/vehicle-image/hainaauto/587043653/col_f196292e19df1aa6.webp,https://www.hainaautochina.com/api/vehicle-image/hainaauto/587043653/col_4a62ae5a684ab84b.webp,https://www.hainaautochina.com/api/vehicle-image/hainaauto/587043653/col_127308812a3afb1f.webp",Sedanes y hatchbacks > Emgrand 2023 4th,Emgrand 2023 4th,Venezuela,Geely
hainaauto-118327125,2023 Emgrand Sedan 2023 - Importacion desde China a Venezuela,"Geely 2023 · 2023 Emgrand Sedan · 1.667 km · grey · Manual · Disponible en Hebei. Vehiculo disponible para compradores en Venezuela, con inspeccion, documentos de exportacion y apoyo logistico de HainaAuto. Stock HA-118327125.",in stock,used,9419.06 USD,https://www.hainaautochina.com/vehicles/hainaauto-118327125,https://www.hainaautochina.com/api/vehicle-image/hainaauto/118327125/col_f3c5370c579199b9.webp,Geely,"https://www.hainaautochina.com/api/vehicle-image/hainaauto/118327125/col_bffb304685b0285f.webp,https://www.hainaautochina.com/api/vehicle-image/hainaauto/118327125/col_58b3994de22b4ab7.webp,https://www.hainaautochina.com/api/vehicle-image/hainaauto/118327125/col_223dc00a97cf6312.webp",Sedanes y hatchbacks > 2023 Emgrand Sedan,2023 Emgrand Sedan,Venezuela,Geely
hainaauto-070623756,2026 X70 PLUS 2026 - Importacion desde China a Venezuela,"Jetour 2026 · 2026 X70 PLUS · 42 km · White · automatic · Disponible en Hunan. Vehiculo disponible para compradores en Venezuela, con inspeccion, documentos de exportacion y apoyo logistico de HainaAuto. Stock HA-070623756.",in stock,new,13155.38 USD,https://www.hainaautochina.com/vehicles/hainaauto-070623756,https://www.hainaautochina.com/api/vehicle-image/hainaauto/070623756/col_085b05bc77257fef.webp,Jetour,"https://www.hainaautochina.com/api/vehicle-image/hainaauto/070623756/col_ff2ecfec83ad64d7.webp,https://www.hainaautochina.com/api/vehicle-image/hainaauto/070623756/col_1feacf97ec76bef2.webp,https://www.hainaautochina.com/api/vehicle-image/hainaauto/070623756/col_34bca5bcca52b2b3.webp",SUV y todoterrenos > 2026 X70 PLUS,2026 X70 PLUS,Venezuela,Jetour
hainaauto-688018063,2026 Traveler 1.5TD 2026 - Importacion desde China a Venezuela,"Jetour 2026 · 2026 Traveler 1.5TD · 2.500 km · black · automatic · Disponible en Guangdong. Vehiculo disponible para compradores en Venezuela, con inspeccion, documentos de exportacion y apoyo logistico de HainaAuto. Stock HA-688018063.",in stock,used,15657.38 USD,https://www.hainaautochina.com/vehicles/hainaauto-688018063,https://www.hainaautochina.com/api/vehicle-image/hainaauto/688018063/col_6b5c8b9915fe55ae.webp,Jetour,"https://www.hainaautochina.com/api/vehicle-image/hainaauto/688018063/col_a438e34324a1cf92.webp,https://www.hainaautochina.com/api/vehicle-image/hainaauto/688018063/col_429391cdb3ab5c91.webp,https://www.hainaautochina.com/api/vehicle-image/hainaauto/688018063/col_1a63f50ae3d5dd04.webp",SUV y todoterrenos > 2026 Traveler 1.5TD,2026 Traveler 1.5TD,Venezuela,Jetour
hainaauto-474315889,2026 Traveler 2.0TD 2026 - Importacion desde China a Venezuela,"Jetour 2026 · 2026 Traveler 2.0TD · 2.500 km · black · automatic · Disponible en Henan. Vehiculo disponible para compradores en Venezuela, con inspeccion, documentos de exportacion y apoyo logistico de HainaAuto. Stock HA-474315889.",in stock,used,17575.58 USD,https://www.hainaautochina.com/vehicles/hainaauto-474315889,https://www.hainaautochina.com/api/vehicle-image/hainaauto/474315889/col_ea41a69f807617f9.webp,Jetour,"https://www.hainaautochina.com/api/vehicle-image/hainaauto/474315889/col_2ecc2b9e64e5af2c.webp,https://www.hainaautochina.com/api/vehicle-image/hainaauto/474315889/col_29a7bacc9c09edca.webp,https://www.hainaautochina.com/api/vehicle-image/hainaauto/474315889/col_888d41e44d26babc.webp",SUV y todoterrenos > 2026 Traveler 2.0TD,2026 Traveler 2.0TD,Venezuela,Jetour
hainaauto-507918852,2026 Traveler C-DM 2026 - Importacion desde China a Venezuela,"Jetour 2026 · 2026 Traveler C-DM · 2.292 km · grey · automatic · Disponible en Sichuan. Vehiculo disponible para compradores en Venezuela, con inspeccion, documentos de exportacion y apoyo logistico de HainaAuto. Stock HA-507918852.",in stock,used,18909.98 USD,https://www.hainaautochina.com/vehicles/hainaauto-507918852,https://www.hainaautochina.com/api/vehicle-image/hainaauto/507918852/col_c486334166067150.webp,Jetour,"https://www.hainaautochina.com/api/vehicle-image/hainaauto/507918852/col_0f8bcee32677fe15.webp,https://www.hainaautochina.com/api/vehicle-image/hainaauto/507918852/col_29f1ee5bcc6a93c2.webp,https://www.hainaautochina.com/api/vehicle-image/hainaauto/507918852/col_befebf2da8856a85.webp",SUV y todoterrenos > 2026 Traveler C-DM,2026 Traveler C-DM,Venezuela,Jetour
hainaauto-234319728,2026 Traveler PLUS 2026 - Importacion desde China a Venezuela,"Jetour 2026 · 2026 Traveler PLUS · 208 km · black · automatic · Disponible en Shandong. Vehiculo disponible para compradores en Venezuela, con inspeccion, documentos de exportacion y apoyo logistico de HainaAuto. Stock HA-234319728.",in stock,used,19743.98 USD,https://www.hainaautochina.com/vehicles/hainaauto-234319728,https://www.hainaautochina.com/api/vehicle-image/hainaauto/234319728/col_b7ef19d2eaa9a316.webp,Jetour,"https://www.hainaautochina.com/api/vehicle-image/hainaauto/234319728/col_9a51445cf80edcc2.webp,https://www.hainaautochina.com/api/vehicle-image/hainaauto/234319728/col_f27a08e7a2398d2d.webp,https://www.hainaautochina.com/api/vehicle-image/hainaauto/234319728/col_c61a54ce56c765f2.webp",SUV y todoterrenos > 2026 Traveler PLUS,2026 Traveler PLUS,Venezuela,Jetour
hainaauto-905818473,2025 X70 1.5T 2025 - Importacion desde China a Venezuela,"Jetour 2025 · 2025 X70 1.5T · 20.000 km · White · Manual · Disponible en Guangdong. Vehiculo disponible para compradores en Venezuela, con inspeccion, documentos de exportacion y apoyo logistico de HainaAuto. Stock HA-905818473.",in stock,used,11987.78 USD,https://www.hainaautochina.com/vehicles/hainaauto-905818473,https://www.hainaautochina.com/api/vehicle-image/hainaauto/905818473/col_3ea8f15d1ef3e2fb.webp,Jetour,"https://www.hainaautochina.com/api/vehicle-image/hainaauto/905818473/col_8fac229f3b001dd1.webp,https://www.hainaautochina.com/api/vehicle-image/hainaauto/905818473/col_98c24f40f5ba5f44.webp,https://www.hainaautochina.com/api/vehicle-image/hainaauto/905818473/col_eec492cc4d08b807.webp",SUV y todoterrenos > 2025 X70 1.5T,2025 X70 1.5T,Venezuela,Jetour
hainaauto-267517426,2025 X70 PLUS 2025 - Importacion desde China a Venezuela,"Jetour 2025 · 2025 X70 PLUS · 7.083 km · black · automatic · Disponible en Shaanxi. Vehiculo disponible para compradores en Venezuela, con inspeccion, documentos de exportacion y apoyo logistico de HainaAuto. Stock HA-267517426.",in stock,used,12321.38 USD,https://www.hainaautochina.com/vehicles/hainaauto-267517426,https://www.hainaautochina.com/api/vehicle-image/hainaauto/267517426/col_f6ac4ded4efe4dc4.webp,Jetour,"https://www.hainaautochina.com/api/vehicle-image/hainaauto/267517426/col_6f50f05a6f1a15a2.webp,https://www.hainaautochina.com/api/vehicle-image/hainaauto/267517426/col_44b725f69bc8cf4d.webp,https://www.hainaautochina.com/api/vehicle-image/hainaauto/267517426/col_9107c59ab99fe372.webp",SUV y todoterrenos > 2025 X70 PLUS,2025 X70 PLUS,Venezuela,Jetour
hainaauto-015733978,2025 X90 PLUS 2025 - Importacion desde China a Venezuela,"Jetour 2025 · 2025 X90 PLUS · 1.333 km · White · automatic · Disponible en Liaoning. Vehiculo disponible para compradores en Venezuela, con inspeccion, documentos de exportacion y apoyo logistico de HainaAuto. Stock HA-015733978.",in stock,used,12488.18 USD,https://www.hainaautochina.com/vehicles/hainaauto-015733978,https://www.hainaautochina.com/api/vehicle-image/hainaauto/015733978/col_7d0f266fd4860d08.webp,Jetour,"https://www.hainaautochina.com/api/vehicle-image/hainaauto/015733978/col_1f4847471814ff54.webp,https://www.hainaautochina.com/api/vehicle-image/hainaauto/015733978/col_dbf6e33716c9818e.webp,https://www.hainaautochina.com/api/vehicle-image/hainaauto/015733978/col_0b29147b6d5a83aa.webp",SUV y todoterrenos > 2025 X90 PLUS,2025 X90 PLUS,Venezuela,Jetour
hainaauto-123513942,X70 PLUS 2025 2025 - Importacion desde China a Venezuela,"Jetour 2025 · X70 PLUS 2025 · 4.167 km · black · 6-speed wet dual-clutch · Disponible en Shanxi. Vehiculo disponible para compradores en Venezuela, con inspeccion, documentos de exportacion y apoyo logistico de HainaAuto. Stock HA-123513942.",in stock,used,13989.38 USD,https://www.hainaautochina.com/vehicles/hainaauto-123513942,https://www.hainaautochina.com/api/vehicle-image/hainaauto/123513942/col_99d81bfbef53c59d.webp,Jetour,"https://www.hainaautochina.com/api/vehicle-image/hainaauto/123513942/col_e88b1eec5c83e632.webp,https://www.hainaautochina.com/api/vehicle-image/hainaauto/123513942/col_c3edcb7149af94ad.webp,https://www.hainaautochina.com/api/vehicle-image/hainaauto/123513942/col_74b269cefab0b317.webp",SUV y todoterrenos > X70 PLUS 2025,X70 PLUS 2025,Venezuela,Jetour
hainaauto-966627642,2025 X70L 1.5TD 2025 - Importacion desde China a Venezuela,"Jetour 2025 · 2025 X70L 1.5TD · 208 km · grey · automatic · Disponible en Zhejiang. Vehiculo disponible para compradores en Venezuela, con inspeccion, documentos de exportacion y apoyo logistico de HainaAuto. Stock HA-966627642.",in stock,used,16341.26 USD,https://www.hainaautochina.com/vehicles/hainaauto-966627642,https://www.hainaautochina.com/api/vehicle-image/hainaauto/966627642/col_07cfcbeb83600b5d.webp,Jetour,"https://www.hainaautochina.com/api/vehicle-image/hainaauto/966627642/col_2bb4659d22cac86e.webp,https://www.hainaautochina.com/api/vehicle-image/hainaauto/966627642/col_72aedd5d4fe43b75.webp,https://www.hainaautochina.com/api/vehicle-image/hainaauto/966627642/col_f04ee20c11476b48.webp",SUV y todoterrenos > 2025 X70L 1.5TD,2025 X70L 1.5TD,Venezuela,Jetour
hainaauto-476517743,X90 C-DM 2025 2025 - Importacion desde China a Venezuela,"Jetour 2025 · X90 C-DM 2025 · 417 km · black · automatic · Disponible en Fujian. Vehiculo disponible para compradores en Venezuela, con inspeccion, documentos de exportacion y apoyo logistico de HainaAuto. Stock HA-476517743.",in stock,used,16499.72 USD,https://www.hainaautochina.com/vehicles/hainaauto-476517743,https://www.hainaautochina.com/api/vehicle-image/hainaauto/476517743/col_84d4015b409c08b0.webp,Jetour,"https://www.hainaautochina.com/api/vehicle-image/hainaauto/476517743/col_56ddeafbdc376eeb.webp,https://www.hainaautochina.com/api/vehicle-image/hainaauto/476517743/col_23298534702b2e0c.webp,https://www.hainaautochina.com/api/vehicle-image/hainaauto/476517743/col_d0f80c6c8d3668bf.webp",SUV y todoterrenos > X90 C-DM 2025,X90 C-DM 2025,Venezuela,Jetour
hainaauto-350640736,2025 Traveler 2.0TD 2025 - Importacion desde China a Venezuela,"Jetour 2025 · 2025 Traveler 2.0TD · 4.583 km · grey · automatic · Disponible en Zhejiang. Vehiculo disponible para compradores en Venezuela, con inspeccion, documentos de exportacion y apoyo logistico de HainaAuto. Stock HA-350640736.",in stock,used,16824.98 USD,https://www.hainaautochina.com/vehicles/hainaauto-350640736,https://www.hainaautochina.com/api/vehicle-image/hainaauto/350640736/col_be317a5e0c9d0f83.webp,Jetour,"https://www.hainaautochina.com/api/vehicle-image/hainaauto/350640736/col_961abc01abbe35ab.webp,https://www.hainaautochina.com/api/vehicle-image/hainaauto/350640736/col_be5a4f75d465c36b.webp,https://www.hainaautochina.com/api/vehicle-image/hainaauto/350640736/col_ec613a28d6e92328.webp",SUV y todoterrenos > 2025 Traveler 2.0TD,2025 Traveler 2.0TD,Venezuela,Jetour
hainaauto-483941582,X70 PLUS 2024 2024 - Importacion desde China a Venezuela,"Jetour 2024 · X70 PLUS 2024 · 8.333 km · White · 6-speed wet dual-clutch · Disponible en Anhui. Vehiculo disponible para compradores en Venezuela, con inspeccion, documentos de exportacion y apoyo logistico de HainaAuto. Stock HA-483941582.",in stock,used,11003.66 USD,https://www.hainaautochina.com/vehicles/hainaauto-483941582,https://www.hainaautochina.com/api/vehicle-image/hainaauto/483941582/col_33cab93792aad3bc.webp,Jetour,"https://www.hainaautochina.com/api/vehicle-image/hainaauto/483941582/col_28f662da5d4ab7a4.webp,https://www.hainaautochina.com/api/vehicle-image/hainaauto/483941582/col_9deb2a88168fa6fc.webp,https://www.hainaautochina.com/api/vehicle-image/hainaauto/483941582/col_2dcd379bf538d192.webp",SUV y todoterrenos > X70 PLUS 2024,X70 PLUS 2024,Venezuela,Jetour
hainaauto-757320952,X70 2024 1.5T 2024 - Importacion desde China a Venezuela,"Jetour 2024 · X70 2024 1.5T · 7.833 km · black · 6-speed wet dual-clutch · Disponible en Anhui. Vehiculo disponible para compradores en Venezuela, con inspeccion, documentos de exportacion y apoyo logistico de HainaAuto. Stock HA-757320952.",in stock,used,11495.72 USD,https://www.hainaautochina.com/vehicles/hainaauto-757320952,https://www.hainaautochina.com/api/vehicle-image/hainaauto/757320952/col_67da15f80d61dce5.webp,Jetour,"https://www.hainaautochina.com/api/vehicle-image/hainaauto/757320952/col_301b29c722d6566d.webp,https://www.hainaautochina.com/api/vehicle-image/hainaauto/757320952/col_86cf1df5e04624a4.webp,https://www.hainaautochina.com/api/vehicle-image/hainaauto/757320952/col_179224a813724f63.webp",SUV y todoterrenos > X70 2024 1.5T,X70 2024 1.5T,Venezuela,Jetour
hainaauto-848521904,X90 2024 1.6T 2024 - Importacion desde China a Venezuela,"Jetour 2024 · X90 2024 1.6T · 4.167 km · black · 7-speed wet dual-clutch · Disponible en Chongqing. Vehiculo disponible para compradores en Venezuela, con inspeccion, documentos de exportacion y apoyo logistico de HainaAuto. Stock HA-848521904.",in stock,used,12338.06 USD,https://www.hainaautochina.com/vehicles/hainaauto-848521904,https://www.hainaautochina.com/api/vehicle-image/hainaauto/848521904/col_4b7e363354e6f20c.webp,Jetour,"https://www.hainaautochina.com/api/vehicle-image/hainaauto/848521904/col_316ecd37444a1dde.webp,https://www.hainaautochina.com/api/vehicle-image/hainaauto/848521904/col_2a22875c1e557cb5.webp,https://www.hainaautochina.com/api/vehicle-image/hainaauto/848521904/col_ddd7d314a8df09d3.webp",SUV y todoterrenos > X90 2024 1.6T,X90 2024 1.6T,Venezuela,Jetour
hainaauto-548021975,2024 Traveler 2.0T 2024 - Importacion desde China a Venezuela,"Jetour 2024 · 2024 Traveler 2.0T · 15.833 km · black · automatic · Disponible en Beijing. Vehiculo disponible para compradores en Venezuela, con inspeccion, documentos de exportacion y apoyo logistico de HainaAuto. Stock HA-548021975.",in stock,used,15257.06 USD,https://www.hainaautochina.com/vehicles/hainaauto-548021975,https://www.hainaautochina.com/api/vehicle-image/hainaauto/548021975/col_9bb7340a236caa6e.webp,Jetour,"https://www.hainaautochina.com/api/vehicle-image/hainaauto/548021975/col_2e6ec34c03a36c1d.webp,https://www.hainaautochina.com/api/vehicle-image/hainaauto/548021975/col_eae09ab5e202cb86.webp,https://www.hainaautochina.com/api/vehicle-image/hainaauto/548021975/col_e6a5b9c0fcf00a85.webp",SUV y todoterrenos > 2024 Traveler 2.0T,2024 Traveler 2.0T,Venezuela,Jetour
hainaauto-286019621,Traveler 2024 2.0T 2024 - Importacion desde China a Venezuela,"Jetour 2024 · Traveler 2024 2.0T · 12.083 km · silver · 7-speed wet dual-clutch · Disponible en Ningxia. Vehiculo disponible para compradores en Venezuela, con inspeccion, documentos de exportacion y apoyo logistico de HainaAuto. Stock HA-286019621.",in stock,used,17008.46 USD,https://www.hainaautochina.com/vehicles/hainaauto-286019621,https://www.hainaautochina.com/api/vehicle-image/hainaauto/286019621/col_d45e37876a4a9e42.webp,Jetour,"https://www.hainaautochina.com/api/vehicle-image/hainaauto/286019621/col_2eebb843f1704cb5.webp,https://www.hainaautochina.com/api/vehicle-image/hainaauto/286019621/col_3350981d811247d0.webp,https://www.hainaautochina.com/api/vehicle-image/hainaauto/286019621/col_c19db292eb4004ad.webp",SUV y todoterrenos > Traveler 2024 2.0T,Traveler 2024 2.0T,Venezuela,Jetour
hainaauto-079246425,Traveler 2023 1.5T 2023 - Importacion desde China a Venezuela,"Jetour 2023 · Traveler 2023 1.5T · 8.333 km · grey · 7-speed wet dual-clutch · Disponible en Jiangxi. Vehiculo disponible para compradores en Venezuela, con inspeccion, documentos de exportacion y apoyo logistico de HainaAuto. Stock HA-079246425.",in stock,used,10002.86 USD,https://www.hainaautochina.com/vehicles/hainaauto-079246425,https://www.hainaautochina.com/api/vehicle-image/hainaauto/079246425/col_08a27e7ce537c0c8.webp,Jetour,"https://www.hainaautochina.com/api/vehicle-image/hainaauto/079246425/col_9f2a3a26bff031b8.webp,https://www.hainaautochina.com/api/vehicle-image/hainaauto/079246425/col_9f8a62feceaa9e07.webp,https://www.hainaautochina.com/api/vehicle-image/hainaauto/079246425/col_e4df4d75164e9c60.webp",SUV y todoterrenos > Traveler 2023 1.5T,Traveler 2023 1.5T,Venezuela,Jetour
hainaauto-161616826,X70 2023 1.5T 2023 - Importacion desde China a Venezuela,"Jetour 2023 · X70 2023 1.5T · 20.000 km · White · 6-speed wet dual-clutch · Disponible en Zhejiang. Vehiculo disponible para compradores en Venezuela, con inspeccion, documentos de exportacion y apoyo logistico de HainaAuto. Stock HA-161616826.",in stock,used,10903.58 USD,https://www.hainaautochina.com/vehicles/hainaauto-161616826,https://www.hainaautochina.com/api/vehicle-image/hainaauto/161616826/col_a9a89d959652f3ec.webp,Jetour,"https://www.hainaautochina.com/api/vehicle-image/hainaauto/161616826/col_c0bbc79518ac0291.webp,https://www.hainaautochina.com/api/vehicle-image/hainaauto/161616826/col_62eaad490f338d32.webp,https://www.hainaautochina.com/api/vehicle-image/hainaauto/161616826/col_c35a0c33fa348845.webp",SUV y todoterrenos > X70 2023 1.5T,X70 2023 1.5T,Venezuela,Jetour
cntransit-90505255,X70 PRO 1.5T 2023 - Importacion desde China a Venezuela,"Jetour 2023 · X70 PRO 1.5T · 12.500 km · White · 6-speed wet dual-clutch transmission · Disponible en Zhejiang. Vehiculo disponible para compradores en Venezuela, con inspeccion, documentos de exportacion y apoyo logistico de HainaAuto. Stock CN-90505255.",in stock,used,11320.58 USD,https://www.hainaautochina.com/vehicles/cntransit-90505255,https://www.hainaautochina.com/api/vehicle-image/cntransit/90505255/col_f6695d0f4f006a95.jpg,Jetour,"https://www.hainaautochina.com/api/vehicle-image/cntransit/90505255/col_c30a33d09f95592b.jpg,https://www.hainaautochina.com/api/vehicle-image/cntransit/90505255/col_7923df7d599bd0f8.jpg,https://www.hainaautochina.com/api/vehicle-image/cntransit/90505255/col_fadc159ed14fd3b9.jpg",SUV y todoterrenos > X70 PRO 1.5T,X70 PRO 1.5T,Venezuela,Jetour
cntransit-207413077,X70 PLUS 1.6T 2023 - Importacion desde China a Venezuela,"Jetour 2023 · X70 PLUS 1.6T · 17.917 km · White · 7-speed wet dual-clutch transmission · Disponible en Jiangsu. Vehiculo disponible para compradores en Venezuela, con inspeccion, documentos de exportacion y apoyo logistico de HainaAuto. Stock CN-207413077.",in stock,used,11921.06 USD,https://www.hainaautochina.com/vehicles/cntransit-207413077,https://www.hainaautochina.com/api/vehicle-image/cntransit/207413077/col_7805f9d251e62f07.jpg,Jetour,"https://www.hainaautochina.com/api/vehicle-image/cntransit/207413077/col_88975bc0498eb6aa.jpg,https://www.hainaautochina.com/api/vehicle-image/cntransit/207413077/col_3cd932e450c5865b.jpg,https://www.hainaautochina.com/api/vehicle-image/cntransit/207413077/col_f9184e886b405bce.jpg",SUV y todoterrenos > X70 PLUS 1.6T,X70 PLUS 1.6T,Venezuela,Jetour
hainaauto-322217273,X70 PRO 2023 2023 - Importacion desde China a Venezuela,"Jetour 2023 · X70 PRO 2023 · 17.500 km · black · 7-speed wet dual-clutch · Disponible en Guangdong. Vehiculo disponible para compradores en Venezuela, con inspeccion, documentos de exportacion y apoyo logistico de HainaAuto. Stock HA-322217273.",in stock,used,12338.06 USD,https://www.hainaautochina.com/vehicles/hainaauto-322217273,https://www.hainaautochina.com/api/vehicle-image/hainaauto/322217273/col_4f587e2871d2f226.webp,Jetour,"https://www.hainaautochina.com/api/vehicle-image/hainaauto/322217273/col_21a7f739289555d5.webp,https://www.hainaautochina.com/api/vehicle-image/hainaauto/322217273/col_31d5a74b432cab3f.webp,https://www.hainaautochina.com/api/vehicle-image/hainaauto/322217273/col_7183b5a7c3aebff4.webp",SUV y todoterrenos > X70 PRO 2023,X70 PRO 2023,Venezuela,Jetour
cntransit-11635834,X70 PRO 2.0T 2023 - Importacion desde China a Venezuela,"Jetour 2023 · X70 PRO 2.0T · 9.583 km · Gray · 7-speed wet dual-clutch transmission · Disponible en Hunan. Vehiculo disponible para compradores en Venezuela, con inspeccion, documentos de exportacion y apoyo logistico de HainaAuto. Stock CN-11635834.",in stock,used,13405.58 USD,https://www.hainaautochina.com/vehicles/cntransit-11635834,https://www.hainaautochina.com/api/vehicle-image/cntransit/11635834/col_3e0ec5431298662b.jpg,Jetour,"https://www.hainaautochina.com/api/vehicle-image/cntransit/11635834/col_83f9ff9a1da9d779.jpg,https://www.hainaautochina.com/api/vehicle-image/cntransit/11635834/col_69455e4454276837.jpg,https://www.hainaautochina.com/api/vehicle-image/cntransit/11635834/col_6044f005da97f44b.jpg",SUV y todoterrenos > X70 PRO 2.0T,X70 PRO 2.0T,Venezuela,Jetour
hainaauto-837526037,Traveler 2023 2.0T 2023 - Importacion desde China a Venezuela,"Jetour 2023 · Traveler 2023 2.0T · 19.583 km · grey · 7-speed wet dual-clutch · Disponible en Anhui. Vehiculo disponible para compradores en Venezuela, con inspeccion, documentos de exportacion y apoyo logistico de HainaAuto. Stock HA-837526037.",in stock,used,15090.26 USD,https://www.hainaautochina.com/vehicles/hainaauto-837526037,https://www.hainaautochina.com/api/vehicle-image/hainaauto/837526037/col_70a6de7c44e01e5e.webp,Jetour,"https://www.hainaautochina.com/api/vehicle-image/hainaauto/837526037/col_a858fbd504ccc328.webp,https://www.hainaautochina.com/api/vehicle-image/hainaauto/837526037/col_d5b2249e22d30973.webp,https://www.hainaautochina.com/api/vehicle-image/hainaauto/837526037/col_d13c6397906f1dab.webp",SUV y todoterrenos > Traveler 2023 2.0T,Traveler 2023 2.0T,Venezuela,Jetour
hainaauto-416628026,X70 PLUS 2024 2024 - Importacion desde China a Venezuela,"Jietu 2024 · X70 PLUS 2024 · 10.000 km · black · 6-speed wet dual-clutch · Disponible en Guizhou. Vehiculo disponible para compradores en Venezuela, con inspeccion, documentos de exportacion y apoyo logistico de HainaAuto. Stock HA-416628026.",in stock,used,13071.98 USD,https://www.hainaautochina.com/vehicles/hainaauto-416628026,https://www.hainaautochina.com/api/vehicle-image/hainaauto/416628026/col_bf122cef6f7c9e65.webp,Jietu,"https://www.hainaautochina.com/api/vehicle-image/hainaauto/416628026/col_3764e7ef33ea83d0.webp,https://www.hainaautochina.com/api/vehicle-image/hainaauto/416628026/col_ee903f9804d05d85.webp,https://www.hainaautochina.com/api/vehicle-image/hainaauto/416628026/col_2ddfe0ba33108611.webp",Maquinaria y camiones > X70 PLUS 2024,X70 PLUS 2024,Venezuela,Jietu
hainaauto-514133891,2026 Frontier Pro 2026 - Importacion desde China a Venezuela,"Nissan 2026 · 2026 Frontier Pro · 3.750 km · White · automatic · Disponible en Hebei. Vehiculo disponible para compradores en Venezuela, con inspeccion, documentos de exportacion y apoyo logistico de HainaAuto. Stock HA-514133891.",in stock,used,18593.06 USD,https://www.hainaautochina.com/vehicles/hainaauto-514133891,https://www.hainaautochina.com/api/vehicle-image/hainaauto/514133891/col_2ce8666545b0799b.webp,Nissan,"https://www.hainaautochina.com/api/vehicle-image/hainaauto/514133891/col_ed971504a50bf012.webp,https://www.hainaautochina.com/api/vehicle-image/hainaauto/514133891/col_91ec37f86b357fc1.webp,https://www.hainaautochina.com/api/vehicle-image/hainaauto/514133891/col_7e7f6a440704bc7f.webp",Camionetas y pickups > 2026 Frontier Pro,2026 Frontier Pro,Venezuela,Nissan
cntransit-405917273,Frontier Pro 2026 2026 - Importacion desde China a Venezuela,"Nissan 2026 · Frontier Pro 2026 · 917 km · Yellow · Automatic · Disponible en Jiangsu. Vehiculo disponible para compradores en Venezuela, con inspeccion, documentos de exportacion y apoyo logistico de HainaAuto. Stock CN-405917273.",in stock,used,21245.18 USD,https://www.hainaautochina.com/vehicles/cntransit-405917273,https://www.hainaautochina.com/api/vehicle-image/cntransit/405917273/col_4bb73fec08a4cd81.jpg,Nissan,"https://www.hainaautochina.com/api/vehicle-image/cntransit/405917273/col_f75ee9a77875710c.jpg,https://www.hainaautochina.com/api/vehicle-image/cntransit/405917273/col_23b79ff0f1b74eb5.jpg,https://www.hainaautochina.com/api/vehicle-image/cntransit/405917273/col_c8b174ad8840c456.jpg",Camionetas y pickups > Frontier Pro 2026,Frontier Pro 2026,Venezuela,Nissan
hainaauto-241552641,2025 Qashqai Honor 2025 - Importacion desde China a Venezuela,"Nissan 2025 · 2025 Qashqai Honor · 0 km · White · automatic · Disponible en Fujian. Vehiculo disponible para compradores en Venezuela, con inspeccion, documentos de exportacion y apoyo logistico de HainaAuto. Stock HA-241552641.",in stock,new,13672.46 USD,https://www.hainaautochina.com/vehicles/hainaauto-241552641,https://www.hainaautochina.com/api/vehicle-image/hainaauto/241552641/col_84ec42a78ec28272.webp,Nissan,"https://www.hainaautochina.com/api/vehicle-image/hainaauto/241552641/col_de0dc9586fccd6b9.webp,https://www.hainaautochina.com/api/vehicle-image/hainaauto/241552641/col_5c8bc87c97d199ad.webp,https://www.hainaautochina.com/api/vehicle-image/hainaauto/241552641/col_f31965fa7b731b3c.webp",SUV y todoterrenos > 2025 Qashqai Honor,2025 Qashqai Honor,Venezuela,Nissan
hainaauto-618613991,X-Trail Honor 2.0 2025 - Importacion desde China a Venezuela,"Nissan 2025 · X-Trail Honor 2.0 · 0 km · White · automatic · Disponible en Hebei. Vehiculo disponible para compradores en Venezuela, con inspeccion, documentos de exportacion y apoyo logistico de HainaAuto. Stock HA-618613991.",in stock,new,14631.56 USD,https://www.hainaautochina.com/vehicles/hainaauto-618613991,https://www.hainaautochina.com/api/vehicle-image/hainaauto/618613991/col_1d99828a6f21bc07.webp,Nissan,"https://www.hainaautochina.com/api/vehicle-image/hainaauto/618613991/col_e29cf004eb7b41d4.webp,https://www.hainaautochina.com/api/vehicle-image/hainaauto/618613991/col_bd81050874d8f6e0.webp,https://www.hainaautochina.com/api/vehicle-image/hainaauto/618613991/col_fed9105b8830b1f9.webp",SUV y todoterrenos > X-Trail Honor 2.0,X-Trail Honor 2.0,Venezuela,Nissan
cntransit-607517292,2025 X-Trail Honor 2025 - Importacion desde China a Venezuela,"Nissan 2025 · 2025 X-Trail Honor · 5.417 km · White · Automatic · Disponible en Hubei. Vehiculo disponible para compradores en Venezuela, con inspeccion, documentos de exportacion y apoyo logistico de HainaAuto. Stock CN-607517292.",in stock,used,12338.06 USD,https://www.hainaautochina.com/vehicles/cntransit-607517292,https://www.hainaautochina.com/api/vehicle-image/cntransit/607517292/col_17d07499f98db9a5.jpg,Nissan,"https://www.hainaautochina.com/api/vehicle-image/cntransit/607517292/col_dc999815300d3f6b.jpg,https://www.hainaautochina.com/api/vehicle-image/cntransit/607517292/col_a40b2f033188116c.jpg,https://www.hainaautochina.com/api/vehicle-image/cntransit/607517292/col_ebc17eb78137fd0f.jpg",SUV y todoterrenos > 2025 X-Trail Honor,2025 X-Trail Honor,Venezuela,Nissan
hainaauto-719012579,X-Trail 2.0T 380 2024 - Importacion desde China a Venezuela,"Nissan 2024 · X-Trail 2.0T 380 · 15.000 km · White · automatic · Disponible en Guangdong. Vehiculo disponible para compradores en Venezuela, con inspeccion, documentos de exportacion y apoyo logistico de HainaAuto. Stock HA-719012579.",in stock,used,19427.06 USD,https://www.hainaautochina.com/vehicles/hainaauto-719012579,https://www.hainaautochina.com/api/vehicle-image/hainaauto/719012579/col_ff5294c9eb6d6804.webp,Nissan,"https://www.hainaautochina.com/api/vehicle-image/hainaauto/719012579/col_301550d969adacc6.webp,https://www.hainaautochina.com/api/vehicle-image/hainaauto/719012579/col_f55dc11c48f8f24b.webp,https://www.hainaautochina.com/api/vehicle-image/hainaauto/719012579/col_5ca43e2f68fd7f0c.webp",SUV y todoterrenos > X-Trail 2.0T 380,X-Trail 2.0T 380,Venezuela,Nissan
hainaauto-454813130,Kicks 2023 Sport 2023 - Importacion desde China a Venezuela,"Nissan 2023 · Kicks 2023 Sport · 4.375 km · White · CVT continuously variable transmission (simulating 6 gears) · Disponible en Chongqing. Vehiculo disponible para compradores en Venezuela, con inspeccion, documentos de exportacion y apoyo logistico de HainaAuto. Stock HA-454813130.",in stock,used,10236.38 USD,https://www.hainaautochina.com/vehicles/hainaauto-454813130,https://www.hainaautochina.com/api/vehicle-image/hainaauto/454813130/col_0f2d9e3a20ca7a2c.webp,Nissan,"https://www.hainaautochina.com/api/vehicle-image/hainaauto/454813130/col_fac90201890b9b3f.webp,https://www.hainaautochina.com/api/vehicle-image/hainaauto/454813130/col_7946fcba7215bb26.webp,https://www.hainaautochina.com/api/vehicle-image/hainaauto/454813130/col_7c62a151e495a12a.webp",SUV y todoterrenos > Kicks 2023 Sport,Kicks 2023 Sport,Venezuela,Nissan
hainaauto-795515253,Qashqai 2023 Classic 2023 - Importacion desde China a Venezuela,"Nissan 2023 · Qashqai 2023 Classic · 6.250 km · White · CVT continuously variable transmission (simulating 7 gears) · Disponible en Shanxi. Vehiculo disponible para compradores en Venezuela, con inspeccion, documentos de exportacion y apoyo logistico de HainaAuto. Stock HA-795515253.",in stock,used,10820.18 USD,https://www.hainaautochina.com/vehicles/hainaauto-795515253,https://www.hainaautochina.com/api/vehicle-image/hainaauto/795515253/col_6204e06ae2277195.webp,Nissan,"https://www.hainaautochina.com/api/vehicle-image/hainaauto/795515253/col_eee02d5f3dc9259c.webp,https://www.hainaautochina.com/api/vehicle-image/hainaauto/795515253/col_d287244a11464bed.webp,https://www.hainaautochina.com/api/vehicle-image/hainaauto/795515253/col_f9f1d042bf7665e1.webp",SUV y todoterrenos > Qashqai 2023 Classic,Qashqai 2023 Classic,Venezuela,Nissan
hainaauto-67956081,Kicks 2023 Passion 2023 - Importacion desde China a Venezuela,"Nissan 2023 · Kicks 2023 Passion · 22.500 km · grey · CVT continuously variable transmission (simulating 6 gears) · Disponible en Hunan. Vehiculo disponible para compradores en Venezuela, con inspeccion, documentos de exportacion y apoyo logistico de HainaAuto. Stock HA-67956081.",in stock,used,11237.18 USD,https://www.hainaautochina.com/vehicles/hainaauto-67956081,https://www.hainaautochina.com/api/vehicle-image/hainaauto/67956081/col_91a586d28063675e.webp,Nissan,"https://www.hainaautochina.com/api/vehicle-image/hainaauto/67956081/col_3c1316e887991572.webp,https://www.hainaautochina.com/api/vehicle-image/hainaauto/67956081/col_f349e249c2accf6e.webp,https://www.hainaautochina.com/api/vehicle-image/hainaauto/67956081/col_c577e672674b5e6f.webp",SUV y todoterrenos > Kicks 2023 Passion,Kicks 2023 Passion,Venezuela,Nissan
hainaauto-866845206,X-Trail 2023 Classic 2023 - Importacion desde China a Venezuela,"Nissan 2023 · X-Trail 2023 Classic · 10.417 km · White · CVT continuously variable transmission (simulating 7 gears) · Disponible en Heilongjiang. Vehiculo disponible para compradores en Venezuela, con inspeccion, documentos de exportacion y apoyo logistico de HainaAuto. Stock HA-866845206.",in stock,used,11487.38 USD,https://www.hainaautochina.com/vehicles/hainaauto-866845206,https://www.hainaautochina.com/api/vehicle-image/hainaauto/866845206/col_d611850abc614bb4.webp,Nissan,"https://www.hainaautochina.com/api/vehicle-image/hainaauto/866845206/col_83d4108213a75352.webp,https://www.hainaautochina.com/api/vehicle-image/hainaauto/866845206/col_14fef8965ea921b5.webp,https://www.hainaautochina.com/api/vehicle-image/hainaauto/866845206/col_010792357e6e2d6f.webp",SUV y todoterrenos > X-Trail 2023 Classic,X-Trail 2023 Classic,Venezuela,Nissan
cntransit-83669168,X-Trail Classic 2.0L 2023 - Importacion desde China a Venezuela,"Nissan 2023 · X-Trail Classic 2.0L · 7.917 km · White · CVT (Continuously Variable Transmission; 7-speed simulated) · Disponible en Hunan. Vehiculo disponible para compradores en Venezuela, con inspeccion, documentos de exportacion y apoyo logistico de HainaAuto. Stock CN-83669168.",in stock,used,12671.66 USD,https://www.hainaautochina.com/vehicles/cntransit-83669168,https://www.hainaautochina.com/api/vehicle-image/cntransit/83669168/col_9f2495751ca42fe1.jpg,Nissan,"https://www.hainaautochina.com/api/vehicle-image/cntransit/83669168/col_e90a95accdd383ec.jpg,https://www.hainaautochina.com/api/vehicle-image/cntransit/83669168/col_f4dbb627fd6c2218.jpg,https://www.hainaautochina.com/api/vehicle-image/cntransit/83669168/col_9a9c581f3f9e691b.jpg",SUV y todoterrenos > X-Trail Classic 2.0L,X-Trail Classic 2.0L,Venezuela,Nissan
hainaauto-022344935,X-Trail 2023 e-POWER 2023 - Importacion desde China a Venezuela,"Nissan 2023 · X-Trail 2023 e-POWER · 8.333 km · grey · Electric vehicle single-speed gearbox · Disponible en Tianjin. Vehiculo disponible para compradores en Venezuela, con inspeccion, documentos de exportacion y apoyo logistico de HainaAuto. Stock HA-022344935.",in stock,used,13989.38 USD,https://www.hainaautochina.com/vehicles/hainaauto-022344935,https://www.hainaautochina.com/api/vehicle-image/hainaauto/022344935/col_201f010a37d79052.webp,Nissan,"https://www.hainaautochina.com/api/vehicle-image/hainaauto/022344935/col_0209f4c8f9460968.webp,https://www.hainaautochina.com/api/vehicle-image/hainaauto/022344935/col_2ceb0cb2a8ed5c3a.webp,https://www.hainaautochina.com/api/vehicle-image/hainaauto/022344935/col_45f5eae8a971d40a.webp",SUV y todoterrenos > X-Trail 2023 e-POWER,X-Trail 2023 e-POWER,Venezuela,Nissan
hainaauto-720050684,Kicks 2023 Sporty 2023 - Importacion desde China a Venezuela,"Nissan 2023 · Kicks 2023 Sporty · 4.583 km · White · CVT continuously variable transmission (simulating 6 gears) · Disponible en Jiangsu. Vehiculo disponible para compradores en Venezuela, con inspeccion, documentos de exportacion y apoyo logistico de HainaAuto. Stock HA-720050684.",in stock,used,13989.38 USD,https://www.hainaautochina.com/vehicles/hainaauto-720050684,https://www.hainaautochina.com/api/vehicle-image/hainaauto/720050684/col_2a5a9e52e2b154eb.webp,Nissan,"https://www.hainaautochina.com/api/vehicle-image/hainaauto/720050684/col_095696caec6329ea.webp,https://www.hainaautochina.com/api/vehicle-image/hainaauto/720050684/col_63e81f8c15ec8070.webp,https://www.hainaautochina.com/api/vehicle-image/hainaauto/720050684/col_23edf362d1559bbd.webp",SUV y todoterrenos > Kicks 2023 Sporty,Kicks 2023 Sporty,Venezuela,Nissan
cntransit-924216343,X-Trail e-POWER Super 2023 - Importacion desde China a Venezuela,"Nissan 2023 · X-Trail e-POWER Super · 20.417 km · gold · Automatic · Disponible en Jiangsu. Vehiculo disponible para compradores en Venezuela, con inspeccion, documentos de exportacion y apoyo logistico de HainaAuto. Stock CN-924216343.",in stock,used,15173.66 USD,https://www.hainaautochina.com/vehicles/cntransit-924216343,https://www.hainaautochina.com/api/vehicle-image/cntransit/924216343/col_5ce7acd475215454.jpg,Nissan,"https://www.hainaautochina.com/api/vehicle-image/cntransit/924216343/col_512cf09e9203c995.jpg,https://www.hainaautochina.com/api/vehicle-image/cntransit/924216343/col_2e3bac2abc64eab3.jpg,https://www.hainaautochina.com/api/vehicle-image/cntransit/924216343/col_dd458b2b032c6910.jpg",SUV y todoterrenos > X-Trail e-POWER Super,X-Trail e-POWER Super,Venezuela,Nissan
cntransit-15547098,X-Trail e-POWER 1.5 2023 - Importacion desde China a Venezuela,"Nissan 2023 · X-Trail e-POWER 1.5 · 12.500 km · White · Automatic · Disponible en Beijing. Vehiculo disponible para compradores en Venezuela, con inspeccion, documentos de exportacion y apoyo logistico de HainaAuto. Stock CN-15547098.",in stock,used,15590.66 USD,https://www.hainaautochina.com/vehicles/cntransit-15547098,https://www.hainaautochina.com/api/vehicle-image/cntransit/15547098/col_27396efd40284bba.jpg,Nissan,"https://www.hainaautochina.com/api/vehicle-image/cntransit/15547098/col_ac0bcf375e41897a.jpg,https://www.hainaautochina.com/api/vehicle-image/cntransit/15547098/col_0c23c1433b33f7df.jpg,https://www.hainaautochina.com/api/vehicle-image/cntransit/15547098/col_b8b2d26dcc4033d0.jpg",SUV y todoterrenos > X-Trail e-POWER 1.5,X-Trail e-POWER 1.5,Venezuela,Nissan
hainaauto-062645693,Qashqai 2023 1.3T 2023 - Importacion desde China a Venezuela,"Nissan 2023 · Qashqai 2023 1.3T · 7.083 km · black · CVT continuously variable transmission · Disponible en Jiangsu. Vehiculo disponible para compradores en Venezuela, con inspeccion, documentos de exportacion y apoyo logistico de HainaAuto. Stock HA-062645693.",in stock,used,15924.26 USD,https://www.hainaautochina.com/vehicles/hainaauto-062645693,https://www.hainaautochina.com/api/vehicle-image/hainaauto/062645693/col_0ea4938650d0de19.webp,Nissan,"https://www.hainaautochina.com/api/vehicle-image/hainaauto/062645693/col_04fa424df2216a27.webp,https://www.hainaautochina.com/api/vehicle-image/hainaauto/062645693/col_371e620e2aebd958.webp,https://www.hainaautochina.com/api/vehicle-image/hainaauto/062645693/col_44cd290adc557cbb.webp",SUV y todoterrenos > Qashqai 2023 1.3T,Qashqai 2023 1.3T,Venezuela,Nissan
hainaauto-343211753,X-Trail e-POWER Hybrid 2023 - Importacion desde China a Venezuela,"Nissan 2023 · X-Trail e-POWER Hybrid · 25.542 km · White · Electric vehicle single-speed gearbox · Disponible en Sichuan. Vehiculo disponible para compradores en Venezuela, con inspeccion, documentos de exportacion y apoyo logistico de HainaAuto. Stock HA-343211753.",in stock,used,16082.72 USD,https://www.hainaautochina.com/vehicles/hainaauto-343211753,https://www.hainaautochina.com/api/vehicle-image/hainaauto/343211753/col_4a392e7ce69d1622.webp,Nissan,"https://www.hainaautochina.com/api/vehicle-image/hainaauto/343211753/col_916849402e2c9e06.webp,https://www.hainaautochina.com/api/vehicle-image/hainaauto/343211753/col_85cabe006df09aeb.webp,https://www.hainaautochina.com/api/vehicle-image/hainaauto/343211753/col_cf4a4724021e8ad5.webp",SUV y todoterrenos > X-Trail e-POWER Hybrid,X-Trail e-POWER Hybrid,Venezuela,Nissan
hainaauto-551511297,X-Trail 2023 1.3T 2023 - Importacion desde China a Venezuela,"Nissan 2023 · X-Trail 2023 1.3T · 18.333 km · blue · CVT continuously variable transmission · Disponible en Heilongjiang. Vehiculo disponible para compradores en Venezuela, con inspeccion, documentos de exportacion y apoyo logistico de HainaAuto. Stock HA-551511297.",in stock,used,16491.38 USD,https://www.hainaautochina.com/vehicles/hainaauto-551511297,https://www.hainaautochina.com/api/vehicle-image/hainaauto/551511297/col_8aece023d9bb23d1.webp,Nissan,"https://www.hainaautochina.com/api/vehicle-image/hainaauto/551511297/col_b2493f5db9507804.webp,https://www.hainaautochina.com/api/vehicle-image/hainaauto/551511297/col_ca76f81e45624c8f.webp,https://www.hainaautochina.com/api/vehicle-image/hainaauto/551511297/col_61b86865da103345.webp",SUV y todoterrenos > X-Trail 2023 1.3T,X-Trail 2023 1.3T,Venezuela,Nissan
hainaauto-053636322,2026 CR-V 1.5T 2026 - Importacion desde China a Venezuela,"Honda 2026 · 2026 CR-V 1.5T · 42 km · blue · automatic · Disponible en Shandong. Vehiculo disponible para compradores en Venezuela, con inspeccion, documentos de exportacion y apoyo logistico de HainaAuto. Stock HA-053636322.",in stock,new,17325.38 USD,https://www.hainaautochina.com/vehicles/hainaauto-053636322,https://www.hainaautochina.com/api/vehicle-image/hainaauto/053636322/col_634c3774a07f7975.webp,Honda,"https://www.hainaautochina.com/api/vehicle-image/hainaauto/053636322/col_8ac8a4079dd3c99d.webp,https://www.hainaautochina.com/api/vehicle-image/hainaauto/053636322/col_c2329178d03d216a.webp,https://www.hainaautochina.com/api/vehicle-image/hainaauto/053636322/col_72dd43e3d8fd77bd.webp",SUV y todoterrenos > 2026 CR-V 1.5T,2026 CR-V 1.5T,Venezuela,Honda
hainaauto-401324742,CR-V Hybrid 2026 2026 - Importacion desde China a Venezuela,"Honda 2026 · CR-V Hybrid 2026 · 42 km · black · automatic · Disponible en Henan. Vehiculo disponible para compradores en Venezuela, con inspeccion, documentos de exportacion y apoyo logistico de HainaAuto. Stock HA-401324742.",in stock,new,20411.18 USD,https://www.hainaautochina.com/vehicles/hainaauto-401324742,https://www.hainaautochina.com/api/vehicle-image/hainaauto/401324742/col_d8541f49e8a509de.webp,Honda,"https://www.hainaautochina.com/api/vehicle-image/hainaauto/401324742/col_5be97c060e085de1.webp,https://www.hainaautochina.com/api/vehicle-image/hainaauto/401324742/col_1d94a2b65bf79163.webp,https://www.hainaautochina.com/api/vehicle-image/hainaauto/401324742/col_7e6a1de4b0ce73cf.webp",SUV y todoterrenos > CR-V Hybrid 2026,CR-V Hybrid 2026,Venezuela,Honda
hainaauto-133551672,2024 CR-V 1.5T 2024 - Importacion desde China a Venezuela,"Honda 2024 · 2024 CR-V 1.5T · 42 km · black · automatic · Disponible en Henan. Vehiculo disponible para compradores en Venezuela, con inspeccion, documentos de exportacion y apoyo logistico de HainaAuto. Stock HA-133551672.",in stock,new,17525.54 USD,https://www.hainaautochina.com/vehicles/hainaauto-133551672,https://www.hainaautochina.com/api/vehicle-image/hainaauto/133551672/col_e4a70ae02cffb772.webp,Honda,"https://www.hainaautochina.com/api/vehicle-image/hainaauto/133551672/col_ac1e85e92a255b14.webp,https://www.hainaautochina.com/api/vehicle-image/hainaauto/133551672/col_dff9758c6f4e7920.webp,https://www.hainaautochina.com/api/vehicle-image/hainaauto/133551672/col_49a255f17ce73edf.webp",SUV y todoterrenos > 2024 CR-V 1.5T,2024 CR-V 1.5T,Venezuela,Honda
hainaauto-935033890,CR-V New Energy 2026 - Importacion desde China a Venezuela,"Honda 2026 · CR-V New Energy · 292 km · black · automatic · Disponible en Hunan. Vehiculo disponible para compradores en Venezuela, con inspeccion, documentos de exportacion y apoyo logistico de HainaAuto. Stock HA-935033890.",in stock,used,18926.66 USD,https://www.hainaautochina.com/vehicles/hainaauto-935033890,https://www.hainaautochina.com/api/vehicle-image/hainaauto/935033890/col_3befa4b6a9666ecc.webp,Honda,"https://www.hainaautochina.com/api/vehicle-image/hainaauto/935033890/col_b855b9d3c1dba3f1.webp,https://www.hainaautochina.com/api/vehicle-image/hainaauto/935033890/col_b0c8ec3fb5df577a.webp,https://www.hainaautochina.com/api/vehicle-image/hainaauto/935033890/col_985bff01777df19a.webp",SUV y todoterrenos > CR-V New Energy,CR-V New Energy,Venezuela,Honda
hainaauto-110422217,CR-V e:HEV 2024 2024 - Importacion desde China a Venezuela,"Honda 2024 · CR-V e:HEV 2024 · 19.167 km · White · automatic · Disponible en Sichuan. Vehiculo disponible para compradores en Venezuela, con inspeccion, documentos de exportacion y apoyo logistico de HainaAuto. Stock HA-110422217.",in stock,used,16499.72 USD,https://www.hainaautochina.com/vehicles/hainaauto-110422217,https://www.hainaautochina.com/api/vehicle-image/hainaauto/110422217/col_303b0d19b4493299.webp,Honda,"https://www.hainaautochina.com/api/vehicle-image/hainaauto/110422217/col_7c8c634a5779b912.webp,https://www.hainaautochina.com/api/vehicle-image/hainaauto/110422217/col_94fd4838b3a9a39a.webp,https://www.hainaautochina.com/api/vehicle-image/hainaauto/110422217/col_26ea8cb23df071d7.webp",SUV y todoterrenos > CR-V e:HEV 2024,CR-V e:HEV 2024,Venezuela,Honda
hainaauto-819740576,2023 CR-V 1.5T 2023 - Importacion desde China a Venezuela,"Honda 2023 · 2023 CR-V 1.5T · 41.667 km · black · automatic · Disponible en Shandong. Vehiculo disponible para compradores en Venezuela, con inspeccion, documentos de exportacion y apoyo logistico de HainaAuto. Stock HA-819740576.",in stock,used,13655.78 USD,https://www.hainaautochina.com/vehicles/hainaauto-819740576,https://www.hainaautochina.com/api/vehicle-image/hainaauto/819740576/col_d3cc76781e44a1f6.webp,Honda,"https://www.hainaautochina.com/api/vehicle-image/hainaauto/819740576/col_2a2107a78a51bc02.webp,https://www.hainaautochina.com/api/vehicle-image/hainaauto/819740576/col_10ef3a6199c1cda1.webp,https://www.hainaautochina.com/api/vehicle-image/hainaauto/819740576/col_cf27da83279f8661.webp",SUV y todoterrenos > 2023 CR-V 1.5T,2023 CR-V 1.5T,Venezuela,Honda
cntransit-734116477,CR-V 240TURBO 2WD 2023 - Importacion desde China a Venezuela,"Honda 2023 · CR-V 240TURBO 2WD · 32.083 km · Black · CVT (Continuously Variable Transmission) · Disponible en Jiangxi. Vehiculo disponible para compradores en Venezuela, con inspeccion, documentos de exportacion y apoyo logistico de HainaAuto. Stock CN-734116477.",in stock,used,13922.66 USD,https://www.hainaautochina.com/vehicles/cntransit-734116477,https://www.hainaautochina.com/api/vehicle-image/cntransit/734116477/col_e287d4298b429b82.jpg,Honda,"https://www.hainaautochina.com/api/vehicle-image/cntransit/734116477/col_6e1d0d2d86e7a9b8.jpg,https://www.hainaautochina.com/api/vehicle-image/cntransit/734116477/col_31652a3350ec8778.jpg,https://www.hainaautochina.com/api/vehicle-image/cntransit/734116477/col_794ccfbec043f005.jpg",SUV y todoterrenos > CR-V 240TURBO 2WD,CR-V 240TURBO 2WD,Venezuela,Honda
hainaauto-242214620,CR-V 2023 240TURBO 2023 - Importacion desde China a Venezuela,"Honda 2023 · CR-V 2023 240TURBO · 29.583 km · black · CVT continuously variable transmission · Disponible en Henan. Vehiculo disponible para compradores en Venezuela, con inspeccion, documentos de exportacion y apoyo logistico de HainaAuto. Stock HA-242214620.",in stock,used,14506.46 USD,https://www.hainaautochina.com/vehicles/hainaauto-242214620,https://www.hainaautochina.com/api/vehicle-image/hainaauto/242214620/col_29e759b7c9ef6a58.webp,Honda,"https://www.hainaautochina.com/api/vehicle-image/hainaauto/242214620/col_d2d03ec94a04c01d.webp,https://www.hainaautochina.com/api/vehicle-image/hainaauto/242214620/col_55eed61d96299ac5.webp,https://www.hainaautochina.com/api/vehicle-image/hainaauto/242214620/col_717d62ccbec5fcaf.webp",SUV y todoterrenos > CR-V 2023 240TURBO,CR-V 2023 240TURBO,Venezuela,Honda
cntransit-500514013,CR-V 240TURBO FWD 2023 - Importacion desde China a Venezuela,"Honda 2023 · CR-V 240TURBO FWD · 12.500 km · Black · CVT (Continuously Variable Transmission) · Disponible en Hubei. Vehiculo disponible para compradores en Venezuela, con inspeccion, documentos de exportacion y apoyo logistico de HainaAuto. Stock CN-500514013.",in stock,used,14915.12 USD,https://www.hainaautochina.com/vehicles/cntransit-500514013,https://www.hainaautochina.com/api/vehicle-image/cntransit/500514013/col_e6d1c9b666cdbb96.jpg,Honda,"https://www.hainaautochina.com/api/vehicle-image/cntransit/500514013/col_94819aeb11472a52.jpg,https://www.hainaautochina.com/api/vehicle-image/cntransit/500514013/col_ad885dd1c630cb78.jpg,https://www.hainaautochina.com/api/vehicle-image/cntransit/500514013/col_6e2ab0726988a6ca.jpg",SUV y todoterrenos > CR-V 240TURBO FWD,CR-V 240TURBO FWD,Venezuela,Honda
cntransit-512613943,CR-V 240TURBO Front-Wheel 2023 - Importacion desde China a Venezuela,"Honda 2023 · CR-V 240TURBO Front-Wheel · 6.667 km · Black · CVT (Continuously Variable Transmission) · Disponible en Henan. Vehiculo disponible para compradores en Venezuela, con inspeccion, documentos de exportacion y apoyo logistico de HainaAuto. Stock CN-512613943.",in stock,used,16007.66 USD,https://www.hainaautochina.com/vehicles/cntransit-512613943,https://www.hainaautochina.com/api/vehicle-image/cntransit/512613943/col_e8d21181f61c8b8d.jpg,Honda,"https://www.hainaautochina.com/api/vehicle-image/cntransit/512613943/col_e68441779acebba6.jpg,https://www.hainaautochina.com/api/vehicle-image/cntransit/512613943/col_5f03cd0222f9c474.jpg,https://www.hainaautochina.com/api/vehicle-image/cntransit/512613943/col_616254db2cbec95b.jpg",SUV y todoterrenos > CR-V 240TURBO Front-Wheel,CR-V 240TURBO Front-Wheel,Venezuela,Honda
hainaauto-902928585,CR-V Hybrid 2023 2023 - Importacion desde China a Venezuela,"Honda 2023 · CR-V Hybrid 2023 · 16.667 km · black · automatic · Disponible en Hubei. Vehiculo disponible para compradores en Venezuela, con inspeccion, documentos de exportacion y apoyo logistico de HainaAuto. Stock HA-902928585.",in stock,used,16491.38 USD,https://www.hainaautochina.com/vehicles/hainaauto-902928585,https://www.hainaautochina.com/api/vehicle-image/hainaauto/902928585/col_b53a7b2200c4901b.webp,Honda,"https://www.hainaautochina.com/api/vehicle-image/hainaauto/902928585/col_f685c027953e0054.webp,https://www.hainaautochina.com/api/vehicle-image/hainaauto/902928585/col_a537514bd464f825.webp,https://www.hainaautochina.com/api/vehicle-image/hainaauto/902928585/col_550b82c17c8cfa3f.webp",SUV y todoterrenos > CR-V Hybrid 2023,CR-V Hybrid 2023,Venezuela,Honda
hainaauto-486616550,CR-V e:HEV 2023 2023 - Importacion desde China a Venezuela,"Honda 2023 · CR-V e:HEV 2023 · 5.833 km · White · automatic · Disponible en Guangdong. Vehiculo disponible para compradores en Venezuela, con inspeccion, documentos de exportacion y apoyo logistico de HainaAuto. Stock HA-486616550.",in stock,used,16758.26 USD,https://www.hainaautochina.com/vehicles/hainaauto-486616550,https://www.hainaautochina.com/api/vehicle-image/hainaauto/486616550/col_e6fe902e60d879d6.webp,Honda,"https://www.hainaautochina.com/api/vehicle-image/hainaauto/486616550/col_204207778c39b224.webp,https://www.hainaautochina.com/api/vehicle-image/hainaauto/486616550/col_a9e608e48a00fadd.webp,https://www.hainaautochina.com/api/vehicle-image/hainaauto/486616550/col_06d50a888d8a5b6c.webp",SUV y todoterrenos > CR-V e:HEV 2023,CR-V e:HEV 2023,Venezuela,Honda
hainaauto-981214799,CR-V 240TURBO AWD 2023 - Importacion desde China a Venezuela,"Honda 2023 · CR-V 240TURBO AWD · 6.667 km · green · CVT continuously variable transmission · Disponible en Hubei. Vehiculo disponible para compradores en Venezuela, con inspeccion, documentos de exportacion y apoyo logistico de HainaAuto. Stock HA-981214799.",in stock,used,17241.98 USD,https://www.hainaautochina.com/vehicles/hainaauto-981214799,https://www.hainaautochina.com/api/vehicle-image/hainaauto/981214799/col_007b574cb8f364be.webp,Honda,"https://www.hainaautochina.com/api/vehicle-image/hainaauto/981214799/col_25e7568441f29fb4.webp,https://www.hainaautochina.com/api/vehicle-image/hainaauto/981214799/col_c7ad5e18eef17d26.webp,https://www.hainaautochina.com/api/vehicle-image/hainaauto/981214799/col_4c9ad355f7f3284e.webp",SUV y todoterrenos > CR-V 240TURBO AWD,CR-V 240TURBO AWD,Venezuela,Honda
hainaauto-032349110,2026 11th-Generation Accord 2026 - Importacion desde China a Venezuela,"Honda 2026 · 2026 11th-Generation Accord · 0 km · White · automatic · Disponible en Hunan. Vehiculo disponible para compradores en Venezuela, con inspeccion, documentos de exportacion y apoyo logistico de HainaAuto. Stock HA-032349110.",in stock,new,16991.78 USD,https://www.hainaautochina.com/vehicles/hainaauto-032349110,https://www.hainaautochina.com/api/vehicle-image/hainaauto/032349110/col_22bcfdb88da19b13.webp,Honda,"https://www.hainaautochina.com/api/vehicle-image/hainaauto/032349110/col_5e2977ce424fad3a.webp,https://www.hainaautochina.com/api/vehicle-image/hainaauto/032349110/col_8d9650c0cc50dd0b.webp,https://www.hainaautochina.com/api/vehicle-image/hainaauto/032349110/col_3165ca16d0422dd6.webp",Sedanes y hatchbacks > 2026 11th-Generation Accord,2026 11th-Generation Accord,Venezuela,Honda
hainaauto-008631208,Accord 11th Generation 2025 - Importacion desde China a Venezuela,"Honda 2025 · Accord 11th Generation · 0 km · black · automatic · Disponible en Henan. Vehiculo disponible para compradores en Venezuela, con inspeccion, documentos de exportacion y apoyo logistico de HainaAuto. Stock HA-008631208.",in stock,new,15799.16 USD,https://www.hainaautochina.com/vehicles/hainaauto-008631208,https://www.hainaautochina.com/api/vehicle-image/hainaauto/008631208/col_802062f810753f16.webp,Honda,"https://www.hainaautochina.com/api/vehicle-image/hainaauto/008631208/col_9a633dc12b6791c4.webp,https://www.hainaautochina.com/api/vehicle-image/hainaauto/008631208/col_ef7dd2039c5b724e.webp,https://www.hainaautochina.com/api/vehicle-image/hainaauto/008631208/col_2755ece3feb6cffc.webp",Sedanes y hatchbacks > Accord 11th Generation,Accord 11th Generation,Venezuela,Honda
cntransit-24658490,2025 11th-Generation Accord 2025 - Importacion desde China a Venezuela,"Honda 2025 · 2025 11th-Generation Accord · 42 km · Black · Automatic · Disponible en Henan. Vehiculo disponible para compradores en Venezuela, con inspeccion, documentos de exportacion y apoyo logistico de HainaAuto. Stock CN-24658490.",in stock,new,16591.46 USD,https://www.hainaautochina.com/vehicles/cntransit-24658490,https://www.hainaautochina.com/api/vehicle-image/cntransit/24658490/col_8f25c6cfe800b3f1.jpg,Honda,"https://www.hainaautochina.com/api/vehicle-image/cntransit/24658490/col_b27085d3ab8541ee.jpg,https://www.hainaautochina.com/api/vehicle-image/cntransit/24658490/col_5c1fcbc69431381b.jpg,https://www.hainaautochina.com/api/vehicle-image/cntransit/24658490/col_9210fb20f2175b77.jpg",Sedanes y hatchbacks > 2025 11th-Generation Accord,2025 11th-Generation Accord,Venezuela,Honda
hainaauto-739833415,Civic 1.5T CVT 2023 - Importacion desde China a Venezuela,"Honda 2023 · Civic 1.5T CVT · 42 km · White · automatic · Disponible en Hunan. Vehiculo disponible para compradores en Venezuela, con inspeccion, documentos de exportacion y apoyo logistico de HainaAuto. Stock HA-739833415.",in stock,new,14322.98 USD,https://www.hainaautochina.com/vehicles/hainaauto-739833415,https://www.hainaautochina.com/api/vehicle-image/hainaauto/739833415/col_6ab675c8f01b516a.webp,Honda,"https://www.hainaautochina.com/api/vehicle-image/hainaauto/739833415/col_82f594a913349884.webp,https://www.hainaautochina.com/api/vehicle-image/hainaauto/739833415/col_cf6b755ff76169bf.webp,https://www.hainaautochina.com/api/vehicle-image/hainaauto/739833415/col_26a6272223951c69.webp",Sedanes y hatchbacks > Civic 1.5T CVT,Civic 1.5T CVT,Venezuela,Honda
hainaauto-276139122,Civic Hatchback 1.5T 2023 - Importacion desde China a Venezuela,"Honda 2023 · Civic Hatchback 1.5T · 0 km · White · automatic · Disponible en Hunan. Vehiculo disponible para compradores en Venezuela, con inspeccion, documentos de exportacion y apoyo logistico de HainaAuto. Stock HA-276139122.",in stock,new,14573.18 USD,https://www.hainaautochina.com/vehicles/hainaauto-276139122,https://www.hainaautochina.com/api/vehicle-image/hainaauto/276139122/col_b0ff1249cbb5c914.webp,Honda,"https://www.hainaautochina.com/api/vehicle-image/hainaauto/276139122/col_bd37a6a372dbc508.webp,https://www.hainaautochina.com/api/vehicle-image/hainaauto/276139122/col_9afccf6970524601.webp,https://www.hainaautochina.com/api/vehicle-image/hainaauto/276139122/col_aa128894f3e5ac32.webp",Sedanes y hatchbacks > Civic Hatchback 1.5T,Civic Hatchback 1.5T,Venezuela,Honda
hainaauto-663835187,Civic Hatchback 2.0L 2023 - Importacion desde China a Venezuela,"Honda 2023 · Civic Hatchback 2.0L · 0 km · White · E-CVT continuously variable transmission · Disponible en Hunan. Vehiculo disponible para compradores en Venezuela, con inspeccion, documentos de exportacion y apoyo logistico de HainaAuto. Stock HA-663835187.",in stock,new,16407.98 USD,https://www.hainaautochina.com/vehicles/hainaauto-663835187,https://www.hainaautochina.com/api/vehicle-image/hainaauto/663835187/col_9d0d3ecefee15630.webp,Honda,"https://www.hainaautochina.com/api/vehicle-image/hainaauto/663835187/col_b09e2f83378e07f7.webp,https://www.hainaautochina.com/api/vehicle-image/hainaauto/663835187/col_89f804fb6c49bc8c.webp,https://www.hainaautochina.com/api/vehicle-image/hainaauto/663835187/col_ce2f18ebfd6f5c56.webp",Sedanes y hatchbacks > Civic Hatchback 2.0L,Civic Hatchback 2.0L,Venezuela,Honda
cntransit-084514728,2025 Civic 1.5T 2025 - Importacion desde China a Venezuela,"Honda 2025 · 2025 Civic 1.5T · 5.000 km · Gray · Automatic · Disponible en Guangxi. Vehiculo disponible para compradores en Venezuela, con inspeccion, documentos de exportacion y apoyo logistico de HainaAuto. Stock CN-084514728.",in stock,used,13338.86 USD,https://www.hainaautochina.com/vehicles/cntransit-084514728,https://www.hainaautochina.com/api/vehicle-image/cntransit/084514728/col_e6f82c05100b9112.jpg,Honda,"https://www.hainaautochina.com/api/vehicle-image/cntransit/084514728/col_ebb04b1ac5dcef6e.jpg,https://www.hainaautochina.com/api/vehicle-image/cntransit/084514728/col_36de3c0dc0cb1b39.jpg,https://www.hainaautochina.com/api/vehicle-image/cntransit/084514728/col_6f1240c19f972044.jpg",Sedanes y hatchbacks > 2025 Civic 1.5T,2025 Civic 1.5T,Venezuela,Honda
cntransit-87956621,2024 Civic Type 2024 - Importacion desde China a Venezuela,"Honda 2024 · 2024 Civic Type · 15.417 km · White · Automatic · Disponible en Guangxi. Vehiculo disponible para compradores en Venezuela, con inspeccion, documentos de exportacion y apoyo logistico de HainaAuto. Stock CN-87956621.",in stock,used,12087.86 USD,https://www.hainaautochina.com/vehicles/cntransit-87956621,https://www.hainaautochina.com/api/vehicle-image/cntransit/87956621/col_8e3698a5f79b13ce.jpg,Honda,"https://www.hainaautochina.com/api/vehicle-image/cntransit/87956621/col_a26799b56aef4513.jpg,https://www.hainaautochina.com/api/vehicle-image/cntransit/87956621/col_cf876dae37eb067c.jpg,https://www.hainaautochina.com/api/vehicle-image/cntransit/87956621/col_d4ff6e615734e254.jpg",Sedanes y hatchbacks > 2024 Civic Type,2024 Civic Type,Venezuela,Honda
cntransit-756214936,2024 Civic 1.5T 2024 - Importacion desde China a Venezuela,"Honda 2024 · 2024 Civic 1.5T · 10.417 km · White · Automatic · Disponible en Beijing. Vehiculo disponible para compradores en Venezuela, con inspeccion, documentos de exportacion y apoyo logistico de HainaAuto. Stock CN-756214936.",in stock,used,13405.58 USD,https://www.hainaautochina.com/vehicles/cntransit-756214936,https://www.hainaautochina.com/api/vehicle-image/cntransit/756214936/col_a0806d7fdfefb616.jpg,Honda,"https://www.hainaautochina.com/api/vehicle-image/cntransit/756214936/col_26accc043e6ac94d.jpg,https://www.hainaautochina.com/api/vehicle-image/cntransit/756214936/col_316d47edc2638110.jpg,https://www.hainaautochina.com/api/vehicle-image/cntransit/756214936/col_ea5d0ba0b6d4dcd8.jpg",Sedanes y hatchbacks > 2024 Civic 1.5T,2024 Civic 1.5T,Venezuela,Honda
hainaauto-858315974,Accord 2024 Premium 2024 - Importacion desde China a Venezuela,"Honda 2024 · Accord 2024 Premium · 8.333 km · black · automatic · Disponible en Shanxi. Vehiculo disponible para compradores en Venezuela, con inspeccion, documentos de exportacion y apoyo logistico de HainaAuto. Stock HA-858315974.",in stock,used,16925.06 USD,https://www.hainaautochina.com/vehicles/hainaauto-858315974,https://www.hainaautochina.com/api/vehicle-image/hainaauto/858315974/col_089157cf45527541.webp,Honda,"https://www.hainaautochina.com/api/vehicle-image/hainaauto/858315974/col_5e05dc19fc003f4c.webp,https://www.hainaautochina.com/api/vehicle-image/hainaauto/858315974/col_dc339e891c1b428e.webp,https://www.hainaautochina.com/api/vehicle-image/hainaauto/858315974/col_e0d921a41f9d04ef.webp",Sedanes y hatchbacks > Accord 2024 Premium,Accord 2024 Premium,Venezuela,Honda
cntransit-593015041,Civic 240TURBO CVT 2023 - Importacion desde China a Venezuela,"Honda 2023 · Civic 240TURBO CVT · 17.083 km · White · CVT (Continuously Variable Transmission) · Disponible en Henan. Vehiculo disponible para compradores en Venezuela, con inspeccion, documentos de exportacion y apoyo logistico de HainaAuto. Stock CN-593015041.",in stock,used,10152.98 USD,https://www.hainaautochina.com/vehicles/cntransit-593015041,https://www.hainaautochina.com/api/vehicle-image/cntransit/593015041/col_08e9d58566d838b2.jpg,Honda,"https://www.hainaautochina.com/api/vehicle-image/cntransit/593015041/col_751308f71c05dd7e.jpg,https://www.hainaautochina.com/api/vehicle-image/cntransit/593015041/col_134029c73d436a83.jpg,https://www.hainaautochina.com/api/vehicle-image/cntransit/593015041/col_22bad6c3e51fe797.jpg",Sedanes y hatchbacks > Civic 240TURBO CVT,Civic 240TURBO CVT,Venezuela,Honda
cntransit-30173257,2023 Civic 1.5T 2023 - Importacion desde China a Venezuela,"Honda 2023 · 2023 Civic 1.5T · 8.333 km · White · Automatic · Disponible en Zhejiang. Vehiculo disponible para compradores en Venezuela, con inspeccion, documentos de exportacion y apoyo logistico de HainaAuto. Stock CN-30173257.",in stock,used,10736.78 USD,https://www.hainaautochina.com/vehicles/cntransit-30173257,https://www.hainaautochina.com/api/vehicle-image/cntransit/30173257/col_d8fff862e945cf03.jpg,Honda,"https://www.hainaautochina.com/api/vehicle-image/cntransit/30173257/col_c17676c4bfb8295b.jpg,https://www.hainaautochina.com/api/vehicle-image/cntransit/30173257/col_f05a9c9ce3a3c912.jpg,https://www.hainaautochina.com/api/vehicle-image/cntransit/30173257/col_85ffde0f360b88a6.jpg",Sedanes y hatchbacks > 2023 Civic 1.5T,2023 Civic 1.5T,Venezuela,Honda
cntransit-331618964,Civic 2.0L e:HEV 2023 - Importacion desde China a Venezuela,"Honda 2023 · Civic 2.0L e:HEV · 25.000 km · Blue · E-CVT Continuously Variable Transmission · Disponible en Henan. Vehiculo disponible para compradores en Venezuela, con inspeccion, documentos de exportacion y apoyo logistico de HainaAuto. Stock CN-331618964.",in stock,used,10736.78 USD,https://www.hainaautochina.com/vehicles/cntransit-331618964,https://www.hainaautochina.com/api/vehicle-image/cntransit/331618964/col_cd43cd61cc61fe70.jpg,Honda,"https://www.hainaautochina.com/api/vehicle-image/cntransit/331618964/col_6eb52e85ff64c25d.jpg,https://www.hainaautochina.com/api/vehicle-image/cntransit/331618964/col_babf89413c3a0f98.jpg,https://www.hainaautochina.com/api/vehicle-image/cntransit/331618964/col_d51048a91f439efb.jpg",Sedanes y hatchbacks > Civic 2.0L e:HEV,Civic 2.0L e:HEV,Venezuela,Honda
cntransit-79988959,2023 Civic Hatchback 2023 - Importacion desde China a Venezuela,"Honda 2023 · 2023 Civic Hatchback · 29.167 km · White · Automatic · Disponible en Guangdong. Vehiculo disponible para compradores en Venezuela, con inspeccion, documentos de exportacion y apoyo logistico de HainaAuto. Stock CN-79988959.",in stock,used,11504.06 USD,https://www.hainaautochina.com/vehicles/cntransit-79988959,https://www.hainaautochina.com/api/vehicle-image/cntransit/79988959/col_11b3610c7858b8aa.jpg,Honda,"https://www.hainaautochina.com/api/vehicle-image/cntransit/79988959/col_133c0fb95a33524a.jpg,https://www.hainaautochina.com/api/vehicle-image/cntransit/79988959/col_88d5c8f68fb5f13f.jpg,https://www.hainaautochina.com/api/vehicle-image/cntransit/79988959/col_14204545a88c4571.jpg",Sedanes y hatchbacks > 2023 Civic Hatchback,2023 Civic Hatchback,Venezuela,Honda
cntransit-54552912,Civic Hatchback 240TURBO 2023 - Importacion desde China a Venezuela,"Honda 2023 · Civic Hatchback 240TURBO · 27.500 km · White · CVT (Continuously Variable Transmission) · Disponible en Guangdong. Vehiculo disponible para compradores en Venezuela, con inspeccion, documentos de exportacion y apoyo logistico de HainaAuto. Stock CN-54552912.",in stock,used,12996.92 USD,https://www.hainaautochina.com/vehicles/cntransit-54552912,https://www.hainaautochina.com/api/vehicle-image/cntransit/54552912/col_adf1bb49e2cd77c1.jpg,Honda,"https://www.hainaautochina.com/api/vehicle-image/cntransit/54552912/col_d2462f5a0562959a.jpg,https://www.hainaautochina.com/api/vehicle-image/cntransit/54552912/col_2b20c6e6edc8908a.jpg,https://www.hainaautochina.com/api/vehicle-image/cntransit/54552912/col_2b408492c748962e.jpg",Sedanes y hatchbacks > Civic Hatchback 240TURBO,Civic Hatchback 240TURBO,Venezuela,Honda
cntransit-594116596,2023 11th-Generation Accord 2023 - Importacion desde China a Venezuela,"Honda 2023 · 2023 11th-Generation Accord · 17.917 km · Black · Automatic · Disponible en Henan. Vehiculo disponible para compradores en Venezuela, con inspeccion, documentos de exportacion y apoyo logistico de HainaAuto. Stock CN-594116596.",in stock,used,13488.98 USD,https://www.hainaautochina.com/vehicles/cntransit-594116596,https://www.hainaautochina.com/api/vehicle-image/cntransit/594116596/col_700204647473fd3e.jpg,Honda,"https://www.hainaautochina.com/api/vehicle-image/cntransit/594116596/col_bac981b8d8cdb06d.jpg,https://www.hainaautochina.com/api/vehicle-image/cntransit/594116596/col_b2f2b317df59024e.jpg,https://www.hainaautochina.com/api/vehicle-image/cntransit/594116596/col_bcb466349b7a1d36.jpg",Sedanes y hatchbacks > 2023 11th-Generation Accord,2023 11th-Generation Accord,Venezuela,Honda
cntransit-065410141,Accord Hybrid 2.0L 2023 - Importacion desde China a Venezuela,"Honda 2023 · Accord Hybrid 2.0L · 10.000 km · Blue · E-CVT Continuously Variable Transmission · Disponible en Guangdong. Vehiculo disponible para compradores en Venezuela, con inspeccion, documentos de exportacion y apoyo logistico de HainaAuto. Stock CN-065410141.",in stock,used,14656.58 USD,https://www.hainaautochina.com/vehicles/cntransit-065410141,https://www.hainaautochina.com/api/vehicle-image/cntransit/065410141/col_517e19a34649732f.jpg,Honda,"https://www.hainaautochina.com/api/vehicle-image/cntransit/065410141/col_d9742f170a70610b.jpg,https://www.hainaautochina.com/api/vehicle-image/cntransit/065410141/col_f9cca4c2a05f65d7.jpg,https://www.hainaautochina.com/api/vehicle-image/cntransit/065410141/col_61ee7929a9b627ef.jpg",Sedanes y hatchbacks > Accord Hybrid 2.0L,Accord Hybrid 2.0L,Venezuela,Honda
cntransit-00679385,Civic (Imported) 2023 2023 - Importacion desde China a Venezuela,"Honda 2023 · Civic (Imported) 2023 · 4.167 km · Beige · Manual · Disponible en Guangdong. Vehiculo disponible para compradores en Venezuela, con inspeccion, documentos de exportacion y apoyo logistico de HainaAuto. Stock CN-00679385.",in stock,used,29935.46 USD,https://www.hainaautochina.com/vehicles/cntransit-00679385,https://www.hainaautochina.com/api/vehicle-image/cntransit/00679385/col_1d35eb040696d511.jpg,Honda,"https://www.hainaautochina.com/api/vehicle-image/cntransit/00679385/col_51ace8a8c0e504c2.jpg,https://www.hainaautochina.com/api/vehicle-image/cntransit/00679385/col_bcb09a9f3ff906b6.jpg,https://www.hainaautochina.com/api/vehicle-image/cntransit/00679385/col_685395aeceb76d0a.jpg",Sedanes y hatchbacks > Civic (Imported) 2023,Civic (Imported) 2023,Venezuela,Honda
hainaauto-783818612,Civic (Imported) Type 2023 - Importacion desde China a Venezuela,"Honda 2023 · Civic (Imported) Type · 5.833 km · black · Manual · Disponible en Shanghai. Vehiculo disponible para compradores en Venezuela, con inspeccion, documentos de exportacion y apoyo logistico de HainaAuto. Stock HA-783818612.",in stock,used,30585.98 USD,https://www.hainaautochina.com/vehicles/hainaauto-783818612,https://www.hainaautochina.com/api/vehicle-image/hainaauto/783818612/col_917a68cbed43d477.webp,Honda,"https://www.hainaautochina.com/api/vehicle-image/hainaauto/783818612/col_c71a8790c73eec6a.webp,https://www.hainaautochina.com/api/vehicle-image/hainaauto/783818612/col_d16132aeb7daaa4f.webp,https://www.hainaautochina.com/api/vehicle-image/hainaauto/783818612/col_7239141373dc7258.webp",Sedanes y hatchbacks > Civic (Imported) Type,Civic (Imported) Type,Venezuela,Honda
hainaauto-207819861,T8 2023 2.0T 2023 - Importacion desde China a Venezuela,"JAC 2023 · T8 2023 2.0T · 16.667 km · grey · 8-speed automatic · Disponible en Fujian. Vehiculo disponible para compradores en Venezuela, con inspeccion, documentos de exportacion y apoyo logistico de HainaAuto. Stock HA-207819861.",in stock,used,12504.86 USD,https://www.hainaautochina.com/vehicles/hainaauto-207819861,https://www.hainaautochina.com/api/vehicle-image/hainaauto/207819861/col_b2cd783d135a2086.webp,JAC,"https://www.hainaautochina.com/api/vehicle-image/hainaauto/207819861/col_1788abf9e7048bdd.webp,https://www.hainaautochina.com/api/vehicle-image/hainaauto/207819861/col_6c6dd8b6399069c3.webp,https://www.hainaautochina.com/api/vehicle-image/hainaauto/207819861/col_6a09450fdb8e9e10.webp",Camionetas y pickups > T8 2023 2.0T,T8 2023 2.0T,Venezuela,JAC
cntransit-144513860,T8 T8 2.3T 2024 - Importacion desde China a Venezuela,"Transit 2024 · T8 T8 2.3T · 12.500 km · Black · 8-speed automatic · Disponible en Hunan. Vehiculo disponible para compradores en Venezuela, con inspeccion, documentos de exportacion y apoyo logistico de HainaAuto. Stock CN-144513860.",in stock,used,18993.38 USD,https://www.hainaautochina.com/vehicles/cntransit-144513860,https://www.hainaautochina.com/api/vehicle-image/cntransit/144513860/col_2c0ebb145cc967b6.jpg,Transit,"https://www.hainaautochina.com/api/vehicle-image/cntransit/144513860/col_8d6a2dd906e0babd.jpg,https://www.hainaautochina.com/api/vehicle-image/cntransit/144513860/col_049b5346760dabae.jpg,https://www.hainaautochina.com/api/vehicle-image/cntransit/144513860/col_f7a63033e430ab48.jpg",Maquinaria y camiones > T8 T8 2.3T,T8 T8 2.3T,Venezuela,Transit
hainaauto-960451785,2024 Transit T8 2024 - Importacion desde China a Venezuela,"Ford 2024 · 2024 Transit T8 · 34.583 km · White · Manual · Disponible en Shandong. Vehiculo disponible para compradores en Venezuela, con inspeccion, documentos de exportacion y apoyo logistico de HainaAuto. Stock HA-960451785.",in stock,used,19260.26 USD,https://www.hainaautochina.com/vehicles/hainaauto-960451785,https://www.hainaautochina.com/api/vehicle-image/hainaauto/960451785/col_60904156934f487b.webp,Ford,"https://www.hainaautochina.com/api/vehicle-image/hainaauto/960451785/col_cd8fbc6cef4c7885.webp,https://www.hainaautochina.com/api/vehicle-image/hainaauto/960451785/col_713121c09945002b.webp,https://www.hainaautochina.com/api/vehicle-image/hainaauto/960451785/col_8657e80d26f023f9.webp",Maquinaria y camiones > 2024 Transit T8,2024 Transit T8,Venezuela,Ford
hainaauto-434847162,Transit T8 2024 2024 - Importacion desde China a Venezuela,"Ford 2024 · Transit T8 2024 · 20.833 km · grey · 8-speed automatic · Disponible en Liaoning. Vehiculo disponible para compradores en Venezuela, con inspeccion, documentos de exportacion y apoyo logistico de HainaAuto. Stock HA-434847162.",in stock,used,28601.06 USD,https://www.hainaautochina.com/vehicles/hainaauto-434847162,https://www.hainaautochina.com/api/vehicle-image/hainaauto/434847162/col_0a39bf2574e86b38.webp,Ford,"https://www.hainaautochina.com/api/vehicle-image/hainaauto/434847162/col_8c4d990bf4d17348.webp,https://www.hainaautochina.com/api/vehicle-image/hainaauto/434847162/col_14a10ce7a40a4ee8.webp,https://www.hainaautochina.com/api/vehicle-image/hainaauto/434847162/col_66c9fa3f9b84f741.webp",Maquinaria y camiones > Transit T8 2024,Transit T8 2024,Venezuela,Ford
hainaauto-525328897,Raptor (Imported) 2023 2023 - Importacion desde China a Venezuela,"Ford 2023 · Raptor (Imported) 2023 · 12.917 km · red · automatic · Disponible en Hebei. Vehiculo disponible para compradores en Venezuela, con inspeccion, documentos de exportacion y apoyo logistico de HainaAuto. Stock HA-525328897.",in stock,used,49034.06 USD,https://www.hainaautochina.com/vehicles/hainaauto-525328897,https://www.hainaautochina.com/api/vehicle-image/hainaauto/525328897/col_587f9d4c95f09723.webp,Ford,"https://www.hainaautochina.com/api/vehicle-image/hainaauto/525328897/col_8baf5c0734ed2906.webp,https://www.hainaautochina.com/api/vehicle-image/hainaauto/525328897/col_ac63f876c86bb506.webp,https://www.hainaautochina.com/api/vehicle-image/hainaauto/525328897/col_f4b3ae11b7103aa5.webp",Camionetas y pickups > Raptor (Imported) 2023,Raptor (Imported) 2023,Venezuela,Ford
hainaauto-644211702,Highlander Hybrid 2.5 2026 - Importacion desde China a Venezuela,"Toyota 2026 · Highlander Hybrid 2.5 · 42 km · black · automatic · Disponible en Guangdong. Vehiculo disponible para compradores en Venezuela, con inspeccion, documentos de exportacion y apoyo logistico de HainaAuto. Stock HA-644211702.",in stock,new,22913.18 USD,https://www.hainaautochina.com/vehicles/hainaauto-644211702,https://www.hainaautochina.com/api/vehicle-image/hainaauto/644211702/col_6bbac2334056a546.webp,Toyota,"https://www.hainaautochina.com/api/vehicle-image/hainaauto/644211702/col_28a82f500caf8394.webp,https://www.hainaautochina.com/api/vehicle-image/hainaauto/644211702/col_ae76dd8aae1df2ef.webp,https://www.hainaautochina.com/api/vehicle-image/hainaauto/644211702/col_33193b158b5393dd.webp",SUV y todoterrenos > Highlander Hybrid 2.5,Highlander Hybrid 2.5,Venezuela,Toyota
cntransit-196919008,2026 Highlander Hybrid 2026 - Importacion desde China a Venezuela,"Toyota 2026 · 2026 Highlander Hybrid · 42 km · Black · Automatic · Disponible en Chongqing. Vehiculo disponible para compradores en Venezuela, con inspeccion, documentos de exportacion y apoyo logistico de HainaAuto. Stock CN-196919008.",in stock,new,25415.18 USD,https://www.hainaautochina.com/vehicles/cntransit-196919008,https://www.hainaautochina.com/api/vehicle-image/cntransit/196919008/col_1bf2e39d706fd36f.jpg,Toyota,"https://www.hainaautochina.com/api/vehicle-image/cntransit/196919008/col_044dbaee6dc6b79b.jpg,https://www.hainaautochina.com/api/vehicle-image/cntransit/196919008/col_1c9efefdebda9295.jpg,https://www.hainaautochina.com/api/vehicle-image/cntransit/196919008/col_9c4134343b2851a2.jpg",SUV y todoterrenos > 2026 Highlander Hybrid,2026 Highlander Hybrid,Venezuela,Toyota
hainaauto-003047913,2025 Yuan UP 2025 - Importacion desde China a Venezuela,"BYD 2025 · 2025 Yuan UP · 42 km · White · automatic · Disponible en Henan. Vehiculo disponible para compradores en Venezuela, con inspeccion, documentos de exportacion y apoyo logistico de HainaAuto. Stock HA-003047913.",in stock,new,11820.98 USD,https://www.hainaautochina.com/vehicles/hainaauto-003047913,https://www.hainaautochina.com/api/vehicle-image/hainaauto/003047913/col_aa944ddbcfca5bbb.webp,BYD,"https://www.hainaautochina.com/api/vehicle-image/hainaauto/003047913/col_d4cf2b8e0942bd21.webp,https://www.hainaautochina.com/api/vehicle-image/hainaauto/003047913/col_e9a5d31cfdf2851d.webp,https://www.hainaautochina.com/api/vehicle-image/hainaauto/003047913/col_be12caa45d0a58bb.webp",SUV y todoterrenos > 2025 Yuan UP,2025 Yuan UP,Venezuela,BYD
hainaauto-750226905,2024 Tiggo 3x 2024 - Importacion desde China a Venezuela,"Chery 2024 · 2024 Tiggo 3x · 42 km · White · automatic · Disponible en Fujian. Vehiculo disponible para compradores en Venezuela, con inspeccion, documentos de exportacion y apoyo logistico de HainaAuto. Stock HA-750226905.",in stock,new,10653.38 USD,https://www.hainaautochina.com/vehicles/hainaauto-750226905,https://www.hainaautochina.com/api/vehicle-image/hainaauto/750226905/col_d30354f3dd01e41f.webp,Chery,"https://www.hainaautochina.com/api/vehicle-image/hainaauto/750226905/col_ef62411b7a97c865.webp,https://www.hainaautochina.com/api/vehicle-image/hainaauto/750226905/col_41a7820ae5ca5266.webp,https://www.hainaautochina.com/api/vehicle-image/hainaauto/750226905/col_bffe79c774b1ef08.webp",SUV y todoterrenos > 2024 Tiggo 3x,2024 Tiggo 3x,Venezuela,Chery
cntransit-24282027,2024 Yuan UP 2024 - Importacion desde China a Venezuela,"BYD 2024 · 2024 Yuan UP · 42 km · White · Automatic · Disponible en Shandong. Vehiculo disponible para compradores en Venezuela, con inspeccion, documentos de exportacion y apoyo logistico de HainaAuto. Stock CN-24282027.",in stock,new,13422.26 USD,https://www.hainaautochina.com/vehicles/cntransit-24282027,https://www.hainaautochina.com/api/vehicle-image/cntransit/24282027/col_d259e18071b7e783.jpg,BYD,"https://www.hainaautochina.com/api/vehicle-image/cntransit/24282027/col_3ca1cab499609894.jpg,https://www.hainaautochina.com/api/vehicle-image/cntransit/24282027/col_447efdd87700b97c.jpg,https://www.hainaautochina.com/api/vehicle-image/cntransit/24282027/col_c206fcab019a444e.jpg",SUV y todoterrenos > 2024 Yuan UP,2024 Yuan UP,Venezuela,BYD
cntransit-441018184,2026 K3 1.4 2026 - Importacion desde China a Venezuela,"Kia 2026 · 2026 K3 1.4 · 6.250 km · White · Automatic · Disponible en Jiangsu. Vehiculo disponible para compradores en Venezuela, con inspeccion, documentos de exportacion y apoyo logistico de HainaAuto. Stock CN-441018184.",in stock,used,11504.06 USD,https://www.hainaautochina.com/vehicles/cntransit-441018184,https://www.hainaautochina.com/api/vehicle-image/cntransit/441018184/col_90ef31cd9ce40893.jpg,Kia,"https://www.hainaautochina.com/api/vehicle-image/cntransit/441018184/col_3dbc05d355ae2792.jpg,https://www.hainaautochina.com/api/vehicle-image/cntransit/441018184/col_98a612c146da234a.jpg,https://www.hainaautochina.com/api/vehicle-image/cntransit/441018184/col_74e559034ebaabd4.jpg",SUV y todoterrenos > 2026 K3 1.4,2026 K3 1.4,Venezuela,Kia
hainaauto-519813115,K3 1.4 CVT 2026 - Importacion desde China a Venezuela,"Kia 2026 · K3 1.4 CVT · 542 km · White · automatic · Disponible en Henan. Vehiculo disponible para compradores en Venezuela, con inspeccion, documentos de exportacion y apoyo logistico de HainaAuto. Stock HA-519813115.",in stock,used,11737.58 USD,https://www.hainaautochina.com/vehicles/hainaauto-519813115,https://www.hainaautochina.com/api/vehicle-image/hainaauto/519813115/col_b9e0854a282bc0ea.webp,Kia,"https://www.hainaautochina.com/api/vehicle-image/hainaauto/519813115/col_a24709ed5e8a00dc.webp,https://www.hainaautochina.com/api/vehicle-image/hainaauto/519813115/col_bbeba3a0e5319130.webp,https://www.hainaautochina.com/api/vehicle-image/hainaauto/519813115/col_62eb2c92c8515457.webp",SUV y todoterrenos > K3 1.4 CVT,K3 1.4 CVT,Venezuela,Kia
hainaauto-492437187,2026 Dasheng 1.5T 2026 - Importacion desde China a Venezuela,"Jetour 2026 · 2026 Dasheng 1.5T · 2.083 km · black · automatic · Disponible en Shandong. Vehiculo disponible para compradores en Venezuela, con inspeccion, documentos de exportacion y apoyo logistico de HainaAuto. Stock HA-492437187.",in stock,used,13005.26 USD,https://www.hainaautochina.com/vehicles/hainaauto-492437187,https://www.hainaautochina.com/api/vehicle-image/hainaauto/492437187/col_dac14190df2bd70a.webp,Jetour,"https://www.hainaautochina.com/api/vehicle-image/hainaauto/492437187/col_66ba73d9e5871df6.webp,https://www.hainaautochina.com/api/vehicle-image/hainaauto/492437187/col_34adae73344ee7d4.webp,https://www.hainaautochina.com/api/vehicle-image/hainaauto/492437187/col_d8efdef1513a17be.webp",SUV y todoterrenos > 2026 Dasheng 1.5T,2026 Dasheng 1.5T,Venezuela,Jetour
cntransit-938719017,2026 HR-V 1.5T 2026 - Importacion desde China a Venezuela,"Honda 2026 · 2026 HR-V 1.5T · 417 km · White · Automatic · Disponible en Guangdong. Vehiculo disponible para compradores en Venezuela, con inspeccion, documentos de exportacion y apoyo logistico de HainaAuto. Stock CN-938719017.",in stock,used,14840.06 USD,https://www.hainaautochina.com/vehicles/cntransit-938719017,https://www.hainaautochina.com/api/vehicle-image/cntransit/938719017/col_dc1f657c22024ff1.jpg,Honda,"https://www.hainaautochina.com/api/vehicle-image/cntransit/938719017/col_8304baf8fe7ff3f6.jpg,https://www.hainaautochina.com/api/vehicle-image/cntransit/938719017/col_3e9e6d9ef6589a56.jpg,https://www.hainaautochina.com/api/vehicle-image/cntransit/938719017/col_0590e0870372b0ec.jpg",SUV y todoterrenos > 2026 HR-V 1.5T,2026 HR-V 1.5T,Venezuela,Honda
cntransit-59036726,2026 Freedom 1.5TD 2026 - Importacion desde China a Venezuela,"Jetour 2026 · 2026 Freedom 1.5TD · 83 km · Black · Automatic · Disponible en Sichuan. Vehiculo disponible para compradores en Venezuela, con inspeccion, documentos de exportacion y apoyo logistico de HainaAuto. Stock CN-59036726.",in stock,used,14906.78 USD,https://www.hainaautochina.com/vehicles/cntransit-59036726,https://www.hainaautochina.com/api/vehicle-image/cntransit/59036726/col_9fb941bacaedd7d6.jpg,Jetour,"https://www.hainaautochina.com/api/vehicle-image/cntransit/59036726/col_0c45ab16f9a4400d.jpg,https://www.hainaautochina.com/api/vehicle-image/cntransit/59036726/col_99307fbb1ea0ec10.jpg,https://www.hainaautochina.com/api/vehicle-image/cntransit/59036726/col_f8b7a42590aafb24.jpg",SUV y todoterrenos > 2026 Freedom 1.5TD,2026 Freedom 1.5TD,Venezuela,Jetour
cntransit-115214976,Yuan PLUS 2026 2026 - Importacion desde China a Venezuela,"BYD 2026 · Yuan PLUS 2026 · 833 km · White · Automatic · Disponible en Shanxi. Vehiculo disponible para compradores en Venezuela, con inspeccion, documentos de exportacion y apoyo logistico de HainaAuto. Stock CN-115214976.",in stock,used,15924.26 USD,https://www.hainaautochina.com/vehicles/cntransit-115214976,https://www.hainaautochina.com/api/vehicle-image/cntransit/115214976/col_134556cc4352fea5.jpg,BYD,"https://www.hainaautochina.com/api/vehicle-image/cntransit/115214976/col_1c51cc433d5730ce.jpg,https://www.hainaautochina.com/api/vehicle-image/cntransit/115214976/col_79dd4a4d1253e7d4.jpg,https://www.hainaautochina.com/api/vehicle-image/cntransit/115214976/col_001e0b73a0b84667.jpg",SUV y todoterrenos > Yuan PLUS 2026,Yuan PLUS 2026,Venezuela,BYD
hainaauto-743230956,2025 Tiggo 5x 2025 - Importacion desde China a Venezuela,"Chery 2025 · 2025 Tiggo 5x · 7.500 km · grey · automatic · Disponible en Guangdong. Vehiculo disponible para compradores en Venezuela, con inspeccion, documentos de exportacion y apoyo logistico de HainaAuto. Stock HA-743230956.",in stock,used,10586.66 USD,https://www.hainaautochina.com/vehicles/hainaauto-743230956,https://www.hainaautochina.com/api/vehicle-image/hainaauto/743230956/col_e347a5f6b0af77ac.webp,Chery,"https://www.hainaautochina.com/api/vehicle-image/hainaauto/743230956/col_8fe1a73a5ccb346a.webp,https://www.hainaautochina.com/api/vehicle-image/hainaauto/743230956/col_0925e64d127a05fa.webp,https://www.hainaautochina.com/api/vehicle-image/hainaauto/743230956/col_a6081a3852add55d.webp",SUV y todoterrenos > 2025 Tiggo 5x,2025 Tiggo 5x,Venezuela,Chery
hainaauto-741142250,Aveo L60 60kWh 2025 - Importacion desde China a Venezuela,"Chevrolet 2025 · Aveo L60 60kWh · 37.500 km · White · automatic · Disponible en Fujian. Vehiculo disponible para compradores en Venezuela, con inspeccion, documentos de exportacion y apoyo logistico de HainaAuto. Stock HA-741142250.",in stock,used,12421.46 USD,https://www.hainaautochina.com/vehicles/hainaauto-741142250,https://www.hainaautochina.com/api/vehicle-image/hainaauto/741142250/col_81b54031ee3db03d.webp,Chevrolet,"https://www.hainaautochina.com/api/vehicle-image/hainaauto/741142250/col_3fd33c88931d782e.webp,https://www.hainaautochina.com/api/vehicle-image/hainaauto/741142250/col_f5c158fd43377c42.webp,https://www.hainaautochina.com/api/vehicle-image/hainaauto/741142250/col_36a8621bd35583e8.webp",SUV y todoterrenos > Aveo L60 60kWh,Aveo L60 60kWh,Venezuela,Chevrolet
hainaauto-378324147,2025 Dasheng 1.5T 2025 - Importacion desde China a Venezuela,"Jetour 2025 · 2025 Dasheng 1.5T · 1.250 km · black · automatic · Disponible en Anhui. Vehiculo disponible para compradores en Venezuela, con inspeccion, documentos de exportacion y apoyo logistico de HainaAuto. Stock HA-378324147.",in stock,used,13589.06 USD,https://www.hainaautochina.com/vehicles/hainaauto-378324147,https://www.hainaautochina.com/api/vehicle-image/hainaauto/378324147/col_a9f288f78ff6d6c2.webp,Jetour,"https://www.hainaautochina.com/api/vehicle-image/hainaauto/378324147/col_2ddd316ea5a6b8c4.webp,https://www.hainaautochina.com/api/vehicle-image/hainaauto/378324147/col_6a05ceb3389a431e.webp,https://www.hainaautochina.com/api/vehicle-image/hainaauto/378324147/col_c2badea4063bebe3.webp",SUV y todoterrenos > 2025 Dasheng 1.5T,2025 Dasheng 1.5T,Venezuela,Jetour
hainaauto-728010937,2025 HR-V 1.5T 2025 - Importacion desde China a Venezuela,"Honda 2025 · 2025 HR-V 1.5T · 3.333 km · black · automatic · Disponible en Henan. Vehiculo disponible para compradores en Venezuela, con inspeccion, documentos de exportacion y apoyo logistico de HainaAuto. Stock HA-728010937.",in stock,used,13655.78 USD,https://www.hainaautochina.com/vehicles/hainaauto-728010937,https://www.hainaautochina.com/api/vehicle-image/hainaauto/728010937/col_ccda095a33bfaa20.webp,Honda,"https://www.hainaautochina.com/api/vehicle-image/hainaauto/728010937/col_f6a6da556c96e3a6.webp,https://www.hainaautochina.com/api/vehicle-image/hainaauto/728010937/col_f4b43f595ec503ef.webp,https://www.hainaautochina.com/api/vehicle-image/hainaauto/728010937/col_49e2c8432c83b337.webp",SUV y todoterrenos > 2025 HR-V 1.5T,2025 HR-V 1.5T,Venezuela,Honda
hainaauto-400637118,2025 Dasheng 1.5TD 2025 - Importacion desde China a Venezuela,"Jetour 2025 · 2025 Dasheng 1.5TD · 5.000 km · black · automatic · Disponible en Henan. Vehiculo disponible para compradores en Venezuela, con inspeccion, documentos de exportacion y apoyo logistico de HainaAuto. Stock HA-400637118.",in stock,used,13747.52 USD,https://www.hainaautochina.com/vehicles/hainaauto-400637118,https://www.hainaautochina.com/api/vehicle-image/hainaauto/400637118/col_688b47614281018b.webp,Jetour,"https://www.hainaautochina.com/api/vehicle-image/hainaauto/400637118/col_636822917784d8fc.webp,https://www.hainaautochina.com/api/vehicle-image/hainaauto/400637118/col_f4a37392c4514c6d.webp,https://www.hainaautochina.com/api/vehicle-image/hainaauto/400637118/col_80b0a38db6680474.webp",SUV y todoterrenos > 2025 Dasheng 1.5TD,2025 Dasheng 1.5TD,Venezuela,Jetour
hainaauto-974019953,Freedom 2025 2.0TD 2025 - Importacion desde China a Venezuela,"Jetour 2025 · Freedom 2025 2.0TD · 3.750 km · grey · automatic · Disponible en Shanxi. Vehiculo disponible para compradores en Venezuela, con inspeccion, documentos de exportacion y apoyo logistico de HainaAuto. Stock HA-974019953.",in stock,used,14840.06 USD,https://www.hainaautochina.com/vehicles/hainaauto-974019953,https://www.hainaautochina.com/api/vehicle-image/hainaauto/974019953/col_851978faa2c4958a.webp,Jetour,"https://www.hainaautochina.com/api/vehicle-image/hainaauto/974019953/col_958a16a13b078459.webp,https://www.hainaautochina.com/api/vehicle-image/hainaauto/974019953/col_edd125b314016a97.webp,https://www.hainaautochina.com/api/vehicle-image/hainaauto/974019953/col_514c48a3a72438e0.webp",SUV y todoterrenos > Freedom 2025 2.0TD,Freedom 2025 2.0TD,Venezuela,Jetour
cntransit-685812705,Tiggo 3x 2024 2024 - Importacion desde China a Venezuela,"Chery 2024 · Tiggo 3x 2024 · 1.250 km · White · CVT (Continuously Variable Transmission; simulated 9-speed) · Disponible en Jilin. Vehiculo disponible para compradores en Venezuela, con inspeccion, documentos de exportacion y apoyo logistico de HainaAuto. Stock CN-685812705.",in stock,used,9836.06 USD,https://www.hainaautochina.com/vehicles/cntransit-685812705,https://www.hainaautochina.com/api/vehicle-image/cntransit/685812705/col_78d0b4e2a5abdda6.jpg,Chery,"https://www.hainaautochina.com/api/vehicle-image/cntransit/685812705/col_0e345a853203a9c2.jpg,https://www.hainaautochina.com/api/vehicle-image/cntransit/685812705/col_afb9f027926b4018.jpg,https://www.hainaautochina.com/api/vehicle-image/cntransit/685812705/col_fe8b0cc25e9137a0.jpg",SUV y todoterrenos > Tiggo 3x 2024,Tiggo 3x 2024,Venezuela,Chery
hainaauto-071152269,2024 Tiggo 5x 2024 - Importacion desde China a Venezuela,"Chery 2024 · 2024 Tiggo 5x · 11.667 km · White · Manual · Disponible en Henan. Vehiculo disponible para compradores en Venezuela, con inspeccion, documentos de exportacion y apoyo logistico de HainaAuto. Stock HA-071152269.",in stock,used,10653.38 USD,https://www.hainaautochina.com/vehicles/hainaauto-071152269,https://www.hainaautochina.com/api/vehicle-image/hainaauto/071152269/col_043aaabd2a306e26.webp,Chery,"https://www.hainaautochina.com/api/vehicle-image/hainaauto/071152269/col_8482f8d3c63c8da0.webp,https://www.hainaautochina.com/api/vehicle-image/hainaauto/071152269/col_f34c23d5ad09746c.webp,https://www.hainaautochina.com/api/vehicle-image/hainaauto/071152269/col_ed4743fb53a11aca.webp",SUV y todoterrenos > 2024 Tiggo 5x,2024 Tiggo 5x,Venezuela,Chery
cntransit-375310604,Tiggo 5x 2024 2024 - Importacion desde China a Venezuela,"Chery 2024 · Tiggo 5x 2024 · 14.583 km · White · CVT (Continuously Variable Transmission; simulated 9-speed) · Disponible en Hebei. Vehiculo disponible para compradores en Venezuela, con inspeccion, documentos de exportacion y apoyo logistico de HainaAuto. Stock CN-375310604.",in stock,used,10836.86 USD,https://www.hainaautochina.com/vehicles/cntransit-375310604,https://www.hainaautochina.com/api/vehicle-image/cntransit/375310604/col_3dd49ae2f312d0f4.jpg,Chery,"https://www.hainaautochina.com/api/vehicle-image/cntransit/375310604/col_0d988558c4e65563.jpg,https://www.hainaautochina.com/api/vehicle-image/cntransit/375310604/col_f631addf95de4104.jpg,https://www.hainaautochina.com/api/vehicle-image/cntransit/375310604/col_57b7db1463cac715.jpg",SUV y todoterrenos > Tiggo 5x 2024,Tiggo 5x 2024,Venezuela,Chery
hainaauto-153630323,Dasheng 2024 1.5T 2024 - Importacion desde China a Venezuela,"Jetour 2024 · Dasheng 2024 1.5T · 8.333 km · grey · 6-speed wet dual-clutch · Disponible en Anhui. Vehiculo disponible para compradores en Venezuela, con inspeccion, documentos de exportacion y apoyo logistico de HainaAuto. Stock HA-153630323.",in stock,used,12321.38 USD,https://www.hainaautochina.com/vehicles/hainaauto-153630323,https://www.hainaautochina.com/api/vehicle-image/hainaauto/153630323/col_538f4b6671cd0860.webp,Jetour,"https://www.hainaautochina.com/api/vehicle-image/hainaauto/153630323/col_7ccf9f3004dfd14d.webp,https://www.hainaautochina.com/api/vehicle-image/hainaauto/153630323/col_d60683ca6a31d091.webp,https://www.hainaautochina.com/api/vehicle-image/hainaauto/153630323/col_fcb6a77e85d13556.webp",SUV y todoterrenos > Dasheng 2024 1.5T,Dasheng 2024 1.5T,Venezuela,Jetour
hainaauto-622642036,2024 Highlander Hybrid 2024 - Importacion desde China a Venezuela,"Toyota 2024 · 2024 Highlander Hybrid · 8.333 km · black · automatic · Disponible en Hebei. Vehiculo disponible para compradores en Venezuela, con inspeccion, documentos de exportacion y apoyo logistico de HainaAuto. Stock HA-622642036.",in stock,used,15990.98 USD,https://www.hainaautochina.com/vehicles/hainaauto-622642036,https://www.hainaautochina.com/api/vehicle-image/hainaauto/622642036/col_1f258deb978a7c23.webp,Toyota,"https://www.hainaautochina.com/api/vehicle-image/hainaauto/622642036/col_d3308a1989a9787a.webp,https://www.hainaautochina.com/api/vehicle-image/hainaauto/622642036/col_cd01122e841643e7.webp,https://www.hainaautochina.com/api/vehicle-image/hainaauto/622642036/col_38184c908b5483ad.webp",SUV y todoterrenos > 2024 Highlander Hybrid,2024 Highlander Hybrid,Venezuela,Toyota
hainaauto-287560354,Highlander 2.0T 380T 2024 - Importacion desde China a Venezuela,"Toyota 2024 · Highlander 2.0T 380T · 12.917 km · White · automatic · Disponible en Shaanxi. Vehiculo disponible para compradores en Venezuela, con inspeccion, documentos de exportacion y apoyo logistico de HainaAuto. Stock HA-287560354.",in stock,used,18159.38 USD,https://www.hainaautochina.com/vehicles/hainaauto-287560354,https://www.hainaautochina.com/api/vehicle-image/hainaauto/287560354/col_00c0df5d6e1ea967.webp,Toyota,"https://www.hainaautochina.com/api/vehicle-image/hainaauto/287560354/col_59c93947f5e450bb.webp,https://www.hainaautochina.com/api/vehicle-image/hainaauto/287560354/col_971fe26109c3d027.webp,https://www.hainaautochina.com/api/vehicle-image/hainaauto/287560354/col_8130849f7aafc750.webp",SUV y todoterrenos > Highlander 2.0T 380T,Highlander 2.0T 380T,Venezuela,Toyota
cntransit-66868234,HR-V New Energy 2024 - Importacion desde China a Venezuela,"Honda 2024 · HR-V New Energy · 9.167 km · Black · Automatic · Disponible en Anhui. Vehiculo disponible para compradores en Venezuela, con inspeccion, documentos de exportacion y apoyo logistico de HainaAuto. Stock CN-66868234.",in stock,used,18926.66 USD,https://www.hainaautochina.com/vehicles/cntransit-66868234,https://www.hainaautochina.com/api/vehicle-image/cntransit/66868234/col_9df28e88b3acc3e7.jpg,Honda,"https://www.hainaautochina.com/api/vehicle-image/cntransit/66868234/col_eed5a4212f24d83f.jpg,https://www.hainaautochina.com/api/vehicle-image/cntransit/66868234/col_d013523d77333caa.jpg,https://www.hainaautochina.com/api/vehicle-image/cntransit/66868234/col_705aa01d57b3486f.jpg",SUV y todoterrenos > HR-V New Energy,HR-V New Energy,Venezuela,Honda
hainaauto-885338392,Tiggo 3x 1.5L 2023 - Importacion desde China a Venezuela,"Chery 2023 · Tiggo 3x 1.5L · 5.208 km · White · CVT continuously variable transmission (simulating 9 gears) · Disponible en Shandong. Vehiculo disponible para compradores en Venezuela, con inspeccion, documentos de exportacion y apoyo logistico de HainaAuto. Stock HA-885338392.",in stock,used,8418.26 USD,https://www.hainaautochina.com/vehicles/hainaauto-885338392,https://www.hainaautochina.com/api/vehicle-image/hainaauto/885338392/col_6e246f6dff52418b.webp,Chery,"https://www.hainaautochina.com/api/vehicle-image/hainaauto/885338392/col_734cadc02424fa40.webp,https://www.hainaautochina.com/api/vehicle-image/hainaauto/885338392/col_dae50f402c86eaca.webp,https://www.hainaautochina.com/api/vehicle-image/hainaauto/885338392/col_477c603de6cde450.webp",SUV y todoterrenos > Tiggo 3x 1.5L,Tiggo 3x 1.5L,Venezuela,Chery
hainaauto-709735580,2023 Tiggo 5x 2023 - Importacion desde China a Venezuela,"Chery 2023 · 2023 Tiggo 5x · 12.500 km · White · Manual · Disponible en Sichuan. Vehiculo disponible para compradores en Venezuela, con inspeccion, documentos de exportacion y apoyo logistico de HainaAuto. Stock HA-709735580.",in stock,used,8818.58 USD,https://www.hainaautochina.com/vehicles/hainaauto-709735580,https://www.hainaautochina.com/api/vehicle-image/hainaauto/709735580/col_455a18454c173af6.webp,Chery,"https://www.hainaautochina.com/api/vehicle-image/hainaauto/709735580/col_db705b95f1f438f1.webp,https://www.hainaautochina.com/api/vehicle-image/hainaauto/709735580/col_62e71f1cc666206f.webp,https://www.hainaautochina.com/api/vehicle-image/hainaauto/709735580/col_29f33f87186ecda4.webp",SUV y todoterrenos > 2023 Tiggo 5x,2023 Tiggo 5x,Venezuela,Chery
cntransit-456310914,Tiggo 5x 1.5L 2023 - Importacion desde China a Venezuela,"Chery 2023 · Tiggo 5x 1.5L · 20.833 km · Gray · CVT (Continuously Variable Transmission; simulated 9-speed) · Disponible en Beijing. Vehiculo disponible para compradores en Venezuela, con inspeccion, documentos de exportacion y apoyo logistico de HainaAuto. Stock CN-456310914.",in stock,used,9502.46 USD,https://www.hainaautochina.com/vehicles/cntransit-456310914,https://www.hainaautochina.com/api/vehicle-image/cntransit/456310914/col_bb88ce2e24f42f68.jpg,Chery,"https://www.hainaautochina.com/api/vehicle-image/cntransit/456310914/col_602ea502dda6b660.jpg,https://www.hainaautochina.com/api/vehicle-image/cntransit/456310914/col_69f3dc5d136da72c.jpg,https://www.hainaautochina.com/api/vehicle-image/cntransit/456310914/col_ac66c4fc7a15ca34.jpg",SUV y todoterrenos > Tiggo 5x 1.5L,Tiggo 5x 1.5L,Venezuela,Chery
hainaauto-263626039,2023 Tiggo 3x 2023 - Importacion desde China a Venezuela,"Chery 2023 · 2023 Tiggo 3x · 5.833 km · White · Manual · Disponible en Sichuan. Vehiculo disponible para compradores en Venezuela, con inspeccion, documentos de exportacion y apoyo logistico de HainaAuto. Stock HA-263626039.",in stock,used,9836.06 USD,https://www.hainaautochina.com/vehicles/hainaauto-263626039,https://www.hainaautochina.com/api/vehicle-image/hainaauto/263626039/col_f9c328478449df4b.webp,Chery,"https://www.hainaautochina.com/api/vehicle-image/hainaauto/263626039/col_1f3fb8b023f4a482.webp,https://www.hainaautochina.com/api/vehicle-image/hainaauto/263626039/col_50a9ee989c5b6286.webp,https://www.hainaautochina.com/api/vehicle-image/hainaauto/263626039/col_065c0993560ed848.webp",SUV y todoterrenos > 2023 Tiggo 3x,2023 Tiggo 3x,Venezuela,Chery
hainaauto-257619998,Tiggo 5x 2023 2023 - Importacion desde China a Venezuela,"Chery 2023 · Tiggo 5x 2023 · 8.333 km · White · CVT continuously variable transmission (simulating 9 gears) · Disponible en Shandong. Vehiculo disponible para compradores en Venezuela, con inspeccion, documentos de exportacion y apoyo logistico de HainaAuto. Stock HA-257619998.",in stock,used,10127.96 USD,https://www.hainaautochina.com/vehicles/hainaauto-257619998,https://www.hainaautochina.com/api/vehicle-image/hainaauto/257619998/col_f4cf9207fcc7e1b3.webp,Chery,"https://www.hainaautochina.com/api/vehicle-image/hainaauto/257619998/col_c8915b1857b687d3.webp,https://www.hainaautochina.com/api/vehicle-image/hainaauto/257619998/col_1c192a23136c63fb.webp,https://www.hainaautochina.com/api/vehicle-image/hainaauto/257619998/col_647e3d34ec6eb252.webp",SUV y todoterrenos > Tiggo 5x 2023,Tiggo 5x 2023,Venezuela,Chery
cntransit-91265136,Yuan Pro 2023 2023 - Importacion desde China a Venezuela,"BYD 2023 · Yuan Pro 2023 · 75.000 km · White · Automatic · Disponible en Zhejiang. Vehiculo disponible para compradores en Venezuela, con inspeccion, documentos de exportacion y apoyo logistico de HainaAuto. Stock CN-91265136.",in stock,used,10152.98 USD,https://www.hainaautochina.com/vehicles/cntransit-91265136,https://www.hainaautochina.com/api/vehicle-image/cntransit/91265136/col_7f6813b1bb9f7ede.jpg,BYD,"https://www.hainaautochina.com/api/vehicle-image/cntransit/91265136/col_34c6e26554b0b2d5.jpg,https://www.hainaautochina.com/api/vehicle-image/cntransit/91265136/col_41c278a6205d373d.jpg,https://www.hainaautochina.com/api/vehicle-image/cntransit/91265136/col_0724d7f66f37c776.jpg",SUV y todoterrenos > Yuan Pro 2023,Yuan Pro 2023,Venezuela,BYD
hainaauto-77509579,Tiggo 3x 2023 2023 - Importacion desde China a Venezuela,"Chery 2023 · Tiggo 3x 2023 · 7.083 km · blue · CVT continuously variable transmission (simulating 9 gears) · Disponible en Guangdong. Vehiculo disponible para compradores en Venezuela, con inspeccion, documentos de exportacion y apoyo logistico de HainaAuto. Stock HA-77509579.",in stock,used,10419.86 USD,https://www.hainaautochina.com/vehicles/hainaauto-77509579,https://www.hainaautochina.com/api/vehicle-image/hainaauto/77509579/col_4012f605415f01cb.webp,Chery,"https://www.hainaautochina.com/api/vehicle-image/hainaauto/77509579/col_4380d7d2d3877392.webp,https://www.hainaautochina.com/api/vehicle-image/hainaauto/77509579/col_568d6682ed58798d.webp,https://www.hainaautochina.com/api/vehicle-image/hainaauto/77509579/col_923aa05515cb33be.webp",SUV y todoterrenos > Tiggo 3x 2023,Tiggo 3x 2023,Venezuela,Chery
hainaauto-889342368,2023 HR-V 1.5T 2023 - Importacion desde China a Venezuela,"Honda 2023 · 2023 HR-V 1.5T · 10.417 km · grey · automatic · Disponible en Guangdong. Vehiculo disponible para compradores en Venezuela, con inspeccion, documentos de exportacion y apoyo logistico de HainaAuto. Stock HA-889342368.",in stock,used,11420.66 USD,https://www.hainaautochina.com/vehicles/hainaauto-889342368,https://www.hainaautochina.com/api/vehicle-image/hainaauto/889342368/col_993454308fb260f9.webp,Honda,"https://www.hainaautochina.com/api/vehicle-image/hainaauto/889342368/col_a54d871743a51e67.webp,https://www.hainaautochina.com/api/vehicle-image/hainaauto/889342368/col_1a4a508c829d9a60.webp,https://www.hainaautochina.com/api/vehicle-image/hainaauto/889342368/col_cda80e47d8968e1c.webp",SUV y todoterrenos > 2023 HR-V 1.5T,2023 HR-V 1.5T,Venezuela,Honda
hainaauto-554926216,Dasheng 2023 1.5T 2023 - Importacion desde China a Venezuela,"Jetour 2023 · Dasheng 2023 1.5T · 8.958 km · black · 6-speed wet dual-clutch · Disponible en Guangdong. Vehiculo disponible para compradores en Venezuela, con inspeccion, documentos de exportacion y apoyo logistico de HainaAuto. Stock HA-554926216.",in stock,used,12321.38 USD,https://www.hainaautochina.com/vehicles/hainaauto-554926216,https://www.hainaautochina.com/api/vehicle-image/hainaauto/554926216/col_f6cd3cfe9066ffbe.webp,Jetour,"https://www.hainaautochina.com/api/vehicle-image/hainaauto/554926216/col_ac26b38a923acbee.webp,https://www.hainaautochina.com/api/vehicle-image/hainaauto/554926216/col_5105c18fce62b0b0.webp,https://www.hainaautochina.com/api/vehicle-image/hainaauto/554926216/col_198b43df95009150.webp",SUV y todoterrenos > Dasheng 2023 1.5T,Dasheng 2023 1.5T,Venezuela,Jetour
hainaauto-656715587,HR-V 2023 240TURBO 2023 - Importacion desde China a Venezuela,"Honda 2023 · HR-V 2023 240TURBO · 2.083 km · White · CVT continuously variable transmission · Disponible en Shandong. Vehiculo disponible para compradores en Venezuela, con inspeccion, documentos de exportacion y apoyo logistico de HainaAuto. Stock HA-656715587.",in stock,used,14006.06 USD,https://www.hainaautochina.com/vehicles/hainaauto-656715587,https://www.hainaautochina.com/api/vehicle-image/hainaauto/656715587/col_bfb0e5ad19558619.webp,Honda,"https://www.hainaautochina.com/api/vehicle-image/hainaauto/656715587/col_b8a821feebda5ce1.webp,https://www.hainaautochina.com/api/vehicle-image/hainaauto/656715587/col_ac3b5b23b4ae08c8.webp,https://www.hainaautochina.com/api/vehicle-image/hainaauto/656715587/col_69d49dd35762b897.webp",SUV y todoterrenos > HR-V 2023 240TURBO,HR-V 2023 240TURBO,Venezuela,Honda
hainaauto-66957291,HR-V 240TURBO Top-of-the-Line 2023 - Importacion desde China a Venezuela,"Honda 2023 · HR-V 240TURBO Top-of-the-Line · 11.250 km · White · CVT continuously variable transmission · Disponible en Sichuan. Vehiculo disponible para compradores en Venezuela, con inspeccion, documentos de exportacion y apoyo logistico de HainaAuto. Stock HA-66957291.",in stock,used,14673.26 USD,https://www.hainaautochina.com/vehicles/hainaauto-66957291,https://www.hainaautochina.com/api/vehicle-image/hainaauto/66957291/col_ba67e2f8914d1134.webp,Honda,"https://www.hainaautochina.com/api/vehicle-image/hainaauto/66957291/col_9a7db8ccc5f0ab10.webp,https://www.hainaautochina.com/api/vehicle-image/hainaauto/66957291/col_420897fa486e0e96.webp,https://www.hainaautochina.com/api/vehicle-image/hainaauto/66957291/col_44064fcf24c21b24.webp",SUV y todoterrenos > HR-V 240TURBO Top-of-the-Line,HR-V 240TURBO Top-of-the-Line,Venezuela,Honda
hainaauto-173055017,2023 Highlander Hybrid 2023 - Importacion desde China a Venezuela,"Toyota 2023 · 2023 Highlander Hybrid · 16.667 km · black · automatic · Disponible en Hubei. Vehiculo disponible para compradores en Venezuela, con inspeccion, documentos de exportacion y apoyo logistico de HainaAuto. Stock HA-173055017.",in stock,used,18492.98 USD,https://www.hainaautochina.com/vehicles/hainaauto-173055017,https://www.hainaautochina.com/api/vehicle-image/hainaauto/173055017/col_64935c6d7d72767d.webp,Toyota,"https://www.hainaautochina.com/api/vehicle-image/hainaauto/173055017/col_759ed91bf54f7c76.webp,https://www.hainaautochina.com/api/vehicle-image/hainaauto/173055017/col_2902d8ccf838c699.webp,https://www.hainaautochina.com/api/vehicle-image/hainaauto/173055017/col_5691e3e8c85bb2ba.webp",SUV y todoterrenos > 2023 Highlander Hybrid,2023 Highlander Hybrid,Venezuela,Toyota
hainaauto-374312100,K5 2023 TSI280 2023 - Importacion desde China a Venezuela,"Kia 2023 · K5 2023 TSI280 · 11.417 km · black · 7-speed dry dual-clutch · Disponible en Shanxi. Vehiculo disponible para compradores en Venezuela, con inspeccion, documentos de exportacion y apoyo logistico de HainaAuto. Stock HA-374312100.",in stock,used,19093.46 USD,https://www.hainaautochina.com/vehicles/hainaauto-374312100,https://www.hainaautochina.com/api/vehicle-image/hainaauto/374312100/col_13e85d7a80ffcbff.webp,Kia,"https://www.hainaautochina.com/api/vehicle-image/hainaauto/374312100/col_d3df1b971c537dcc.webp,https://www.hainaautochina.com/api/vehicle-image/hainaauto/374312100/col_036aa0860ad21bfc.webp,https://www.hainaautochina.com/api/vehicle-image/hainaauto/374312100/col_d85dd4a1513a8f73.webp",SUV y todoterrenos > K5 2023 TSI280,K5 2023 TSI280,Venezuela,Kia
cntransit-826513509,Highlander Hybrid 2.5L 2022 - Importacion desde China a Venezuela,"Toyota 2022 · Highlander Hybrid 2.5L · 11.667 km · White · E-CVT Continuously Variable Transmission · Disponible en Shaanxi. Vehiculo disponible para compradores en Venezuela, con inspeccion, documentos de exportacion y apoyo logistico de HainaAuto. Stock CN-826513509.",in stock,used,15590.66 USD,https://www.hainaautochina.com/vehicles/cntransit-826513509,https://www.hainaautochina.com/api/vehicle-image/cntransit/826513509/col_c377d276a6c5abfd.jpg,Toyota,"https://www.hainaautochina.com/api/vehicle-image/cntransit/826513509/col_8c9790c549970ada.jpg,https://www.hainaautochina.com/api/vehicle-image/cntransit/826513509/col_0f1a1c63295b30a3.jpg,https://www.hainaautochina.com/api/vehicle-image/cntransit/826513509/col_0160df753bc7ba39.jpg",SUV y todoterrenos > Highlander Hybrid 2.5L,Highlander Hybrid 2.5L,Venezuela,Toyota
cntransit-65151216,Highlander 2.0T FWD 2018 - Importacion desde China a Venezuela,"Toyota 2018 · Highlander 2.0T FWD · 95.833 km · Black · 6-speed automatic with manual mode · Disponible en Shanghai. Vehiculo disponible para compradores en Venezuela, con inspeccion, documentos de exportacion y apoyo logistico de HainaAuto. Stock CN-65151216.",in stock,used,4472.60 USD,https://www.hainaautochina.com/vehicles/cntransit-65151216,https://www.hainaautochina.com/api/vehicle-image/cntransit/65151216/col_031dfdfb3295206d.jpg,Toyota,"https://www.hainaautochina.com/api/vehicle-image/cntransit/65151216/col_97808a9601a5352d.jpg,https://www.hainaautochina.com/api/vehicle-image/cntransit/65151216/col_b1c2516e2b6dd526.jpg,https://www.hainaautochina.com/api/vehicle-image/cntransit/65151216/col_fa59e628095775a6.jpg",SUV y todoterrenos > Highlander 2.0T FWD,Highlander 2.0T FWD,Venezuela,Toyota
cntransit-84291224,Highlander 2.0T AWD 2018 - Importacion desde China a Venezuela,"Toyota 2018 · Highlander 2.0T AWD · 28.333 km · Black · 6-speed automatic with manual mode · Disponible en Guangxi. Vehiculo disponible para compradores en Venezuela, con inspeccion, documentos de exportacion y apoyo logistico de HainaAuto. Stock CN-84291224.",in stock,used,7408.28 USD,https://www.hainaautochina.com/vehicles/cntransit-84291224,https://www.hainaautochina.com/api/vehicle-image/cntransit/84291224/col_6f79f593195ee865.jpg,Toyota,"https://www.hainaautochina.com/api/vehicle-image/cntransit/84291224/col_a12b191e480fd228.jpg,https://www.hainaautochina.com/api/vehicle-image/cntransit/84291224/col_f967815d8b083361.jpg,https://www.hainaautochina.com/api/vehicle-image/cntransit/84291224/col_63689c1998515bbe.jpg",SUV y todoterrenos > Highlander 2.0T AWD,Highlander 2.0T AWD,Venezuela,Toyota
cntransit-50381214,Highlander 2.0T Front-Wheel 2015 - Importacion desde China a Venezuela,"Toyota 2015 · Highlander 2.0T Front-Wheel · 166.667 km · Black · 6-speed automatic with manual mode · Disponible en Guangdong. Vehiculo disponible para compradores en Venezuela, con inspeccion, documentos de exportacion y apoyo logistico de HainaAuto. Stock CN-50381214.",in stock,used,1403.48 USD,https://www.hainaautochina.com/vehicles/cntransit-50381214,https://www.hainaautochina.com/api/vehicle-image/cntransit/50381214/col_e3fb3207ff8a8ca6.jpg,Toyota,"https://www.hainaautochina.com/api/vehicle-image/cntransit/50381214/col_c1930d139fa9b880.jpg,https://www.hainaautochina.com/api/vehicle-image/cntransit/50381214/col_7f9302c6b258b014.jpg,https://www.hainaautochina.com/api/vehicle-image/cntransit/50381214/col_18128df6688013f5.jpg",SUV y todoterrenos > Highlander 2.0T Front-Wheel,Highlander 2.0T Front-Wheel,Venezuela,Toyota
cntransit-80151219,Highlander 2.7L 2WD 2012 - Importacion desde China a Venezuela,"Toyota 2012 · Highlander 2.7L 2WD · 79.167 km · Black · 6-speed automatic with manual mode · Disponible en Chongqing. Vehiculo disponible para compradores en Venezuela, con inspeccion, documentos de exportacion y apoyo logistico de HainaAuto. Stock CN-80151219.",in stock,used,69.08 USD,https://www.hainaautochina.com/vehicles/cntransit-80151219,https://www.hainaautochina.com/api/vehicle-image/cntransit/80151219/col_6044389513be80b3.jpg,Toyota,"https://www.hainaautochina.com/api/vehicle-image/cntransit/80151219/col_c29cc97849874741.jpg,https://www.hainaautochina.com/api/vehicle-image/cntransit/80151219/col_9f95a8fa56abffb7.jpg,https://www.hainaautochina.com/api/vehicle-image/cntransit/80151219/col_0131bfb6b9747e74.jpg",SUV y todoterrenos > Highlander 2.7L 2WD,Highlander 2.7L 2WD,Venezuela,Toyota
cntransit-644710292,2026 QQ Ice 2026 - Importacion desde China a Venezuela,"Chery 2026 · 2026 QQ Ice · 42 km · Beige · Automatic · Disponible en Hubei. Vehiculo disponible para compradores en Venezuela, con inspeccion, documentos de exportacion y apoyo logistico de HainaAuto. Stock CN-644710292.",in stock,new,9235.58 USD,https://www.hainaautochina.com/vehicles/cntransit-644710292,https://www.hainaautochina.com/api/vehicle-image/cntransit/644710292/col_8c6dd25b402a76be.jpg,Chery,"https://www.hainaautochina.com/api/vehicle-image/cntransit/644710292/col_50e30a3be676d1da.jpg,https://www.hainaautochina.com/api/vehicle-image/cntransit/644710292/col_4af4c8e91a2f14c7.jpg,https://www.hainaautochina.com/api/vehicle-image/cntransit/644710292/col_1e5acf36456f5a45.jpg",Sedanes y hatchbacks > 2026 QQ Ice,2026 QQ Ice,Venezuela,Chery
hainaauto-614723992,2026 QQ3 EV 2026 - Importacion desde China a Venezuela,"Chery 2026 · 2026 QQ3 EV · 0 km · Beige · automatic · Disponible en Henan. Vehiculo disponible para compradores en Venezuela, con inspeccion, documentos de exportacion y apoyo logistico de HainaAuto. Stock HA-614723992.",in stock,new,11278.88 USD,https://www.hainaautochina.com/vehicles/hainaauto-614723992,https://www.hainaautochina.com/api/vehicle-image/hainaauto/614723992/col_ebeafbcc5aa22a0c.webp,Chery,"https://www.hainaautochina.com/api/vehicle-image/hainaauto/614723992/col_b7f8e414bb629379.webp,https://www.hainaautochina.com/api/vehicle-image/hainaauto/614723992/col_7cd937fdc23fae8b.webp,https://www.hainaautochina.com/api/vehicle-image/hainaauto/614723992/col_d98fb4cb6d54ac50.webp",Sedanes y hatchbacks > 2026 QQ3 EV,2026 QQ3 EV,Venezuela,Chery
hainaauto-151438636,"Aoteng, Aoteng, Automatic 2026 - Importacion desde China a Venezuela","Xinjiao 2026 · Aoteng, Aoteng, Automatic · 42 km · White · automatic · Disponible en Zhejiang. Vehiculo disponible para compradores en Venezuela, con inspeccion, documentos de exportacion y apoyo logistico de HainaAuto. Stock HA-151438636.",in stock,new,11737.58 USD,https://www.hainaautochina.com/vehicles/hainaauto-151438636,https://www.hainaautochina.com/api/vehicle-image/hainaauto/151438636/col_81edbf97428dbfda.webp,Xinjiao,"https://www.hainaautochina.com/api/vehicle-image/hainaauto/151438636/col_7d21286afa3594d2.webp,https://www.hainaautochina.com/api/vehicle-image/hainaauto/151438636/col_96ae133451c325c8.webp,https://www.hainaautochina.com/api/vehicle-image/hainaauto/151438636/col_512387e21dc25695.webp","Maquinaria y camiones > Aoteng, Aoteng, Automatic","Aoteng, Aoteng, Automatic",Venezuela,Xinjiao
hainaauto-844048218,Sylphy Classic 1.6 2026 - Importacion desde China a Venezuela,"Nissan 2026 · Sylphy Classic 1.6 · 0 km · White · automatic · Disponible en Shanxi. Vehiculo disponible para compradores en Venezuela, con inspeccion, documentos de exportacion y apoyo logistico de HainaAuto. Stock HA-844048218.",in stock,new,11737.58 USD,https://www.hainaautochina.com/vehicles/hainaauto-844048218,https://www.hainaautochina.com/api/vehicle-image/hainaauto/844048218/col_4fb322864b3656bc.webp,Nissan,"https://www.hainaautochina.com/api/vehicle-image/hainaauto/844048218/col_abb4d301e89896ab.webp,https://www.hainaautochina.com/api/vehicle-image/hainaauto/844048218/col_8731149ff9a4e4c2.webp,https://www.hainaautochina.com/api/vehicle-image/hainaauto/844048218/col_73e931c3cae1d791.webp",Sedanes y hatchbacks > Sylphy Classic 1.6,Sylphy Classic 1.6,Venezuela,Nissan
hainaauto-077928540,2026 Yangguang 330km/h 2026 - Importacion desde China a Venezuela,"Wuling 2026 · 2026 Yangguang 330km/h · 0 km · White · automatic · Disponible en Shanxi. Vehiculo disponible para compradores en Venezuela, con inspeccion, documentos de exportacion y apoyo logistico de HainaAuto. Stock HA-077928540.",in stock,new,12196.28 USD,https://www.hainaautochina.com/vehicles/hainaauto-077928540,https://www.hainaautochina.com/api/vehicle-image/hainaauto/077928540/col_2685a00b00fda35d.webp,Wuling,"https://www.hainaautochina.com/api/vehicle-image/hainaauto/077928540/col_efd71db72ffd5b8d.webp,https://www.hainaautochina.com/api/vehicle-image/hainaauto/077928540/col_f9944e0e84150795.webp,https://www.hainaautochina.com/api/vehicle-image/hainaauto/077928540/col_5bc78d70b8d084dc.webp",Maquinaria y camiones > 2026 Yangguang 330km/h,2026 Yangguang 330km/h,Venezuela,Wuling
hainaauto-024423293,2026 Jiyun E6 2026 - Importacion desde China a Venezuela,"Jinbei 2026 · 2026 Jiyun E6 · 42 km · White · automatic · Disponible en Guangxi. Vehiculo disponible para compradores en Venezuela, con inspeccion, documentos de exportacion y apoyo logistico de HainaAuto. Stock HA-024423293.",in stock,new,12237.98 USD,https://www.hainaautochina.com/vehicles/hainaauto-024423293,https://www.hainaautochina.com/api/vehicle-image/hainaauto/024423293/col_20191cb1a5e914a7.webp,Jinbei,"https://www.hainaautochina.com/api/vehicle-image/hainaauto/024423293/col_d09c7577bed86c2e.webp,https://www.hainaautochina.com/api/vehicle-image/hainaauto/024423293/col_174475c9aba2c538.webp,https://www.hainaautochina.com/api/vehicle-image/hainaauto/024423293/col_6b306900ca860ff7.webp",Maquinaria y camiones > 2026 Jiyun E6,2026 Jiyun E6,Venezuela,Jinbei
cntransit-764112544,2026 Model Year 2026 - Importacion desde China a Venezuela,"Jinbei 2026 · 2026 Model Year · 0 km · White · Automatic · Disponible en Guangxi. Vehiculo disponible para compradores en Venezuela, con inspeccion, documentos de exportacion y apoyo logistico de HainaAuto. Stock CN-764112544.",in stock,new,12404.78 USD,https://www.hainaautochina.com/vehicles/cntransit-764112544,https://www.hainaautochina.com/api/vehicle-image/cntransit/764112544/col_5040934e2f733e14.jpg,Jinbei,"https://www.hainaautochina.com/api/vehicle-image/cntransit/764112544/col_c4746c1271d3cb45.jpg,https://www.hainaautochina.com/api/vehicle-image/cntransit/764112544/col_f8926b6205cc024e.jpg,https://www.hainaautochina.com/api/vehicle-image/cntransit/764112544/col_605251d23d93a7dc.jpg",Maquinaria y camiones > 2026 Model Year,2026 Model Year,Venezuela,Jinbei
hainaauto-026222008,2026 Yangguang 440km/h 2026 - Importacion desde China a Venezuela,"Wuling 2026 · 2026 Yangguang 440km/h · 0 km · White · automatic · Disponible en Shanxi. Vehiculo disponible para compradores en Venezuela, con inspeccion, documentos de exportacion y apoyo logistico de HainaAuto. Stock HA-026222008.",in stock,new,12863.48 USD,https://www.hainaautochina.com/vehicles/hainaauto-026222008,https://www.hainaautochina.com/api/vehicle-image/hainaauto/026222008/col_21ce4e9e57255ba0.webp,Wuling,"https://www.hainaautochina.com/api/vehicle-image/hainaauto/026222008/col_0098aab17e826653.webp,https://www.hainaautochina.com/api/vehicle-image/hainaauto/026222008/col_8e1dd375a511e6e2.webp,https://www.hainaautochina.com/api/vehicle-image/hainaauto/026222008/col_5a39cb7fb05bb095.webp",Maquinaria y camiones > 2026 Yangguang 440km/h,2026 Yangguang 440km/h,Venezuela,Wuling
hainaauto-575416923,Sylphy 1.6 CVT 2026 - Importacion desde China a Venezuela,"Nissan 2026 · Sylphy 1.6 CVT · 0 km · White · automatic · Disponible en Henan. Vehiculo disponible para compradores en Venezuela, con inspeccion, documentos de exportacion y apoyo logistico de HainaAuto. Stock HA-575416923.",in stock,new,12905.18 USD,https://www.hainaautochina.com/vehicles/hainaauto-575416923,https://www.hainaautochina.com/api/vehicle-image/hainaauto/575416923/col_d4d043dd3e22653b.webp,Nissan,"https://www.hainaautochina.com/api/vehicle-image/hainaauto/575416923/col_3f960dd984a62507.webp,https://www.hainaautochina.com/api/vehicle-image/hainaauto/575416923/col_9a154bd6b6c80223.webp,https://www.hainaautochina.com/api/vehicle-image/hainaauto/575416923/col_795283f6fd5917d5.webp",Sedanes y hatchbacks > Sylphy 1.6 CVT,Sylphy 1.6 CVT,Venezuela,Nissan
hainaauto-742131473,Fit 1.5 CVT 2026 - Importacion desde China a Venezuela,"Honda 2026 · Fit 1.5 CVT · 42 km · yellow · automatic · Disponible en Shandong. Vehiculo disponible para compradores en Venezuela, con inspeccion, documentos de exportacion y apoyo logistico de HainaAuto. Stock HA-742131473.",in stock,new,12921.86 USD,https://www.hainaautochina.com/vehicles/hainaauto-742131473,https://www.hainaautochina.com/api/vehicle-image/hainaauto/742131473/col_cbe7566367fc39c2.webp,Honda,"https://www.hainaautochina.com/api/vehicle-image/hainaauto/742131473/col_139cbad4d1dce879.webp,https://www.hainaautochina.com/api/vehicle-image/hainaauto/742131473/col_c02f5414cf4a3e8a.webp,https://www.hainaautochina.com/api/vehicle-image/hainaauto/742131473/col_2fd0a6c01caca874.webp",Sedanes y hatchbacks > Fit 1.5 CVT,Fit 1.5 CVT,Venezuela,Honda
hainaauto-080433508,2026 Sylphy 1.6 2026 - Importacion desde China a Venezuela,"Nissan 2026 · 2026 Sylphy 1.6 · 42 km · White · automatic · Disponible en Zhejiang. Vehiculo disponible para compradores en Venezuela, con inspeccion, documentos de exportacion y apoyo logistico de HainaAuto. Stock HA-080433508.",in stock,new,13922.66 USD,https://www.hainaautochina.com/vehicles/hainaauto-080433508,https://www.hainaautochina.com/api/vehicle-image/hainaauto/080433508/col_851c3777f0983c64.webp,Nissan,"https://www.hainaautochina.com/api/vehicle-image/hainaauto/080433508/col_8c25c0fd712bd81b.webp,https://www.hainaautochina.com/api/vehicle-image/hainaauto/080433508/col_eabaf3b4fe1fbd6e.webp,https://www.hainaautochina.com/api/vehicle-image/hainaauto/080433508/col_6ae4db94961b5b4c.webp",Sedanes y hatchbacks > 2026 Sylphy 1.6,2026 Sylphy 1.6,Venezuela,Nissan
hainaauto-318616261,Continental GT V8 2026 - Importacion desde China a Venezuela,"Bentley 2026 · Continental GT V8 · 42 km · White · automatic · Disponible en Shanghai. Vehiculo disponible para compradores en Venezuela, con inspeccion, documentos de exportacion y apoyo logistico de HainaAuto. Stock HA-318616261.",in stock,new,288392.06 USD,https://www.hainaautochina.com/vehicles/hainaauto-318616261,https://www.hainaautochina.com/api/vehicle-image/hainaauto/318616261/col_b2c37b1915a1904e.webp,Bentley,"https://www.hainaautochina.com/api/vehicle-image/hainaauto/318616261/col_da47333338c19738.webp,https://www.hainaautochina.com/api/vehicle-image/hainaauto/318616261/col_63946341cf0c8c2b.webp,https://www.hainaautochina.com/api/vehicle-image/hainaauto/318616261/col_b61b796904918e02.webp",Superautos y deportivos > Continental GT V8,Continental GT V8,Venezuela,Bentley
hainaauto-201120661,2025 QQ Ice 2025 - Importacion desde China a Venezuela,"Chery 2025 · 2025 QQ Ice · 0 km · pink · automatic · Disponible en Anhui. Vehiculo disponible para compradores en Venezuela, con inspeccion, documentos de exportacion y apoyo logistico de HainaAuto. Stock HA-201120661.",in stock,new,8835.26 USD,https://www.hainaautochina.com/vehicles/hainaauto-201120661,https://www.hainaautochina.com/api/vehicle-image/hainaauto/201120661/col_3a2d1382eb906fc5.webp,Chery,"https://www.hainaautochina.com/api/vehicle-image/hainaauto/201120661/col_6f4fd5b124986e6e.webp,https://www.hainaautochina.com/api/vehicle-image/hainaauto/201120661/col_cdac027beaf056cf.webp,https://www.hainaautochina.com/api/vehicle-image/hainaauto/201120661/col_09de86c120e19659.webp",Sedanes y hatchbacks > 2025 QQ Ice,2025 QQ Ice,Venezuela,Chery
hainaauto-828332800,Sunshine New Energy 2025 - Importacion desde China a Venezuela,"Wuling 2025 · Sunshine New Energy · 42 km · black · automatic · Disponible en Guangxi. Vehiculo disponible para compradores en Venezuela, con inspeccion, documentos de exportacion y apoyo logistico de HainaAuto. Stock HA-828332800.",in stock,new,9235.58 USD,https://www.hainaautochina.com/vehicles/hainaauto-828332800,https://www.hainaautochina.com/api/vehicle-image/hainaauto/828332800/col_7828c4607922b929.webp,Wuling,"https://www.hainaautochina.com/api/vehicle-image/hainaauto/828332800/col_68762f59ef39b130.webp,https://www.hainaautochina.com/api/vehicle-image/hainaauto/828332800/col_464fd17134d2534d.webp,https://www.hainaautochina.com/api/vehicle-image/hainaauto/828332800/col_b6a3fab07605814b.webp",Maquinaria y camiones > Sunshine New Energy,Sunshine New Energy,Venezuela,Wuling
cntransit-13116490,Hongguang New Energy 2025 - Importacion desde China a Venezuela,"Wuling 2025 · Hongguang New Energy · 0 km · Silver · Automatic · Disponible en Shanxi. Vehiculo disponible para compradores en Venezuela, con inspeccion, documentos de exportacion y apoyo logistico de HainaAuto. Stock CN-13116490.",in stock,new,9544.16 USD,https://www.hainaautochina.com/vehicles/cntransit-13116490,https://www.hainaautochina.com/api/vehicle-image/cntransit/13116490/col_b7380bccec1c3f62.jpg,Wuling,"https://www.hainaautochina.com/api/vehicle-image/cntransit/13116490/col_d3566c18fda65d75.jpg,https://www.hainaautochina.com/api/vehicle-image/cntransit/13116490/col_2c9c8b2eec86d6cb.jpg,https://www.hainaautochina.com/api/vehicle-image/cntransit/13116490/col_64859ce6d1c1ddef.jpg",Maquinaria y camiones > Hongguang New Energy,Hongguang New Energy,Venezuela,Wuling
cntransit-068411142,2025 QQ Domi 2025 - Importacion desde China a Venezuela,"Chery 2025 · 2025 QQ Domi · 42 km · Gray · Automatic · Disponible en Shanxi. Vehiculo disponible para compradores en Venezuela, con inspeccion, documentos de exportacion y apoyo logistico de HainaAuto. Stock CN-068411142.",in stock,new,10403.18 USD,https://www.hainaautochina.com/vehicles/cntransit-068411142,https://www.hainaautochina.com/api/vehicle-image/cntransit/068411142/col_dc731f29a1c4aa84.jpg,Chery,"https://www.hainaautochina.com/api/vehicle-image/cntransit/068411142/col_1ddbafd25d8c153d.jpg,https://www.hainaautochina.com/api/vehicle-image/cntransit/068411142/col_b05b1d345b1382d1.jpg,https://www.hainaautochina.com/api/vehicle-image/cntransit/068411142/col_de97f65fafaeeabf.jpg",Sedanes y hatchbacks > 2025 QQ Domi,2025 QQ Domi,Venezuela,Chery
hainaauto-640313720,2025 Star Enjoy 2025 - Importacion desde China a Venezuela,"Remote 2025 · 2025 Star Enjoy · 42 km · White · automatic · Disponible en Henan. Vehiculo disponible para compradores en Venezuela, con inspeccion, documentos de exportacion y apoyo logistico de HainaAuto. Stock HA-640313720.",in stock,new,11403.98 USD,https://www.hainaautochina.com/vehicles/hainaauto-640313720,https://www.hainaautochina.com/api/vehicle-image/hainaauto/640313720/col_cb8aaa5db99aa8a0.webp,Remote,"https://www.hainaautochina.com/api/vehicle-image/hainaauto/640313720/col_b21e374a98d38944.webp,https://www.hainaautochina.com/api/vehicle-image/hainaauto/640313720/col_e5980340394bbd7a.webp,https://www.hainaautochina.com/api/vehicle-image/hainaauto/640313720/col_7126ac4dffb94b4b.webp",Maquinaria y camiones > 2025 Star Enjoy,2025 Star Enjoy,Venezuela,Remote
hainaauto-233822661,Kuayue Star V7 2025 - Importacion desde China a Venezuela,"Changan 2025 · Kuayue Star V7 · 42 km · White · automatic · Disponible en Zhejiang. Vehiculo disponible para compradores en Venezuela, con inspeccion, documentos de exportacion y apoyo logistico de HainaAuto. Stock HA-233822661.",in stock,new,11670.86 USD,https://www.hainaautochina.com/vehicles/hainaauto-233822661,https://www.hainaautochina.com/api/vehicle-image/hainaauto/233822661/col_1cf5b1c63d99dc79.webp,Changan,"https://www.hainaautochina.com/api/vehicle-image/hainaauto/233822661/col_6a2685fbe9cb6fa6.webp,https://www.hainaautochina.com/api/vehicle-image/hainaauto/233822661/col_ff3e472ebff2ef4b.webp,https://www.hainaautochina.com/api/vehicle-image/hainaauto/233822661/col_0486bb6d974cccdf.webp",Maquinaria y camiones > Kuayue Star V7,Kuayue Star V7,Venezuela,Changan
hainaauto-598918322,"E6 2025 Model, 2025 - Importacion desde China a Venezuela","Geely 2025 · E6 2025 Model, · 42 km · White · automatic · Disponible en Guangdong. Vehiculo disponible para compradores en Venezuela, con inspeccion, documentos de exportacion y apoyo logistico de HainaAuto. Stock HA-598918322.",in stock,new,11921.06 USD,https://www.hainaautochina.com/vehicles/hainaauto-598918322,https://www.hainaautochina.com/api/vehicle-image/hainaauto/598918322/col_f41e2576f1927518.webp,Geely,"https://www.hainaautochina.com/api/vehicle-image/hainaauto/598918322/col_9a40f40cc6a14f8e.webp,https://www.hainaautochina.com/api/vehicle-image/hainaauto/598918322/col_8b3e355b4eb4fcb2.webp,https://www.hainaautochina.com/api/vehicle-image/hainaauto/598918322/col_348099808281b8ed.webp","Maquinaria y camiones > E6 2025 Model,","E6 2025 Model,",Venezuela,Geely
hainaauto-662332606,"2025 Model, Golden 2025 - Importacion desde China a Venezuela","Yufeng 2025 · 2025 Model, Golden · 42 km · White · automatic · Disponible en Henan. Vehiculo disponible para compradores en Venezuela, con inspeccion, documentos de exportacion y apoyo logistico de HainaAuto. Stock HA-662332606.",in stock,new,12171.26 USD,https://www.hainaautochina.com/vehicles/hainaauto-662332606,https://www.hainaautochina.com/api/vehicle-image/hainaauto/662332606/col_e3d5b0686f1fec00.webp,Yufeng,"https://www.hainaautochina.com/api/vehicle-image/hainaauto/662332606/col_6faff261fe7e8147.webp,https://www.hainaautochina.com/api/vehicle-image/hainaauto/662332606/col_215e137ad62f5ee6.webp,https://www.hainaautochina.com/api/vehicle-image/hainaauto/662332606/col_c93b1e0f20f95b7e.webp","Maquinaria y camiones > 2025 Model, Golden","2025 Model, Golden",Venezuela,Yufeng
hainaauto-109238545,2025 Fengjing i9 2025 - Importacion desde China a Venezuela,"Foton 2025 · 2025 Fengjing i9 · 42 km · White · automatic · Disponible en Henan. Vehiculo disponible para compradores en Venezuela, con inspeccion, documentos de exportacion y apoyo logistico de HainaAuto. Stock HA-109238545.",in stock,new,13413.92 USD,https://www.hainaautochina.com/vehicles/hainaauto-109238545,https://www.hainaautochina.com/api/vehicle-image/hainaauto/109238545/col_f681604db1250ddc.webp,Foton,"https://www.hainaautochina.com/api/vehicle-image/hainaauto/109238545/col_d14121b25c66af45.webp,https://www.hainaautochina.com/api/vehicle-image/hainaauto/109238545/col_7b7fecd6460e120e.webp,https://www.hainaautochina.com/api/vehicle-image/hainaauto/109238545/col_427a2989e6250a81.webp",Maquinaria y camiones > 2025 Fengjing i9,2025 Fengjing i9,Venezuela,Foton
cntransit-440614719,"2025 Model, Gold 2025 - Importacion desde China a Venezuela","Yufeng 2025 · 2025 Model, Gold · 42 km · White · Automatic · Disponible en Jiangsu. Vehiculo disponible para compradores en Venezuela, con inspeccion, documentos de exportacion y apoyo logistico de HainaAuto. Stock CN-440614719.",in stock,new,13672.46 USD,https://www.hainaautochina.com/vehicles/cntransit-440614719,https://www.hainaautochina.com/api/vehicle-image/cntransit/440614719/col_58ecaa96342f9b4a.jpg,Yufeng,"https://www.hainaautochina.com/api/vehicle-image/cntransit/440614719/col_9b91255e8208d5e1.jpg,https://www.hainaautochina.com/api/vehicle-image/cntransit/440614719/col_d0c8b863015dd863.jpg,https://www.hainaautochina.com/api/vehicle-image/cntransit/440614719/col_ba37afa9002e371f.jpg","Maquinaria y camiones > 2025 Model, Gold","2025 Model, Gold",Venezuela,Yufeng
hainaauto-890017671,"2025 Model, Window 2025 - Importacion desde China a Venezuela","E-Fushun 2025 · 2025 Model, Window · 0 km · White · automatic · Disponible en Chongqing. Vehiculo disponible para compradores en Venezuela, con inspeccion, documentos de exportacion y apoyo logistico de HainaAuto. Stock HA-890017671.",in stock,new,14489.78 USD,https://www.hainaautochina.com/vehicles/hainaauto-890017671,https://www.hainaautochina.com/api/vehicle-image/hainaauto/890017671/col_3afec253186fcd88.webp,E-Fushun,"https://www.hainaautochina.com/api/vehicle-image/hainaauto/890017671/col_301e72b11ec40568.webp,https://www.hainaautochina.com/api/vehicle-image/hainaauto/890017671/col_1075d0af2f90d7fc.webp,https://www.hainaautochina.com/api/vehicle-image/hainaauto/890017671/col_04fa4e7e1e6d45fe.webp","Maquinaria y camiones > 2025 Model, Window","2025 Model, Window",Venezuela,E-Fushun
hainaauto-621337449,2 Series 225L 2025 - Importacion desde China a Venezuela,"BMW 2025 · 2 Series 225L · 0 km · White · automatic · Disponible en Jiangsu. Vehiculo disponible para compradores en Venezuela, con inspeccion, documentos de exportacion y apoyo logistico de HainaAuto. Stock HA-621337449.",in stock,new,19677.26 USD,https://www.hainaautochina.com/vehicles/hainaauto-621337449,https://www.hainaautochina.com/api/vehicle-image/hainaauto/621337449/col_c44247b8576b9501.webp,BMW,"https://www.hainaautochina.com/api/vehicle-image/hainaauto/621337449/col_e9b7cd19418da488.webp,https://www.hainaautochina.com/api/vehicle-image/hainaauto/621337449/col_669927fa3ebe9fa4.webp,https://www.hainaautochina.com/api/vehicle-image/hainaauto/621337449/col_9a7f44ef96138f29.webp",Superautos y deportivos > 2 Series 225L,2 Series 225L,Venezuela,BMW
cntransit-903616891,E5 2024 Model 2024 - Importacion desde China a Venezuela,"Jiangtu 2024 · E5 2024 Model · 42 km · Beige · Automatic · Disponible en Hebei. Vehiculo disponible para compradores en Venezuela, con inspeccion, documentos de exportacion y apoyo logistico de HainaAuto. Stock CN-903616891.",in stock,new,10253.06 USD,https://www.hainaautochina.com/vehicles/cntransit-903616891,https://www.hainaautochina.com/api/vehicle-image/cntransit/903616891/col_9447d7a6ac220ba8.jpg,Jiangtu,"https://www.hainaautochina.com/api/vehicle-image/cntransit/903616891/col_8fd5ae98a09bda17.jpg,https://www.hainaautochina.com/api/vehicle-image/cntransit/903616891/col_74394a4650dbf92f.jpg,https://www.hainaautochina.com/api/vehicle-image/cntransit/903616891/col_930cbb0cba495e1d.jpg",Maquinaria y camiones > E5 2024 Model,E5 2024 Model,Venezuela,Jiangtu
hainaauto-379513519,2024 Hongguang EV 2024 - Importacion desde China a Venezuela,"Wuling 2024 · 2024 Hongguang EV · 42 km · Beige · automatic · Disponible en Yunnan. Vehiculo disponible para compradores en Venezuela, con inspeccion, documentos de exportacion y apoyo logistico de HainaAuto. Stock HA-379513519.",in stock,new,11487.38 USD,https://www.hainaautochina.com/vehicles/hainaauto-379513519,https://www.hainaautochina.com/api/vehicle-image/hainaauto/379513519/col_4e63c48972d8d960.webp,Wuling,"https://www.hainaautochina.com/api/vehicle-image/hainaauto/379513519/col_f88e247aa759d252.webp,https://www.hainaautochina.com/api/vehicle-image/hainaauto/379513519/col_cb02c202b4470e37.webp,https://www.hainaautochina.com/api/vehicle-image/hainaauto/379513519/col_f6d0b5da35d4c977.webp",Maquinaria y camiones > 2024 Hongguang EV,2024 Hongguang EV,Venezuela,Wuling
hainaauto-366835772,2024 Aoteng Pro 2024 - Importacion desde China a Venezuela,"XinJiao 2024 · 2024 Aoteng Pro · 42 km · White · automatic · Disponible en Zhejiang. Vehiculo disponible para compradores en Venezuela, con inspeccion, documentos de exportacion y apoyo logistico de HainaAuto. Stock HA-366835772.",in stock,new,12171.26 USD,https://www.hainaautochina.com/vehicles/hainaauto-366835772,https://www.hainaautochina.com/api/vehicle-image/hainaauto/366835772/col_fe74208245c6ef14.webp,XinJiao,"https://www.hainaautochina.com/api/vehicle-image/hainaauto/366835772/col_3de4bded505c5807.webp,https://www.hainaautochina.com/api/vehicle-image/hainaauto/366835772/col_402ade19e96d77ea.webp,https://www.hainaautochina.com/api/vehicle-image/hainaauto/366835772/col_c41bbc79598c35c3.webp",Maquinaria y camiones > 2024 Aoteng Pro,2024 Aoteng Pro,Venezuela,XinJiao
cntransit-105315359,2024 Xiangling Q 2024 - Importacion desde China a Venezuela,"Foton 2024 · 2024 Xiangling Q · 0 km · Gray · Automatic · Disponible en Hebei. Vehiculo disponible para compradores en Venezuela, con inspeccion, documentos de exportacion y apoyo logistico de HainaAuto. Stock CN-105315359.",in stock,new,12588.26 USD,https://www.hainaautochina.com/vehicles/cntransit-105315359,https://www.hainaautochina.com/api/vehicle-image/cntransit/105315359/col_d60371469145f639.jpg,Foton,"https://www.hainaautochina.com/api/vehicle-image/cntransit/105315359/col_77d2325f88ec19f1.jpg,https://www.hainaautochina.com/api/vehicle-image/cntransit/105315359/col_a827eb94917ce75b.jpg,https://www.hainaautochina.com/api/vehicle-image/cntransit/105315359/col_26ae3c8eb4c0e281.jpg",Maquinaria y camiones > 2024 Xiangling Q,2024 Xiangling Q,Venezuela,Foton
cntransit-89706423,"2024 ""Fuyun"" 2.8T 2024 - Importacion desde China a Venezuela","Jingma 2024 · 2024 ""Fuyun"" 2.8T · 0 km · White · Manual · Disponible en Zhejiang. Vehiculo disponible para compradores en Venezuela, con inspeccion, documentos de exportacion y apoyo logistico de HainaAuto. Stock CN-89706423.",in stock,new,14072.78 USD,https://www.hainaautochina.com/vehicles/cntransit-89706423,https://www.hainaautochina.com/api/vehicle-image/cntransit/89706423/col_871e2df5b543ddef.jpg,Jingma,"https://www.hainaautochina.com/api/vehicle-image/cntransit/89706423/col_42a9de58ef21bcef.jpg,https://www.hainaautochina.com/api/vehicle-image/cntransit/89706423/col_40655b0496c1187f.jpg,https://www.hainaautochina.com/api/vehicle-image/cntransit/89706423/col_b4510429e434b173.jpg","Maquinaria y camiones > 2024 ""Fuyun"" 2.8T","2024 ""Fuyun"" 2.8T",Venezuela,Jingma
hainaauto-190146182,K3 1.5L CVT 2024 - Importacion desde China a Venezuela,"Kia 2024 · K3 1.5L CVT · 42 km · White · CVT continuously variable transmission (simulating 8 gears) · Disponible en Shanghai. Vehiculo disponible para compradores en Venezuela, con inspeccion, documentos de exportacion y apoyo logistico de HainaAuto. Stock HA-190146182.",in stock,new,14756.66 USD,https://www.hainaautochina.com/vehicles/hainaauto-190146182,https://www.hainaautochina.com/api/vehicle-image/hainaauto/190146182/col_d49ab0245da8bfcd.webp,Kia,"https://www.hainaautochina.com/api/vehicle-image/hainaauto/190146182/col_697f36b405f78f77.webp,https://www.hainaautochina.com/api/vehicle-image/hainaauto/190146182/col_17ee062eaf4ef4c3.webp,https://www.hainaautochina.com/api/vehicle-image/hainaauto/190146182/col_272cfcb70be3b645.webp",Sedanes y hatchbacks > K3 1.5L CVT,K3 1.5L CVT,Venezuela,Kia
hainaauto-944119495,CLE (Imported) 2024 2024 - Importacion desde China a Venezuela,"Mercedes-Benz 2024 · CLE (Imported) 2024 · 42 km · White · automatic · Disponible en Shaanxi. Vehiculo disponible para compradores en Venezuela, con inspeccion, documentos de exportacion y apoyo logistico de HainaAuto. Stock HA-944119495.",in stock,new,34005.38 USD,https://www.hainaautochina.com/vehicles/hainaauto-944119495,https://www.hainaautochina.com/api/vehicle-image/hainaauto/944119495/col_49cfaf49384b6024.webp,Mercedes-Benz,"https://www.hainaautochina.com/api/vehicle-image/hainaauto/944119495/col_70b76f7deacd9fb3.webp,https://www.hainaautochina.com/api/vehicle-image/hainaauto/944119495/col_191c117abf32b28b.webp,https://www.hainaautochina.com/api/vehicle-image/hainaauto/944119495/col_8dd04390728e1e67.webp",Superautos y deportivos > CLE (Imported) 2024,CLE (Imported) 2024,Venezuela,Mercedes-Benz
hainaauto-672116785,4 Series (Imported) 2024 - Importacion desde China a Venezuela,"BMW 2024 · 4 Series (Imported) · 42 km · grey · automatic · Disponible en Anhui. Vehiculo disponible para compradores en Venezuela, con inspeccion, documentos de exportacion y apoyo logistico de HainaAuto. Stock HA-672116785.",in stock,new,39693.26 USD,https://www.hainaautochina.com/vehicles/hainaauto-672116785,https://www.hainaautochina.com/api/vehicle-image/hainaauto/672116785/col_2911f17a86361bba.webp,BMW,"https://www.hainaautochina.com/api/vehicle-image/hainaauto/672116785/col_786e2e9546f99aa7.webp,https://www.hainaautochina.com/api/vehicle-image/hainaauto/672116785/col_71efa9e85abd3937.webp,https://www.hainaautochina.com/api/vehicle-image/hainaauto/672116785/col_155e679b86dbd7ed.webp",Superautos y deportivos > 4 Series (Imported),4 Series (Imported),Venezuela,BMW
hainaauto-869617472,Plug-in Hybrid GT 2024 - Importacion desde China a Venezuela,"Continental 2024 · Plug-in Hybrid GT · 42 km · grey · automatic · Disponible en Shanghai. Vehiculo disponible para compradores en Venezuela, con inspeccion, documentos de exportacion y apoyo logistico de HainaAuto. Stock HA-869617472.",in stock,new,319250.06 USD,https://www.hainaautochina.com/vehicles/hainaauto-869617472,https://www.hainaautochina.com/api/vehicle-image/hainaauto/869617472/col_0083f6626a62d7c8.webp,Continental,"https://www.hainaautochina.com/api/vehicle-image/hainaauto/869617472/col_77138068fbd6dacb.webp,https://www.hainaautochina.com/api/vehicle-image/hainaauto/869617472/col_5f5f39272ed0ca2a.webp,https://www.hainaautochina.com/api/vehicle-image/hainaauto/869617472/col_f1c185314bdc2200.webp",Superautos y deportivos > Plug-in Hybrid GT,Plug-in Hybrid GT,Venezuela,Continental
hainaauto-302721614,2023 Rongguang Mini 2023 - Importacion desde China a Venezuela,"Wuling 2023 · 2023 Rongguang Mini · 42 km · Multicolor · Manual · Disponible en Ningxia. Vehiculo disponible para compradores en Venezuela, con inspeccion, documentos de exportacion y apoyo logistico de HainaAuto. Stock HA-302721614.",in stock,new,10403.18 USD,https://www.hainaautochina.com/vehicles/hainaauto-302721614,https://www.hainaautochina.com/api/vehicle-image/hainaauto/302721614/col_7e93fab0fffa823b.webp,Wuling,"https://www.hainaautochina.com/api/vehicle-image/hainaauto/302721614/col_7e83b9bdf4f7beba.webp,https://www.hainaautochina.com/api/vehicle-image/hainaauto/302721614/col_42f1776a8b4653af.webp,https://www.hainaautochina.com/api/vehicle-image/hainaauto/302721614/col_0861c3534ad59497.webp",Maquinaria y camiones > 2023 Rongguang Mini,2023 Rongguang Mini,Venezuela,Wuling
hainaauto-896717673,2023 Rongguang New 2023 - Importacion desde China a Venezuela,"Wuling 2023 · 2023 Rongguang New · 42 km · grey · Manual · Disponible en Fujian. Vehiculo disponible para compradores en Venezuela, con inspeccion, documentos de exportacion y apoyo logistico de HainaAuto. Stock HA-896717673.",in stock,new,10736.78 USD,https://www.hainaautochina.com/vehicles/hainaauto-896717673,https://www.hainaautochina.com/api/vehicle-image/hainaauto/896717673/col_2274672e00c9c632.webp,Wuling,"https://www.hainaautochina.com/api/vehicle-image/hainaauto/896717673/col_b249946fb8e71c6c.webp,https://www.hainaautochina.com/api/vehicle-image/hainaauto/896717673/col_ad7321c8a717e0d7.webp,https://www.hainaautochina.com/api/vehicle-image/hainaauto/896717673/col_287abdac71dbd957.webp",Maquinaria y camiones > 2023 Rongguang New,2023 Rongguang New,Venezuela,Wuling
hainaauto-693716915,2023 Xiangling Q 2023 - Importacion desde China a Venezuela,"Foton 2023 · 2023 Xiangling Q · 0 km · Beige · automatic · Disponible en Shandong. Vehiculo disponible para compradores en Venezuela, con inspeccion, documentos de exportacion y apoyo logistico de HainaAuto. Stock HA-693716915.",in stock,new,12237.98 USD,https://www.hainaautochina.com/vehicles/hainaauto-693716915,https://www.hainaautochina.com/api/vehicle-image/hainaauto/693716915/col_94dcdd3fbcbf2cc7.webp,Foton,"https://www.hainaautochina.com/api/vehicle-image/hainaauto/693716915/col_cbba222d82d93359.webp,https://www.hainaautochina.com/api/vehicle-image/hainaauto/693716915/col_b00aa46bf7a217a2.webp,https://www.hainaautochina.com/api/vehicle-image/hainaauto/693716915/col_a232d316636b53cc.webp",Maquinaria y camiones > 2023 Xiangling Q,2023 Xiangling Q,Venezuela,Foton
hainaauto-200134077,2023 Model Year 2023 - Importacion desde China a Venezuela,"VGV 2023 · 2023 Model Year · 0 km · black · Manual · Disponible en Sichuan. Vehiculo disponible para compradores en Venezuela, con inspeccion, documentos de exportacion y apoyo logistico de HainaAuto. Stock HA-200134077.",in stock,new,24014.06 USD,https://www.hainaautochina.com/vehicles/hainaauto-200134077,https://www.hainaautochina.com/api/vehicle-image/hainaauto/200134077/col_38e5e120f9e5ac07.webp,VGV,"https://www.hainaautochina.com/api/vehicle-image/hainaauto/200134077/col_1bb6b5c2e778f65c.webp,https://www.hainaautochina.com/api/vehicle-image/hainaauto/200134077/col_9cd3fc96baa2320e.webp,https://www.hainaautochina.com/api/vehicle-image/hainaauto/200134077/col_d85dc827409d3ac0.webp",Maquinaria y camiones > 2023 Model Year,2023 Model Year,Venezuela,VGV
hainaauto-714736953,3.0T Modena 2023 - Importacion desde China a Venezuela,"GranTurismo 2023 · 3.0T Modena · 42 km · grey · 8-speed automatic transmission · Disponible en Shanghai. Vehiculo disponible para compradores en Venezuela, con inspeccion, documentos de exportacion y apoyo logistico de HainaAuto. Stock HA-714736953.",in stock,new,119090.06 USD,https://www.hainaautochina.com/vehicles/hainaauto-714736953,https://www.hainaautochina.com/api/vehicle-image/hainaauto/714736953/col_75be822532b2af21.webp,GranTurismo,"https://www.hainaautochina.com/api/vehicle-image/hainaauto/714736953/col_5a7f08df36f1728b.webp,https://www.hainaautochina.com/api/vehicle-image/hainaauto/714736953/col_8d479ead2b864b5f.webp,https://www.hainaautochina.com/api/vehicle-image/hainaauto/714736953/col_99226c7f44239e95.webp",Superautos y deportivos > 3.0T Modena,3.0T Modena,Venezuela,GranTurismo
hainaauto-659730755,2026 T4 Wealth 2026 - Importacion desde China a Venezuela,"BYD 2026 · 2026 T4 Wealth · 35.000 km · Multicolor · automatic · Disponible en Jiangsu. Vehiculo disponible para compradores en Venezuela, con inspeccion, documentos de exportacion y apoyo logistico de HainaAuto. Stock HA-659730755.",in stock,used,7334.06 USD,https://www.hainaautochina.com/vehicles/hainaauto-659730755,https://www.hainaautochina.com/api/vehicle-image/hainaauto/659730755/col_86bd0f9ebcae5be5.webp,BYD,"https://www.hainaautochina.com/api/vehicle-image/hainaauto/659730755/col_14b4b864f23135f5.webp,https://www.hainaautochina.com/api/vehicle-image/hainaauto/659730755/col_54b0fd8384b01cc2.webp,https://www.hainaautochina.com/api/vehicle-image/hainaauto/659730755/col_f17e9f8a26e06012.webp",Maquinaria y camiones > 2026 T4 Wealth,2026 T4 Wealth,Venezuela,BYD
cntransit-085216044,2026 T4 Tech 2026 - Importacion desde China a Venezuela,"BYD 2026 · 2026 T4 Tech · 208 km · Gray · Automatic · Disponible en Fujian. Vehiculo disponible para compradores en Venezuela, con inspeccion, documentos de exportacion y apoyo logistico de HainaAuto. Stock CN-085216044.",in stock,used,8735.18 USD,https://www.hainaautochina.com/vehicles/cntransit-085216044,https://www.hainaautochina.com/api/vehicle-image/cntransit/085216044/col_ed0ce695188d4290.jpg,BYD,"https://www.hainaautochina.com/api/vehicle-image/cntransit/085216044/col_f200ec73170e2f7b.jpg,https://www.hainaautochina.com/api/vehicle-image/cntransit/085216044/col_49ca1e942db32e62.jpg,https://www.hainaautochina.com/api/vehicle-image/cntransit/085216044/col_a90c281b82ea9d6d.jpg",Maquinaria y camiones > 2026 T4 Tech,2026 T4 Tech,Venezuela,BYD
cntransit-045614211,Xiangling M2 Manual 2026 - Importacion desde China a Venezuela,"Foton 2026 · Xiangling M2 Manual · 417 km · White · Manual · Disponible en Shandong. Vehiculo disponible para compradores en Venezuela, con inspeccion, documentos de exportacion y apoyo logistico de HainaAuto. Stock CN-045614211.",in stock,used,10586.66 USD,https://www.hainaautochina.com/vehicles/cntransit-045614211,https://www.hainaautochina.com/api/vehicle-image/cntransit/045614211/col_eca1bf7b0d68e133.jpg,Foton,"https://www.hainaautochina.com/api/vehicle-image/cntransit/045614211/col_c0edfe7f6a39e16e.jpg,https://www.hainaautochina.com/api/vehicle-image/cntransit/045614211/col_3feb742ad8e7e9d6.jpg,https://www.hainaautochina.com/api/vehicle-image/cntransit/045614211/col_9af39a9642e78b59.jpg",Maquinaria y camiones > Xiangling M2 Manual,Xiangling M2 Manual,Venezuela,Foton
hainaauto-503041030,2026 Rongguang EV 2026 - Importacion desde China a Venezuela,"Wuling 2026 · 2026 Rongguang EV · 750 km · White · automatic · Disponible en Hunan. Vehiculo disponible para compradores en Venezuela, con inspeccion, documentos de exportacion y apoyo logistico de HainaAuto. Stock HA-503041030.",in stock,used,11403.98 USD,https://www.hainaautochina.com/vehicles/hainaauto-503041030,https://www.hainaautochina.com/api/vehicle-image/hainaauto/503041030/col_376a4670ecc3b8b1.webp,Wuling,"https://www.hainaautochina.com/api/vehicle-image/hainaauto/503041030/col_934142ecc3896156.webp,https://www.hainaautochina.com/api/vehicle-image/hainaauto/503041030/col_95ddb8f70a198b85.webp,https://www.hainaautochina.com/api/vehicle-image/hainaauto/503041030/col_18039d2bae91001e.webp",Maquinaria y camiones > 2026 Rongguang EV,2026 Rongguang EV,Venezuela,Wuling
cntransit-452412805,Commercial Ruixing EM60 2026 - Importacion desde China a Venezuela,"Changan 2026 · Commercial Ruixing EM60 · 125 km · White · Automatic · Disponible en Yunnan. Vehiculo disponible para compradores en Venezuela, con inspeccion, documentos de exportacion y apoyo logistico de HainaAuto. Stock CN-452412805.",in stock,used,12254.66 USD,https://www.hainaautochina.com/vehicles/cntransit-452412805,https://www.hainaautochina.com/api/vehicle-image/cntransit/452412805/col_06e6c2b46e6e756c.jpg,Changan,"https://www.hainaautochina.com/api/vehicle-image/cntransit/452412805/col_0ce91c38ebb3ff62.jpg,https://www.hainaautochina.com/api/vehicle-image/cntransit/452412805/col_0ee2d1bc00de52b3.jpg,https://www.hainaautochina.com/api/vehicle-image/cntransit/452412805/col_c8be124aa1c00cc6.jpg",Maquinaria y camiones > Commercial Ruixing EM60,Commercial Ruixing EM60,Venezuela,Changan
hainaauto-688751753,2026 Refine M4 2026 - Importacion desde China a Venezuela,"JAC 2026 · 2026 Refine M4 · 4.583 km · black · Manual · Disponible en Jiangsu. Vehiculo disponible para compradores en Venezuela, con inspeccion, documentos de exportacion y apoyo logistico de HainaAuto. Stock HA-688751753.",in stock,used,12321.38 USD,https://www.hainaautochina.com/vehicles/hainaauto-688751753,https://www.hainaautochina.com/api/vehicle-image/hainaauto/688751753/col_fb81d79b58faee33.webp,JAC,"https://www.hainaautochina.com/api/vehicle-image/hainaauto/688751753/col_d5e61706254d7e02.webp,https://www.hainaautochina.com/api/vehicle-image/hainaauto/688751753/col_52ef5826433f14fc.webp,https://www.hainaautochina.com/api/vehicle-image/hainaauto/688751753/col_6cdcd47348b36d8a.webp",Vehiculos comerciales y familiares > 2026 Refine M4,2026 Refine M4,Venezuela,JAC
cntransit-783215650,2026 Yangguang 330km 2026 - Importacion desde China a Venezuela,"Wuling 2026 · 2026 Yangguang 330km · 1.250 km · White · Automatic · Disponible en Zhejiang. Vehiculo disponible para compradores en Venezuela, con inspeccion, documentos de exportacion y apoyo logistico de HainaAuto. Stock CN-783215650.",in stock,used,12504.86 USD,https://www.hainaautochina.com/vehicles/cntransit-783215650,https://www.hainaautochina.com/api/vehicle-image/cntransit/783215650/col_6e1b7eee6baaa05d.jpg,Wuling,"https://www.hainaautochina.com/api/vehicle-image/cntransit/783215650/col_d94480b8f78f33a1.jpg,https://www.hainaautochina.com/api/vehicle-image/cntransit/783215650/col_555a876e364e37c5.jpg,https://www.hainaautochina.com/api/vehicle-image/cntransit/783215650/col_800e23dfff24176b.jpg",Maquinaria y camiones > 2026 Yangguang 330km,2026 Yangguang 330km,Venezuela,Wuling
hainaauto-728249894,Xintu V80 Manual 2026 - Importacion desde China a Venezuela,"Maxus 2026 · Xintu V80 Manual · 8.333 km · White · Manual · Disponible en Chongqing. Vehiculo disponible para compradores en Venezuela, con inspeccion, documentos de exportacion y apoyo logistico de HainaAuto. Stock HA-728249894.",in stock,used,13655.78 USD,https://www.hainaautochina.com/vehicles/hainaauto-728249894,https://www.hainaautochina.com/api/vehicle-image/hainaauto/728249894/col_9c7107741ebc25df.webp,Maxus,"https://www.hainaautochina.com/api/vehicle-image/hainaauto/728249894/col_ad9cf7010c3f7244.webp,https://www.hainaautochina.com/api/vehicle-image/hainaauto/728249894/col_e1c1aa0e5f313ad1.webp,https://www.hainaautochina.com/api/vehicle-image/hainaauto/728249894/col_f645b2f51a6d31f8.webp",Maquinaria y camiones > Xintu V80 Manual,Xintu V80 Manual,Venezuela,Maxus
cntransit-702417602,Linghang S1 EV 2026 - Importacion desde China a Venezuela,"Foton 2026 · Linghang S1 EV · 83 km · White · Automatic · Disponible en Fujian. Vehiculo disponible para compradores en Venezuela, con inspeccion, documentos de exportacion y apoyo logistico de HainaAuto. Stock CN-702417602.",in stock,used,13739.18 USD,https://www.hainaautochina.com/vehicles/cntransit-702417602,https://www.hainaautochina.com/api/vehicle-image/cntransit/702417602/col_356a5b82af3b785a.jpg,Foton,"https://www.hainaautochina.com/api/vehicle-image/cntransit/702417602/col_43fced4dafceff78.jpg,https://www.hainaautochina.com/api/vehicle-image/cntransit/702417602/col_8ea4a1c699e2454f.jpg,https://www.hainaautochina.com/api/vehicle-image/cntransit/702417602/col_053a3645c7d8b953.jpg",Maquinaria y camiones > Linghang S1 EV,Linghang S1 EV,Venezuela,Foton
hainaauto-65015867,Big Dog Automatic 2026 - Importacion desde China a Venezuela,"Haval 2026 · Big Dog Automatic · 83 km · black · automatic · Disponible en Henan. Vehiculo disponible para compradores en Venezuela, con inspeccion, documentos de exportacion y apoyo logistico de HainaAuto. Stock HA-65015867.",in stock,used,14339.66 USD,https://www.hainaautochina.com/vehicles/hainaauto-65015867,https://www.hainaautochina.com/api/vehicle-image/hainaauto/65015867/col_55006e6d1a1d6bab.webp,Haval,"https://www.hainaautochina.com/api/vehicle-image/hainaauto/65015867/col_0a1ffc28b9697bdb.webp,https://www.hainaautochina.com/api/vehicle-image/hainaauto/65015867/col_cc1dde4897eb78b0.webp,https://www.hainaautochina.com/api/vehicle-image/hainaauto/65015867/col_261987e2368a6469.webp",Superautos y deportivos > Big Dog Automatic,Big Dog Automatic,Venezuela,Haval
cntransit-649818506,2 Series 2026 2026 - Importacion desde China a Venezuela,"BMW 2026 · 2 Series 2026 · 833 km · White · Automatic · Disponible en Shanghai. Vehiculo disponible para compradores en Venezuela, con inspeccion, documentos de exportacion y apoyo logistico de HainaAuto. Stock CN-649818506.",in stock,used,18242.78 USD,https://www.hainaautochina.com/vehicles/cntransit-649818506,https://www.hainaautochina.com/api/vehicle-image/cntransit/649818506/col_1b706c5d58c030d8.jpg,BMW,"https://www.hainaautochina.com/api/vehicle-image/cntransit/649818506/col_f4a1ebcb5485b1ba.jpg,https://www.hainaautochina.com/api/vehicle-image/cntransit/649818506/col_7ceef5800b752965.jpg,https://www.hainaautochina.com/api/vehicle-image/cntransit/649818506/col_a43826e548bbd049.jpg",Superautos y deportivos > 2 Series 2026,2 Series 2026,Venezuela,BMW
hainaauto-619141245,Odyssey Hybrid 2.0 2026 - Importacion desde China a Venezuela,"Honda 2026 · Odyssey Hybrid 2.0 · 3.958 km · White · automatic · Disponible en Beijing. Vehiculo disponible para compradores en Venezuela, con inspeccion, documentos de exportacion y apoyo logistico de HainaAuto. Stock HA-619141245.",in stock,used,19335.32 USD,https://www.hainaautochina.com/vehicles/hainaauto-619141245,https://www.hainaautochina.com/api/vehicle-image/hainaauto/619141245/col_acad253f76e8b391.webp,Honda,"https://www.hainaautochina.com/api/vehicle-image/hainaauto/619141245/col_ebd32438ba7ed271.webp,https://www.hainaautochina.com/api/vehicle-image/hainaauto/619141245/col_872a359877f69973.webp,https://www.hainaautochina.com/api/vehicle-image/hainaauto/619141245/col_d89ff4d78338c808.webp",Vehiculos comerciales y familiares > Odyssey Hybrid 2.0,Odyssey Hybrid 2.0,Venezuela,Honda
hainaauto-530934819,2026 Odyssey Hybrid 2026 - Importacion desde China a Venezuela,"Honda 2026 · 2026 Odyssey Hybrid · 2.083 km · blue · automatic · Disponible en Hebei. Vehiculo disponible para compradores en Venezuela, con inspeccion, documentos de exportacion y apoyo logistico de HainaAuto. Stock HA-530934819.",in stock,used,21428.66 USD,https://www.hainaautochina.com/vehicles/hainaauto-530934819,https://www.hainaautochina.com/api/vehicle-image/hainaauto/530934819/col_7b3a8155e40fccfc.webp,Honda,"https://www.hainaautochina.com/api/vehicle-image/hainaauto/530934819/col_2c65e1ce20fc5a37.webp,https://www.hainaautochina.com/api/vehicle-image/hainaauto/530934819/col_1b1f8bc745912e21.webp,https://www.hainaautochina.com/api/vehicle-image/hainaauto/530934819/col_62609061f8d03f9d.webp",Vehiculos comerciales y familiares > 2026 Odyssey Hybrid,2026 Odyssey Hybrid,Venezuela,Honda
hainaauto-732412567,Carnival 2.0T Luxury 2026 - Importacion desde China a Venezuela,"Kia 2026 · Carnival 2.0T Luxury · 5.417 km · White · automatic · Disponible en Anhui. Vehiculo disponible para compradores en Venezuela, con inspeccion, documentos de exportacion y apoyo logistico de HainaAuto. Stock HA-732412567.",in stock,used,21512.06 USD,https://www.hainaautochina.com/vehicles/hainaauto-732412567,https://www.hainaautochina.com/api/vehicle-image/hainaauto/732412567/col_d7c5929324e0292a.webp,Kia,"https://www.hainaautochina.com/api/vehicle-image/hainaauto/732412567/col_f036a0d4c74d2e80.webp,https://www.hainaautochina.com/api/vehicle-image/hainaauto/732412567/col_563b90e8d334506e.webp,https://www.hainaautochina.com/api/vehicle-image/hainaauto/732412567/col_a20519fc8f18ce8f.webp",Vehiculos comerciales y familiares > Carnival 2.0T Luxury,Carnival 2.0T Luxury,Venezuela,Kia
hainaauto-054450415,2 Series (Imported) 2026 - Importacion desde China a Venezuela,"BMW 2026 · 2 Series (Imported) · 417 km · grey · automatic · Disponible en Zhejiang. Vehiculo disponible para compradores en Venezuela, con inspeccion, documentos de exportacion y apoyo logistico de HainaAuto. Stock HA-054450415.",in stock,used,38025.26 USD,https://www.hainaautochina.com/vehicles/hainaauto-054450415,https://www.hainaautochina.com/api/vehicle-image/hainaauto/054450415/col_139a3a6838953d70.webp,BMW,"https://www.hainaautochina.com/api/vehicle-image/hainaauto/054450415/col_c6d29e16d901d951.webp,https://www.hainaautochina.com/api/vehicle-image/hainaauto/054450415/col_a6100bef9edaefc0.webp,https://www.hainaautochina.com/api/vehicle-image/hainaauto/054450415/col_2d3ba2a34f2fdaab.webp",Superautos y deportivos > 2 Series (Imported),2 Series (Imported),Venezuela,BMW
cntransit-331314209,Panamera (Imported) 2026 2026 - Importacion desde China a Venezuela,"Porsche 2026 · Panamera (Imported) 2026 · 7.500 km · White · Automatic · Disponible en Chongqing. Vehiculo disponible para compradores en Venezuela, con inspeccion, documentos de exportacion y apoyo logistico de HainaAuto. Stock CN-331314209.",in stock,used,77373.38 USD,https://www.hainaautochina.com/vehicles/cntransit-331314209,https://www.hainaautochina.com/api/vehicle-image/cntransit/331314209/col_55800f074860a597.jpg,Porsche,"https://www.hainaautochina.com/api/vehicle-image/cntransit/331314209/col_91d800229344e213.jpg,https://www.hainaautochina.com/api/vehicle-image/cntransit/331314209/col_17d01022accb0f24.jpg,https://www.hainaautochina.com/api/vehicle-image/cntransit/331314209/col_7afb6f30a2dc0360.jpg",Superautos y deportivos > Panamera (Imported) 2026,Panamera (Imported) 2026,Venezuela,Porsche
hainaauto-526550539,Panamera (Imported) Panamera 2026 - Importacion desde China a Venezuela,"Porsche 2026 · Panamera (Imported) Panamera · 3.333 km · black · automatic · Disponible en Guangdong. Vehiculo disponible para compradores en Venezuela, con inspeccion, documentos de exportacion y apoyo logistico de HainaAuto. Stock HA-526550539.",in stock,used,78057.26 USD,https://www.hainaautochina.com/vehicles/hainaauto-526550539,https://www.hainaautochina.com/api/vehicle-image/hainaauto/526550539/col_c0d3dea96cb70414.webp,Porsche,"https://www.hainaautochina.com/api/vehicle-image/hainaauto/526550539/col_90a14133f57bee69.webp,https://www.hainaautochina.com/api/vehicle-image/hainaauto/526550539/col_6d8739f6d793b945.webp,https://www.hainaautochina.com/api/vehicle-image/hainaauto/526550539/col_e3bc5d5c8a0e1307.webp",Superautos y deportivos > Panamera (Imported) Panamera,Panamera (Imported) Panamera,Venezuela,Porsche
hainaauto-869818524,911 (Imported) Carrera 2026 - Importacion desde China a Venezuela,"Porsche 2026 · 911 (Imported) Carrera · 625 km · grey · automatic · Disponible en Guangdong. Vehiculo disponible para compradores en Venezuela, con inspeccion, documentos de exportacion y apoyo logistico de HainaAuto. Stock HA-869818524.",in stock,used,120758.06 USD,https://www.hainaautochina.com/vehicles/hainaauto-869818524,https://www.hainaautochina.com/api/vehicle-image/hainaauto/869818524/col_70ba558bc8bb2bd8.webp,Porsche,"https://www.hainaautochina.com/api/vehicle-image/hainaauto/869818524/col_92e6305d989b1b4b.webp,https://www.hainaautochina.com/api/vehicle-image/hainaauto/869818524/col_06d6ad88e133e875.webp,https://www.hainaautochina.com/api/vehicle-image/hainaauto/869818524/col_67996ca6a29d4d25.webp",Superautos y deportivos > 911 (Imported) Carrera,911 (Imported) Carrera,Venezuela,Porsche
hainaauto-963232874,911 (Imported) 2026 2026 - Importacion desde China a Venezuela,"Porsche 2026 · 911 (Imported) 2026 · 833 km · Beige · automatic · Disponible en Zhejiang. Vehiculo disponible para compradores en Venezuela, con inspeccion, documentos de exportacion y apoyo logistico de HainaAuto. Stock HA-963232874.",in stock,used,246692.06 USD,https://www.hainaautochina.com/vehicles/hainaauto-963232874,https://www.hainaautochina.com/api/vehicle-image/hainaauto/963232874/col_df7ec9a2e425bbe5.webp,Porsche,"https://www.hainaautochina.com/api/vehicle-image/hainaauto/963232874/col_daee69f9729a2f63.webp,https://www.hainaautochina.com/api/vehicle-image/hainaauto/963232874/col_ae5d1414d929bbbc.webp,https://www.hainaautochina.com/api/vehicle-image/hainaauto/963232874/col_2c7117944b3c0b2d.webp",Superautos y deportivos > 911 (Imported) 2026,911 (Imported) 2026,Venezuela,Porsche
cntransit-039514718,Continental (Imported) 2026 2026 - Importacion desde China a Venezuela,"Bentley 2026 · Continental (Imported) 2026 · 417 km · White · Automatic · Disponible en Shanghai. Vehiculo disponible para compradores en Venezuela, con inspeccion, documentos de exportacion y apoyo logistico de HainaAuto. Stock CN-039514718.",in stock,used,280969.46 USD,https://www.hainaautochina.com/vehicles/cntransit-039514718,https://www.hainaautochina.com/api/vehicle-image/cntransit/039514718/col_d0306c5784a5c84c.jpg,Bentley,"https://www.hainaautochina.com/api/vehicle-image/cntransit/039514718/col_7d6e55ae62680e0c.jpg,https://www.hainaautochina.com/api/vehicle-image/cntransit/039514718/col_1eb6df8b1d33f90e.jpg,https://www.hainaautochina.com/api/vehicle-image/cntransit/039514718/col_b619c23d4697962b.jpg",Superautos y deportivos > Continental (Imported) 2026,Continental (Imported) 2026,Venezuela,Bentley
hainaauto-785430945,Xiaokang C Series 2025 - Importacion desde China a Venezuela,"Dongfeng 2025 · Xiaokang C Series · 10.000 km · grey · Manual · Disponible en Jiangxi. Vehiculo disponible para compradores en Venezuela, con inspeccion, documentos de exportacion y apoyo logistico de HainaAuto. Stock HA-785430945.",in stock,used,8568.38 USD,https://www.hainaautochina.com/vehicles/hainaauto-785430945,https://www.hainaautochina.com/api/vehicle-image/hainaauto/785430945/col_182d2d05347c4ceb.webp,Dongfeng,"https://www.hainaautochina.com/api/vehicle-image/hainaauto/785430945/col_d1893ada00e98fc2.webp,https://www.hainaautochina.com/api/vehicle-image/hainaauto/785430945/col_fa60d933358be065.webp,https://www.hainaautochina.com/api/vehicle-image/hainaauto/785430945/col_2d6572091fb305b5.webp",Maquinaria y camiones > Xiaokang C Series,Xiaokang C Series,Venezuela,Dongfeng
hainaauto-788635098,Kaicheng 2025 Model 2025 - Importacion desde China a Venezuela,"Changan 2025 · Kaicheng 2025 Model · 1.250 km · grey · Manual · Disponible en Anhui. Vehiculo disponible para compradores en Venezuela, con inspeccion, documentos de exportacion y apoyo logistico de HainaAuto. Stock HA-788635098.",in stock,used,9135.50 USD,https://www.hainaautochina.com/vehicles/hainaauto-788635098,https://www.hainaautochina.com/api/vehicle-image/hainaauto/788635098/col_65504dcec2e4f454.webp,Changan,"https://www.hainaautochina.com/api/vehicle-image/hainaauto/788635098/col_22cc9547ffeb11d3.webp,https://www.hainaautochina.com/api/vehicle-image/hainaauto/788635098/col_61aea12d948c80a9.webp,https://www.hainaautochina.com/api/vehicle-image/hainaauto/788635098/col_597b1751b26015aa.webp",Maquinaria y camiones > Kaicheng 2025 Model,Kaicheng 2025 Model,Venezuela,Changan
hainaauto-669816266,2025 Xiangling V5 2025 - Importacion desde China a Venezuela,"Foton 2025 · 2025 Xiangling V5 · 5.000 km · grey · Manual · Disponible en Zhejiang. Vehiculo disponible para compradores en Venezuela, con inspeccion, documentos de exportacion y apoyo logistico de HainaAuto. Stock HA-669816266.",in stock,used,9168.86 USD,https://www.hainaautochina.com/vehicles/hainaauto-669816266,https://www.hainaautochina.com/api/vehicle-image/hainaauto/669816266/col_40a7c0f8f7a2ed43.webp,Foton,"https://www.hainaautochina.com/api/vehicle-image/hainaauto/669816266/col_c4213feedb97d5cd.webp,https://www.hainaautochina.com/api/vehicle-image/hainaauto/669816266/col_51019a2ec8122727.webp,https://www.hainaautochina.com/api/vehicle-image/hainaauto/669816266/col_26a772f0d685f5c1.webp",Maquinaria y camiones > 2025 Xiangling V5,2025 Xiangling V5,Venezuela,Foton
hainaauto-267515518,Hongguang 1.5 Practical 2025 - Importacion desde China a Venezuela,"Wuling 2025 · Hongguang 1.5 Practical · 14.583 km · grey · Manual · Disponible en Anhui. Vehiculo disponible para compradores en Venezuela, con inspeccion, documentos de exportacion y apoyo logistico de HainaAuto. Stock HA-267515518.",in stock,used,9502.46 USD,https://www.hainaautochina.com/vehicles/hainaauto-267515518,https://www.hainaautochina.com/api/vehicle-image/hainaauto/267515518/col_c8940861d45302e3.webp,Wuling,"https://www.hainaautochina.com/api/vehicle-image/hainaauto/267515518/col_034e6a74090527db.webp,https://www.hainaautochina.com/api/vehicle-image/hainaauto/267515518/col_1a24c6c6ef149526.webp,https://www.hainaautochina.com/api/vehicle-image/hainaauto/267515518/col_157ea86227e3f8de.webp",Maquinaria y camiones > Hongguang 1.5 Practical,Hongguang 1.5 Practical,Venezuela,Wuling
hainaauto-163923041,2025 Xiangling V2 2025 - Importacion desde China a Venezuela,"Foton 2025 · 2025 Xiangling V2 · 2.500 km · grey · Manual · Disponible en Anhui. Vehiculo disponible para compradores en Venezuela, con inspeccion, documentos de exportacion y apoyo logistico de HainaAuto. Stock HA-163923041.",in stock,used,9569.18 USD,https://www.hainaautochina.com/vehicles/hainaauto-163923041,https://www.hainaautochina.com/api/vehicle-image/hainaauto/163923041/col_1e4823b4cdd15a9d.webp,Foton,"https://www.hainaautochina.com/api/vehicle-image/hainaauto/163923041/col_40c60c63496f3e41.webp,https://www.hainaautochina.com/api/vehicle-image/hainaauto/163923041/col_6a1f901b19a866a9.webp,https://www.hainaautochina.com/api/vehicle-image/hainaauto/163923041/col_f17a1a380e8ea66e.webp",Maquinaria y camiones > 2025 Xiangling V2,2025 Xiangling V2,Venezuela,Foton
cntransit-956713716,2025 Refine M3 2025 - Importacion desde China a Venezuela,"JAC 2025 · 2025 Refine M3 · 1.250 km · White · Manual · Disponible en Shandong. Vehiculo disponible para compradores en Venezuela, con inspeccion, documentos de exportacion y apoyo logistico de HainaAuto. Stock CN-956713716.",in stock,used,9752.66 USD,https://www.hainaautochina.com/vehicles/cntransit-956713716,https://www.hainaautochina.com/api/vehicle-image/cntransit/956713716/col_89ce3ad09154eac6.jpg,JAC,"https://www.hainaautochina.com/api/vehicle-image/cntransit/956713716/col_e948499716ab5265.jpg,https://www.hainaautochina.com/api/vehicle-image/cntransit/956713716/col_ff29acbfe2e46eff.jpg,https://www.hainaautochina.com/api/vehicle-image/cntransit/956713716/col_ba33877f719da98b.jpg",Vehiculos comerciales y familiares > 2025 Refine M3,2025 Refine M3,Venezuela,JAC
hainaauto-656752659,Kuayue 2025 Model 2025 - Importacion desde China a Venezuela,"Changan 2025 · Kuayue 2025 Model · 8.333 km · yellow · Manual · Disponible en Sichuan. Vehiculo disponible para compradores en Venezuela, con inspeccion, documentos de exportacion y apoyo logistico de HainaAuto. Stock HA-656752659.",in stock,used,10403.18 USD,https://www.hainaautochina.com/vehicles/hainaauto-656752659,https://www.hainaautochina.com/api/vehicle-image/hainaauto/656752659/col_49f17f6a9699769a.webp,Changan,"https://www.hainaautochina.com/api/vehicle-image/hainaauto/656752659/col_298404332ff0ed8a.webp,https://www.hainaautochina.com/api/vehicle-image/hainaauto/656752659/col_e9ecdef530af20ae.webp,https://www.hainaautochina.com/api/vehicle-image/hainaauto/656752659/col_0d74ea79fad98caf.webp",Maquinaria y camiones > Kuayue 2025 Model,Kuayue 2025 Model,Venezuela,Changan
hainaauto-834235346,2025 Hongguang 50KM 2025 - Importacion desde China a Venezuela,"Wuling 2025 · 2025 Hongguang 50KM · 2.083 km · White · automatic · Disponible en Henan. Vehiculo disponible para compradores en Venezuela, con inspeccion, documentos de exportacion y apoyo logistico de HainaAuto. Stock HA-834235346.",in stock,used,10503.26 USD,https://www.hainaautochina.com/vehicles/hainaauto-834235346,https://www.hainaautochina.com/api/vehicle-image/hainaauto/834235346/col_525364f605ecb206.webp,Wuling,"https://www.hainaautochina.com/api/vehicle-image/hainaauto/834235346/col_d4d259eb2f94b535.webp,https://www.hainaautochina.com/api/vehicle-image/hainaauto/834235346/col_8086e058954b5b89.webp,https://www.hainaautochina.com/api/vehicle-image/hainaauto/834235346/col_0670ad65de6dbcd2.webp",Maquinaria y camiones > 2025 Hongguang 50KM,2025 Hongguang 50KM,Venezuela,Wuling
hainaauto-852815706,Kaicheng 2025 Ruixing 2025 - Importacion desde China a Venezuela,"Changan 2025 · Kaicheng 2025 Ruixing · 16.667 km · White · automatic · Disponible en Jiangsu. Vehiculo disponible para compradores en Venezuela, con inspeccion, documentos de exportacion y apoyo logistico de HainaAuto. Stock HA-852815706.",in stock,used,11170.46 USD,https://www.hainaautochina.com/vehicles/hainaauto-852815706,https://www.hainaautochina.com/api/vehicle-image/hainaauto/852815706/col_3c7db2781b35078b.webp,Changan,"https://www.hainaautochina.com/api/vehicle-image/hainaauto/852815706/col_391719ca6cb4a9e9.webp,https://www.hainaautochina.com/api/vehicle-image/hainaauto/852815706/col_156d7542c8d8bffa.webp,https://www.hainaautochina.com/api/vehicle-image/hainaauto/852815706/col_f9b499d2d173ac42.webp",Maquinaria y camiones > Kaicheng 2025 Ruixing,Kaicheng 2025 Ruixing,Venezuela,Changan
hainaauto-386916116,2025 EC75 Smart 2025 - Importacion desde China a Venezuela,"Ruichi 2025 · 2025 EC75 Smart · 27.083 km · White · automatic · Disponible en Henan. Vehiculo disponible para compradores en Venezuela, con inspeccion, documentos de exportacion y apoyo logistico de HainaAuto. Stock HA-386916116.",in stock,used,11253.86 USD,https://www.hainaautochina.com/vehicles/hainaauto-386916116,https://www.hainaautochina.com/api/vehicle-image/hainaauto/386916116/col_d11e4e31b6b7001b.webp,Ruichi,"https://www.hainaautochina.com/api/vehicle-image/hainaauto/386916116/col_0ea4ab41f8327791.webp,https://www.hainaautochina.com/api/vehicle-image/hainaauto/386916116/col_2cae93d8538cac59.webp,https://www.hainaautochina.com/api/vehicle-image/hainaauto/386916116/col_76186e4b1362ad28.webp",Maquinaria y camiones > 2025 EC75 Smart,2025 EC75 Smart,Venezuela,Ruichi
hainaauto-656148857,Commercial 2025 Ruixing 2025 - Importacion desde China a Venezuela,"Changan 2025 · Commercial 2025 Ruixing · 4.167 km · White · automatic · Disponible en Anhui. Vehiculo disponible para compradores en Venezuela, con inspeccion, documentos de exportacion y apoyo logistico de HainaAuto. Stock HA-656148857.",in stock,used,11337.26 USD,https://www.hainaautochina.com/vehicles/hainaauto-656148857,https://www.hainaautochina.com/api/vehicle-image/hainaauto/656148857/col_36e497969f760da8.webp,Changan,"https://www.hainaautochina.com/api/vehicle-image/hainaauto/656148857/col_4dadde54010654cc.webp,https://www.hainaautochina.com/api/vehicle-image/hainaauto/656148857/col_e6e5b1cc98c60ed5.webp,https://www.hainaautochina.com/api/vehicle-image/hainaauto/656148857/col_36af1f1fabfecd5a.webp",Maquinaria y camiones > Commercial 2025 Ruixing,Commercial 2025 Ruixing,Venezuela,Changan
hainaauto-559518392,2025 Jiangtun E7 2025 - Importacion desde China a Venezuela,"Chery 2025 · 2025 Jiangtun E7 · 4.167 km · White · automatic · Disponible en Zhejiang. Vehiculo disponible para compradores en Venezuela, con inspeccion, documentos de exportacion y apoyo logistico de HainaAuto. Stock HA-559518392.",in stock,used,11403.98 USD,https://www.hainaautochina.com/vehicles/hainaauto-559518392,https://www.hainaautochina.com/api/vehicle-image/hainaauto/559518392/col_cd0118741941d586.webp,Chery,"https://www.hainaautochina.com/api/vehicle-image/hainaauto/559518392/col_b69be56ec105ca49.webp,https://www.hainaautochina.com/api/vehicle-image/hainaauto/559518392/col_3ff998d4364274f7.webp,https://www.hainaautochina.com/api/vehicle-image/hainaauto/559518392/col_d2aeee720efe33ad.webp",Maquinaria y camiones > 2025 Jiangtun E7,2025 Jiangtun E7,Venezuela,Chery
cntransit-91499353,2025 Hongguang 150KM 2025 - Importacion desde China a Venezuela,"Wuling 2025 · 2025 Hongguang 150KM · 625 km · White · Automatic · Disponible en Anhui. Vehiculo disponible para compradores en Venezuela, con inspeccion, documentos de exportacion y apoyo logistico de HainaAuto. Stock CN-91499353.",in stock,used,11420.66 USD,https://www.hainaautochina.com/vehicles/cntransit-91499353,https://www.hainaautochina.com/api/vehicle-image/cntransit/91499353/col_a1930dfb84d6c659.jpg,Wuling,"https://www.hainaautochina.com/api/vehicle-image/cntransit/91499353/col_743cbdba0a5238ae.jpg,https://www.hainaautochina.com/api/vehicle-image/cntransit/91499353/col_1707184090c91fcb.jpg,https://www.hainaautochina.com/api/vehicle-image/cntransit/91499353/col_20df7a79ca044aea.jpg",Maquinaria y camiones > 2025 Hongguang 150KM,2025 Hongguang 150KM,Venezuela,Wuling
hainaauto-217820426,2025 Jiangtun E7 2025 - Importacion desde China a Venezuela,"Kaiyi 2025 · 2025 Jiangtun E7 · 3.333 km · White · automatic · Disponible en Anhui. Vehiculo disponible para compradores en Venezuela, con inspeccion, documentos de exportacion y apoyo logistico de HainaAuto. Stock HA-217820426.",in stock,used,11487.38 USD,https://www.hainaautochina.com/vehicles/hainaauto-217820426,https://www.hainaautochina.com/api/vehicle-image/hainaauto/217820426/col_3d9a39ba504ddda0.webp,Kaiyi,"https://www.hainaautochina.com/api/vehicle-image/hainaauto/217820426/col_e54bf9946ca96c1d.webp,https://www.hainaautochina.com/api/vehicle-image/hainaauto/217820426/col_630438b93a22b32b.webp,https://www.hainaautochina.com/api/vehicle-image/hainaauto/217820426/col_afc3b218e69cade5.webp",Maquinaria y camiones > 2025 Jiangtun E7,2025 Jiangtun E7,Venezuela,Kaiyi
hainaauto-347518449,Kuayue 2025 New 2025 - Importacion desde China a Venezuela,"Changan 2025 · Kuayue 2025 New · 2.917 km · grey · automatic · Disponible en Anhui. Vehiculo disponible para compradores en Venezuela, con inspeccion, documentos de exportacion y apoyo logistico de HainaAuto. Stock HA-347518449.",in stock,used,11487.38 USD,https://www.hainaautochina.com/vehicles/hainaauto-347518449,https://www.hainaautochina.com/api/vehicle-image/hainaauto/347518449/col_7b657ef50515a98f.webp,Changan,"https://www.hainaautochina.com/api/vehicle-image/hainaauto/347518449/col_af60b74eff624ad1.webp,https://www.hainaautochina.com/api/vehicle-image/hainaauto/347518449/col_98f22ebd8b91aa14.webp,https://www.hainaautochina.com/api/vehicle-image/hainaauto/347518449/col_7711e35e8bdc7764.webp",Maquinaria y camiones > Kuayue 2025 New,Kuayue 2025 New,Venezuela,Changan
cntransit-85866243,2025 Model Year 2025 - Importacion desde China a Venezuela,"Xinyuan 2025 · 2025 Model Year · 12.500 km · White · Automatic · Disponible en Zhejiang. Vehiculo disponible para compradores en Venezuela, con inspeccion, documentos de exportacion y apoyo logistico de HainaAuto. Stock CN-85866243.",in stock,used,11570.78 USD,https://www.hainaautochina.com/vehicles/cntransit-85866243,https://www.hainaautochina.com/api/vehicle-image/cntransit/85866243/col_1f02a7171ca63a5d.jpg,Xinyuan,"https://www.hainaautochina.com/api/vehicle-image/cntransit/85866243/col_88400b5973d0cabd.jpg,https://www.hainaautochina.com/api/vehicle-image/cntransit/85866243/col_6dfddeb8ebaa0212.jpg,https://www.hainaautochina.com/api/vehicle-image/cntransit/85866243/col_ddbe1a740f4adc03.jpg",Maquinaria y camiones > 2025 Model Year,2025 Model Year,Venezuela,Xinyuan
hainaauto-880424132,2025 E3L Practical 2025 - Importacion desde China a Venezuela,"Xinyuan 2025 · 2025 E3L Practical · 6.250 km · Beige · automatic · Disponible en Chongqing. Vehiculo disponible para compradores en Venezuela, con inspeccion, documentos de exportacion y apoyo logistico de HainaAuto. Stock HA-880424132.",in stock,used,11654.18 USD,https://www.hainaautochina.com/vehicles/hainaauto-880424132,https://www.hainaautochina.com/api/vehicle-image/hainaauto/880424132/col_ce020571ea2c77d5.webp,Xinyuan,"https://www.hainaautochina.com/api/vehicle-image/hainaauto/880424132/col_a4c4dce09ad387b7.webp,https://www.hainaautochina.com/api/vehicle-image/hainaauto/880424132/col_d22f7fc96d733c89.webp,https://www.hainaautochina.com/api/vehicle-image/hainaauto/880424132/col_b52fb0190b8e65ff.webp",Maquinaria y camiones > 2025 E3L Practical,2025 E3L Practical,Venezuela,Xinyuan
hainaauto-919323892,Jiaji L 1.5TD 2025 - Importacion desde China a Venezuela,"Geely 2025 · Jiaji L 1.5TD · 8.333 km · grey · automatic · Disponible en Shandong. Vehiculo disponible para compradores en Venezuela, con inspeccion, documentos de exportacion y apoyo logistico de HainaAuto. Stock HA-919323892.",in stock,used,11670.86 USD,https://www.hainaautochina.com/vehicles/hainaauto-919323892,https://www.hainaautochina.com/api/vehicle-image/hainaauto/919323892/col_2fe6598388fafa52.webp,Geely,"https://www.hainaautochina.com/api/vehicle-image/hainaauto/919323892/col_4a922a5bad0479c2.webp,https://www.hainaautochina.com/api/vehicle-image/hainaauto/919323892/col_b094a2f7958d2b28.webp,https://www.hainaautochina.com/api/vehicle-image/hainaauto/919323892/col_0d5179b8828f1127.webp",Vehiculos comerciales y familiares > Jiaji L 1.5TD,Jiaji L 1.5TD,Venezuela,Geely
hainaauto-932216083,Yangguang Electric Card 2025 - Importacion desde China a Venezuela,"Wuling 2025 · Yangguang Electric Card · 625 km · White · automatic · Disponible en Zhejiang. Vehiculo disponible para compradores en Venezuela, con inspeccion, documentos de exportacion y apoyo logistico de HainaAuto. Stock HA-932216083.",in stock,used,11737.58 USD,https://www.hainaautochina.com/vehicles/hainaauto-932216083,https://www.hainaautochina.com/api/vehicle-image/hainaauto/932216083/col_61cf827ff3ef579b.webp,Wuling,"https://www.hainaautochina.com/api/vehicle-image/hainaauto/932216083/col_61963eaac9157091.webp,https://www.hainaautochina.com/api/vehicle-image/hainaauto/932216083/col_5b6447c2d84e19ed.webp,https://www.hainaautochina.com/api/vehicle-image/hainaauto/932216083/col_d71e80f2a66a8940.webp",Maquinaria y camiones > Yangguang Electric Card,Yangguang Electric Card,Venezuela,Wuling
cntransit-079118571,2025 Model Xinyuan 2025 - Importacion desde China a Venezuela,"Xinyuan 2025 · 2025 Model Xinyuan · 9.583 km · White · Automatic · Disponible en Henan. Vehiculo disponible para compradores en Venezuela, con inspeccion, documentos de exportacion y apoyo logistico de HainaAuto. Stock CN-079118571.",in stock,used,11754.26 USD,https://www.hainaautochina.com/vehicles/cntransit-079118571,https://www.hainaautochina.com/api/vehicle-image/cntransit/079118571/col_27b01bc4352c0f6a.jpg,Xinyuan,"https://www.hainaautochina.com/api/vehicle-image/cntransit/079118571/col_9a32391244d4b7bf.jpg,https://www.hainaautochina.com/api/vehicle-image/cntransit/079118571/col_57b54e8319e496f5.jpg,https://www.hainaautochina.com/api/vehicle-image/cntransit/079118571/col_9e6ca0b6d50d180f.jpg",Maquinaria y camiones > 2025 Model Xinyuan,2025 Model Xinyuan,Venezuela,Xinyuan
cntransit-559319233,2025 Da Na 2025 - Importacion desde China a Venezuela,"Changjiang 2025 · 2025 Da Na · 18.750 km · White · Automatic · Disponible en Zhejiang. Vehiculo disponible para compradores en Venezuela, con inspeccion, documentos de exportacion y apoyo logistico de HainaAuto. Stock CN-559319233.",in stock,used,11904.38 USD,https://www.hainaautochina.com/vehicles/cntransit-559319233,https://www.hainaautochina.com/api/vehicle-image/cntransit/559319233/col_337859a8e538c202.jpg,Changjiang,"https://www.hainaautochina.com/api/vehicle-image/cntransit/559319233/col_76f4b95371f26552.jpg,https://www.hainaautochina.com/api/vehicle-image/cntransit/559319233/col_b8c82f8a46021a9d.jpg,https://www.hainaautochina.com/api/vehicle-image/cntransit/559319233/col_8386a0cdbd9040b4.jpg",Maquinaria y camiones > 2025 Da Na,2025 Da Na,Venezuela,Changjiang
hainaauto-430437465,"Fushun 2025 Model, 2025 - Importacion desde China a Venezuela","E 2025 · Fushun 2025 Model, · 11.250 km · Multicolor · automatic · Disponible en Hebei. Vehiculo disponible para compradores en Venezuela, con inspeccion, documentos de exportacion y apoyo logistico de HainaAuto. Stock HA-430437465.",in stock,used,12071.18 USD,https://www.hainaautochina.com/vehicles/hainaauto-430437465,https://www.hainaautochina.com/api/vehicle-image/hainaauto/430437465/col_a37428d18f61ce8a.webp,E,"https://www.hainaautochina.com/api/vehicle-image/hainaauto/430437465/col_418f997d35b62971.webp,https://www.hainaautochina.com/api/vehicle-image/hainaauto/430437465/col_c79acf700c04c4b8.webp,https://www.hainaautochina.com/api/vehicle-image/hainaauto/430437465/col_e7c5492c775fc6f7.webp","Maquinaria y camiones > Fushun 2025 Model,","Fushun 2025 Model,",Venezuela,E
cntransit-752816644,2025 Jiangtu E7 2025 - Importacion desde China a Venezuela,"Kaiyi 2025 · 2025 Jiangtu E7 · 16.667 km · White · Automatic · Disponible en Zhejiang. Vehiculo disponible para compradores en Venezuela, con inspeccion, documentos de exportacion y apoyo logistico de HainaAuto. Stock CN-752816644.",in stock,used,12079.52 USD,https://www.hainaautochina.com/vehicles/cntransit-752816644,https://www.hainaautochina.com/api/vehicle-image/cntransit/752816644/col_cf8f54c196fdbf7e.jpg,Kaiyi,"https://www.hainaautochina.com/api/vehicle-image/cntransit/752816644/col_2164c1a8cee2b46a.jpg,https://www.hainaautochina.com/api/vehicle-image/cntransit/752816644/col_fb12b120d2973bf0.jpg,https://www.hainaautochina.com/api/vehicle-image/cntransit/752816644/col_af50c359863aa356.jpg",Maquinaria y camiones > 2025 Jiangtu E7,2025 Jiangtu E7,Venezuela,Kaiyi
hainaauto-289418208,2025 Xintu V80 2025 - Importacion desde China a Venezuela,"Maxus 2025 · 2025 Xintu V80 · 6.667 km · White · Manual · Disponible en Shandong. Vehiculo disponible para compradores en Venezuela, con inspeccion, documentos de exportacion y apoyo logistico de HainaAuto. Stock HA-289418208.",in stock,used,12171.26 USD,https://www.hainaautochina.com/vehicles/hainaauto-289418208,https://www.hainaautochina.com/api/vehicle-image/hainaauto/289418208/col_248805b24b6dce8c.webp,Maxus,"https://www.hainaautochina.com/api/vehicle-image/hainaauto/289418208/col_4df72e06af9f1d0e.webp,https://www.hainaautochina.com/api/vehicle-image/hainaauto/289418208/col_888884023bc4edd6.webp,https://www.hainaautochina.com/api/vehicle-image/hainaauto/289418208/col_ea0633bcd9530ef3.webp",Maquinaria y camiones > 2025 Xintu V80,2025 Xintu V80,Venezuela,Maxus
hainaauto-992915435,2025 Blue Cat 2025 - Importacion desde China a Venezuela,"JAC 2025 · 2025 Blue Cat · 3.000 km · Multicolor · automatic · Disponible en Zhejiang. Vehiculo disponible para compradores en Venezuela, con inspeccion, documentos de exportacion y apoyo logistico de HainaAuto. Stock HA-992915435.",in stock,used,12171.26 USD,https://www.hainaautochina.com/vehicles/hainaauto-992915435,https://www.hainaautochina.com/api/vehicle-image/hainaauto/992915435/col_c2759fffdf2e1a46.webp,JAC,"https://www.hainaautochina.com/api/vehicle-image/hainaauto/992915435/col_402eaa5170c8f9ff.webp,https://www.hainaautochina.com/api/vehicle-image/hainaauto/992915435/col_4167d00d2078bd3b.webp,https://www.hainaautochina.com/api/vehicle-image/hainaauto/992915435/col_291a4a2ab4fd33f3.webp",Maquinaria y camiones > 2025 Blue Cat,2025 Blue Cat,Venezuela,JAC
hainaauto-102627099,"2025 Model, Clear 2025 - Importacion desde China a Venezuela","E-Fushun 2025 · 2025 Model, Clear · 2.083 km · Multicolor · automatic · Disponible en Jiangxi. Vehiculo disponible para compradores en Venezuela, con inspeccion, documentos de exportacion y apoyo logistico de HainaAuto. Stock HA-102627099.",in stock,used,12237.98 USD,https://www.hainaautochina.com/vehicles/hainaauto-102627099,https://www.hainaautochina.com/api/vehicle-image/hainaauto/102627099/col_3a8b521b1da4cdf5.webp,E-Fushun,"https://www.hainaautochina.com/api/vehicle-image/hainaauto/102627099/col_caefbd30b9e90c7f.webp,https://www.hainaautochina.com/api/vehicle-image/hainaauto/102627099/col_2ed5e6f2fdcf8473.webp,https://www.hainaautochina.com/api/vehicle-image/hainaauto/102627099/col_b8fff812c3560b43.webp","Maquinaria y camiones > 2025 Model, Clear","2025 Model, Clear",Venezuela,E-Fushun
hainaauto-192342811,2025 Yangguang 400km 2025 - Importacion desde China a Venezuela,"Wuling 2025 · 2025 Yangguang 400km · 8.333 km · grey · automatic · Disponible en Sichuan. Vehiculo disponible para compradores en Venezuela, con inspeccion, documentos de exportacion y apoyo logistico de HainaAuto. Stock HA-192342811.",in stock,used,12237.98 USD,https://www.hainaautochina.com/vehicles/hainaauto-192342811,https://www.hainaautochina.com/api/vehicle-image/hainaauto/192342811/col_9ea2e6a5b2682fd9.webp,Wuling,"https://www.hainaautochina.com/api/vehicle-image/hainaauto/192342811/col_052f81bf1b5599b0.webp,https://www.hainaautochina.com/api/vehicle-image/hainaauto/192342811/col_7db1e32f8f36a23f.webp,https://www.hainaautochina.com/api/vehicle-image/hainaauto/192342811/col_8d996dbcc5a8b49d.webp",Maquinaria y camiones > 2025 Yangguang 400km,2025 Yangguang 400km,Venezuela,Wuling
cntransit-878417801,2025 Deyi 2.5T 2025 - Importacion desde China a Venezuela,"Iveco 2025 · 2025 Deyi 2.5T · 16.667 km · White · Manual · Disponible en Guangxi. Vehiculo disponible para compradores en Venezuela, con inspeccion, documentos de exportacion y apoyo logistico de HainaAuto. Stock CN-878417801.",in stock,used,12321.38 USD,https://www.hainaautochina.com/vehicles/cntransit-878417801,https://www.hainaautochina.com/api/vehicle-image/cntransit/878417801/col_76ca648dfbd4d04d.jpg,Iveco,"https://www.hainaautochina.com/api/vehicle-image/cntransit/878417801/col_b65ef7e946b4e652.jpg,https://www.hainaautochina.com/api/vehicle-image/cntransit/878417801/col_14c185ba11c1fd41.jpg,https://www.hainaautochina.com/api/vehicle-image/cntransit/878417801/col_d929266696e8f054.jpg",Maquinaria y camiones > 2025 Deyi 2.5T,2025 Deyi 2.5T,Venezuela,Iveco
hainaauto-109824144,2025 Lefu Ruixing 2025 - Importacion desde China a Venezuela,"Calvin 2025 · 2025 Lefu Ruixing · 417 km · White · automatic · Disponible en Fujian. Vehiculo disponible para compradores en Venezuela, con inspeccion, documentos de exportacion y apoyo logistico de HainaAuto. Stock HA-109824144.",in stock,used,12321.38 USD,https://www.hainaautochina.com/vehicles/hainaauto-109824144,https://www.hainaautochina.com/api/vehicle-image/hainaauto/109824144/col_975d02c3d38a6b24.webp,Calvin,"https://www.hainaautochina.com/api/vehicle-image/hainaauto/109824144/col_f65bd1d2ad31fe4f.webp,https://www.hainaautochina.com/api/vehicle-image/hainaauto/109824144/col_354c9e9a544adb06.webp,https://www.hainaautochina.com/api/vehicle-image/hainaauto/109824144/col_05ddd03245d1f21a.webp",Maquinaria y camiones > 2025 Lefu Ruixing,2025 Lefu Ruixing,Venezuela,Calvin
hainaauto-874547211,2025 R5 Cargo 2025 - Importacion desde China a Venezuela,"Ruichi 2025 · 2025 R5 Cargo · 3.750 km · White · automatic · Disponible en Jiangsu. Vehiculo disponible para compradores en Venezuela, con inspeccion, documentos de exportacion y apoyo logistico de HainaAuto. Stock HA-874547211.",in stock,used,12321.38 USD,https://www.hainaautochina.com/vehicles/hainaauto-874547211,https://www.hainaautochina.com/api/vehicle-image/hainaauto/874547211/col_0707ce3bcdd28442.webp,Ruichi,"https://www.hainaautochina.com/api/vehicle-image/hainaauto/874547211/col_701afbac4529544d.webp,https://www.hainaautochina.com/api/vehicle-image/hainaauto/874547211/col_139a4a4183ffea6b.webp,https://www.hainaautochina.com/api/vehicle-image/hainaauto/874547211/col_8bdd15004fc45289.webp",Maquinaria y camiones > 2025 R5 Cargo,2025 R5 Cargo,Venezuela,Ruichi
cntransit-452318395,"Shi 2025 Model, 2025 - Importacion desde China a Venezuela","Ling 2025 · Shi 2025 Model, · 12.500 km · White · Automatic · Disponible en Henan. Vehiculo disponible para compradores en Venezuela, con inspeccion, documentos de exportacion y apoyo logistico de HainaAuto. Stock CN-452318395.",in stock,used,12421.46 USD,https://www.hainaautochina.com/vehicles/cntransit-452318395,https://www.hainaautochina.com/api/vehicle-image/cntransit/452318395/col_af4fcc784c6399f3.jpg,Ling,"https://www.hainaautochina.com/api/vehicle-image/cntransit/452318395/col_f0480d57dd69d88d.jpg,https://www.hainaautochina.com/api/vehicle-image/cntransit/452318395/col_38feffe78c51f8e1.jpg,https://www.hainaautochina.com/api/vehicle-image/cntransit/452318395/col_67a0aeff43ad8934.jpg","Maquinaria y camiones > Shi 2025 Model,","Shi 2025 Model,",Venezuela,Ling
hainaauto-858618728,2025 Ruilida V8E 2025 - Importacion desde China a Venezuela,"Dongfeng 2025 · 2025 Ruilida V8E · 4.167 km · Multicolor · automatic · Disponible en Shandong. Vehiculo disponible para compradores en Venezuela, con inspeccion, documentos de exportacion y apoyo logistico de HainaAuto. Stock HA-858618728.",in stock,used,12755.06 USD,https://www.hainaautochina.com/vehicles/hainaauto-858618728,https://www.hainaautochina.com/api/vehicle-image/hainaauto/858618728/col_d6985cf28e145283.webp,Dongfeng,"https://www.hainaautochina.com/api/vehicle-image/hainaauto/858618728/col_44366045e15ea72a.webp,https://www.hainaautochina.com/api/vehicle-image/hainaauto/858618728/col_f31f0fa1679530e4.webp,https://www.hainaautochina.com/api/vehicle-image/hainaauto/858618728/col_50152874a2d56390.webp",Maquinaria y camiones > 2025 Ruilida V8E,2025 Ruilida V8E,Venezuela,Dongfeng
hainaauto-378549372,Commercial Vehicle 2025 2025 - Importacion desde China a Venezuela,"Changan 2025 · Commercial Vehicle 2025 · 6.042 km · White · automatic · Disponible en Henan. Vehiculo disponible para compradores en Venezuela, con inspeccion, documentos de exportacion y apoyo logistico de HainaAuto. Stock HA-378549372.",in stock,used,12821.78 USD,https://www.hainaautochina.com/vehicles/hainaauto-378549372,https://www.hainaautochina.com/api/vehicle-image/hainaauto/378549372/col_966705c35ff8ba30.webp,Changan,"https://www.hainaautochina.com/api/vehicle-image/hainaauto/378549372/col_c247e453bae23e2a.webp,https://www.hainaautochina.com/api/vehicle-image/hainaauto/378549372/col_912241ba31e12af8.webp,https://www.hainaautochina.com/api/vehicle-image/hainaauto/378549372/col_b6dbf3f7219adb3b.webp",Maquinaria y camiones > Commercial Vehicle 2025,Commercial Vehicle 2025,Venezuela,Changan
hainaauto-877532517,2025 Star Intelligence 2025 - Importacion desde China a Venezuela,"Remote 2025 · 2025 Star Intelligence · 12.500 km · Multicolor · automatic · Disponible en Jiangsu. Vehiculo disponible para compradores en Venezuela, con inspeccion, documentos de exportacion y apoyo logistico de HainaAuto. Stock HA-877532517.",in stock,used,12821.78 USD,https://www.hainaautochina.com/vehicles/hainaauto-877532517,https://www.hainaautochina.com/api/vehicle-image/hainaauto/877532517/col_6d77839d9c8e1466.webp,Remote,"https://www.hainaautochina.com/api/vehicle-image/hainaauto/877532517/col_0c208d3598a7c487.webp,https://www.hainaautochina.com/api/vehicle-image/hainaauto/877532517/col_50c94c1277d75201.webp,https://www.hainaautochina.com/api/vehicle-image/hainaauto/877532517/col_394221806b28fd2f.webp",Maquinaria y camiones > 2025 Star Intelligence,2025 Star Intelligence,Venezuela,Remote
hainaauto-973042079,2025 KaiDa EX6 2025 - Importacion desde China a Venezuela,"JAC 2025 · 2025 KaiDa EX6 · 16.250 km · White · automatic · Disponible en Fujian. Vehiculo disponible para compradores en Venezuela, con inspeccion, documentos de exportacion y apoyo logistico de HainaAuto. Stock HA-973042079.",in stock,used,12821.78 USD,https://www.hainaautochina.com/vehicles/hainaauto-973042079,https://www.hainaautochina.com/api/vehicle-image/hainaauto/973042079/col_779b570072f814da.webp,JAC,"https://www.hainaautochina.com/api/vehicle-image/hainaauto/973042079/col_d7f97f386eabf3f0.webp,https://www.hainaautochina.com/api/vehicle-image/hainaauto/973042079/col_854d94e014941614.webp,https://www.hainaautochina.com/api/vehicle-image/hainaauto/973042079/col_ebe1379dff115eb8.webp",Maquinaria y camiones > 2025 KaiDa EX6,2025 KaiDa EX6,Venezuela,JAC
hainaauto-239440939,Navigator III Manual 2025 - Importacion desde China a Venezuela,"Times 2025 · Navigator III Manual · 15.000 km · grey · Manual · Disponible en Hebei. Vehiculo disponible para compradores en Venezuela, con inspeccion, documentos de exportacion y apoyo logistico de HainaAuto. Stock HA-239440939.",in stock,used,13005.26 USD,https://www.hainaautochina.com/vehicles/hainaauto-239440939,https://www.hainaautochina.com/api/vehicle-image/hainaauto/239440939/col_6c10b005ce46cf84.webp,Times,"https://www.hainaautochina.com/api/vehicle-image/hainaauto/239440939/col_c784a6ed311b2f15.webp,https://www.hainaautochina.com/api/vehicle-image/hainaauto/239440939/col_b25e3823ea0f8adf.webp,https://www.hainaautochina.com/api/vehicle-image/hainaauto/239440939/col_be825f46f0792b19.webp",Maquinaria y camiones > Navigator III Manual,Navigator III Manual,Venezuela,Times
cntransit-135814609,2025 R5 Passenger 2025 - Importacion desde China a Venezuela,"Ruichi 2025 · 2025 R5 Passenger · 32.500 km · White · Automatic · Disponible en Guangdong. Vehiculo disponible para compradores en Venezuela, con inspeccion, documentos de exportacion y apoyo logistico de HainaAuto. Stock CN-135814609.",in stock,used,13155.38 USD,https://www.hainaautochina.com/vehicles/cntransit-135814609,https://www.hainaautochina.com/api/vehicle-image/cntransit/135814609/col_76882eb4e3783f7a.jpg,Ruichi,"https://www.hainaautochina.com/api/vehicle-image/cntransit/135814609/col_84399016885c5362.jpg,https://www.hainaautochina.com/api/vehicle-image/cntransit/135814609/col_db55e793dcd6a3cc.jpg,https://www.hainaautochina.com/api/vehicle-image/cntransit/135814609/col_ac16c92949ea5eb8.jpg",Maquinaria y camiones > 2025 R5 Passenger,2025 R5 Passenger,Venezuela,Ruichi
cntransit-01246426,2025 New Tu 2025 - Importacion desde China a Venezuela,"Changjiang 2025 · 2025 New Tu · 1.708 km · White · Manual · Disponible en Anhui. Vehiculo disponible para compradores en Venezuela, con inspeccion, documentos de exportacion y apoyo logistico de HainaAuto. Stock CN-01246426.",in stock,used,13322.18 USD,https://www.hainaautochina.com/vehicles/cntransit-01246426,https://www.hainaautochina.com/api/vehicle-image/cntransit/01246426/col_816f465ca7fd8766.jpg,Changjiang,"https://www.hainaautochina.com/api/vehicle-image/cntransit/01246426/col_0404941a8fcea9c9.jpg,https://www.hainaautochina.com/api/vehicle-image/cntransit/01246426/col_d786186920370b97.jpg,https://www.hainaautochina.com/api/vehicle-image/cntransit/01246426/col_58d20c428d172117.jpg",Maquinaria y camiones > 2025 New Tu,2025 New Tu,Venezuela,Changjiang
hainaauto-941429316,Aumark S1 Manual 2025 - Importacion desde China a Venezuela,"Foton 2025 · Aumark S1 Manual · 7.500 km · other · Manual · Disponible en Shandong. Vehiculo disponible para compradores en Venezuela, con inspeccion, documentos de exportacion y apoyo logistico de HainaAuto. Stock HA-941429316.",in stock,used,13338.86 USD,https://www.hainaautochina.com/vehicles/hainaauto-941429316,https://www.hainaautochina.com/api/vehicle-image/hainaauto/941429316/col_a17f4bc411074039.webp,Foton,"https://www.hainaautochina.com/api/vehicle-image/hainaauto/941429316/col_7d9c4ed0b36c2a16.webp,https://www.hainaautochina.com/api/vehicle-image/hainaauto/941429316/col_f95414afa7a9798c.webp,https://www.hainaautochina.com/api/vehicle-image/hainaauto/941429316/col_55764015cdc74e2b.webp",Maquinaria y camiones > Aumark S1 Manual,Aumark S1 Manual,Venezuela,Foton
hainaauto-497837910,All-Electric Postal Vehicle 2025 - Importacion desde China a Venezuela,"BYD 2025 · All-Electric Postal Vehicle · 20.000 km · Multicolor · Manual · Disponible en Shanghai. Vehiculo disponible para compradores en Venezuela, con inspeccion, documentos de exportacion y apoyo logistico de HainaAuto. Stock HA-497837910.",in stock,used,13363.88 USD,https://www.hainaautochina.com/vehicles/hainaauto-497837910,https://www.hainaautochina.com/api/vehicle-image/hainaauto/497837910/col_2ff17c5e8b5014c4.webp,BYD,"https://www.hainaautochina.com/api/vehicle-image/hainaauto/497837910/col_331f3b781404cbe1.webp,https://www.hainaautochina.com/api/vehicle-image/hainaauto/497837910/col_6b19c9f0e60609c9.webp,https://www.hainaautochina.com/api/vehicle-image/hainaauto/497837910/col_b05706e6298c2a7e.webp",Maquinaria y camiones > All-Electric Postal Vehicle,All-Electric Postal Vehicle,Venezuela,BYD
hainaauto-866720357,2025 Dana V1L 2025 - Importacion desde China a Venezuela,"Maxus 2025 · 2025 Dana V1L · 6.250 km · White · automatic · Disponible en Henan. Vehiculo disponible para compradores en Venezuela, con inspeccion, documentos de exportacion y apoyo logistico de HainaAuto. Stock HA-866720357.",in stock,used,13405.58 USD,https://www.hainaautochina.com/vehicles/hainaauto-866720357,https://www.hainaautochina.com/api/vehicle-image/hainaauto/866720357/col_8b6389e4f845ce8f.webp,Maxus,"https://www.hainaautochina.com/api/vehicle-image/hainaauto/866720357/col_e1aa72793390daf8.webp,https://www.hainaautochina.com/api/vehicle-image/hainaauto/866720357/col_b52d9d590d64806a.webp,https://www.hainaautochina.com/api/vehicle-image/hainaauto/866720357/col_20b2f6b783022f3a.webp",Maquinaria y camiones > 2025 Dana V1L,2025 Dana V1L,Venezuela,Maxus
hainaauto-476947141,2025 K5 1.5T 2025 - Importacion desde China a Venezuela,"Kia 2025 · 2025 K5 1.5T · 1.083 km · White · automatic · Disponible en Shandong. Vehiculo disponible para compradores en Venezuela, con inspeccion, documentos de exportacion y apoyo logistico de HainaAuto. Stock HA-476947141.",in stock,used,13422.26 USD,https://www.hainaautochina.com/vehicles/hainaauto-476947141,https://www.hainaautochina.com/api/vehicle-image/hainaauto/476947141/col_01b2a3c487134639.webp,Kia,"https://www.hainaautochina.com/api/vehicle-image/hainaauto/476947141/col_583ebcf40bbf8209.webp,https://www.hainaautochina.com/api/vehicle-image/hainaauto/476947141/col_79f84d1773058e24.webp,https://www.hainaautochina.com/api/vehicle-image/hainaauto/476947141/col_1d147a670525e6d4.webp",Sedanes y hatchbacks > 2025 K5 1.5T,2025 K5 1.5T,Venezuela,Kia
hainaauto-101335553,2025 Super VAN 2025 - Importacion desde China a Venezuela,"Remote 2025 · 2025 Super VAN · 417 km · White · automatic · Disponible en Anhui. Vehiculo disponible para compradores en Venezuela, con inspeccion, documentos de exportacion y apoyo logistico de HainaAuto. Stock HA-101335553.",in stock,used,13672.46 USD,https://www.hainaautochina.com/vehicles/hainaauto-101335553,https://www.hainaautochina.com/api/vehicle-image/hainaauto/101335553/col_49d938cfa4cc5c4a.webp,Remote,"https://www.hainaautochina.com/api/vehicle-image/hainaauto/101335553/col_824350fdeeae72d0.webp,https://www.hainaautochina.com/api/vehicle-image/hainaauto/101335553/col_9152146e9188ffa8.webp,https://www.hainaautochina.com/api/vehicle-image/hainaauto/101335553/col_47d9f980bda3f19e.webp",Maquinaria y camiones > 2025 Super VAN,2025 Super VAN,Venezuela,Remote
hainaauto-590722502,2025 Dana V1+ 2025 - Importacion desde China a Venezuela,"Maxus 2025 · 2025 Dana V1+ · 7.500 km · grey · automatic · Disponible en Henan. Vehiculo disponible para compradores en Venezuela, con inspeccion, documentos de exportacion y apoyo logistico de HainaAuto. Stock HA-590722502.",in stock,used,13755.86 USD,https://www.hainaautochina.com/vehicles/hainaauto-590722502,https://www.hainaautochina.com/api/vehicle-image/hainaauto/590722502/col_2bb7239607ab230c.webp,Maxus,"https://www.hainaautochina.com/api/vehicle-image/hainaauto/590722502/col_2767a80ace4096b9.webp,https://www.hainaautochina.com/api/vehicle-image/hainaauto/590722502/col_3d9621c5e75f0156.webp,https://www.hainaautochina.com/api/vehicle-image/hainaauto/590722502/col_941126b713a6d32f.webp",Maquinaria y camiones > 2025 Dana V1+,2025 Dana V1+,Venezuela,Maxus
hainaauto-560833060,2025 Da Na 2025 - Importacion desde China a Venezuela,"Changhong 2025 · 2025 Da Na · 11.250 km · Multicolor · automatic · Disponible en Anhui. Vehiculo disponible para compradores en Venezuela, con inspeccion, documentos de exportacion y apoyo logistico de HainaAuto. Stock HA-560833060.",in stock,used,13880.96 USD,https://www.hainaautochina.com/vehicles/hainaauto-560833060,https://www.hainaautochina.com/api/vehicle-image/hainaauto/560833060/col_8a5963101a732503.webp,Changhong,"https://www.hainaautochina.com/api/vehicle-image/hainaauto/560833060/col_a39a7a849f360a4d.webp,https://www.hainaautochina.com/api/vehicle-image/hainaauto/560833060/col_ea6aad18c2591a5f.webp,https://www.hainaautochina.com/api/vehicle-image/hainaauto/560833060/col_a0b34b25eab6e2b0.webp",Maquinaria y camiones > 2025 Da Na,2025 Da Na,Venezuela,Changhong
hainaauto-994719345,Kuayue 2025 Kuayue 2025 - Importacion desde China a Venezuela,"Changan 2025 · Kuayue 2025 Kuayue · 833 km · White · automatic · Disponible en Guangdong. Vehiculo disponible para compradores en Venezuela, con inspeccion, documentos de exportacion y apoyo logistico de HainaAuto. Stock HA-994719345.",in stock,used,13989.38 USD,https://www.hainaautochina.com/vehicles/hainaauto-994719345,https://www.hainaautochina.com/api/vehicle-image/hainaauto/994719345/col_fbb585138c7bf373.webp,Changan,"https://www.hainaautochina.com/api/vehicle-image/hainaauto/994719345/col_f5208abdb16a3b33.webp,https://www.hainaautochina.com/api/vehicle-image/hainaauto/994719345/col_9f1eecbf9265d05c.webp,https://www.hainaautochina.com/api/vehicle-image/hainaauto/994719345/col_4f552e910d18a6fb.webp",Maquinaria y camiones > Kuayue 2025 Kuayue,Kuayue 2025 Kuayue,Venezuela,Changan
cntransit-208112429,2025 Fushun 2.0T 2025 - Importacion desde China a Venezuela,"Jiangling 2025 · 2025 Fushun 2.0T · 25.417 km · White · Automatic · Disponible en Shandong. Vehiculo disponible para compradores en Venezuela, con inspeccion, documentos de exportacion y apoyo logistico de HainaAuto. Stock CN-208112429.",in stock,used,14339.66 USD,https://www.hainaautochina.com/vehicles/cntransit-208112429,https://www.hainaautochina.com/api/vehicle-image/cntransit/208112429/col_6727f2db1b1447c2.jpg,Jiangling,"https://www.hainaautochina.com/api/vehicle-image/cntransit/208112429/col_ba7ca2f60c10410f.jpg,https://www.hainaautochina.com/api/vehicle-image/cntransit/208112429/col_034f8bf1c26bd892.jpg,https://www.hainaautochina.com/api/vehicle-image/cntransit/208112429/col_b2a57efc83b487a2.jpg",Maquinaria y camiones > 2025 Fushun 2.0T,2025 Fushun 2.0T,Venezuela,Jiangling
hainaauto-260818066,2025 E-Shunda 3.8-meter 2025 - Importacion desde China a Venezuela,"Jiangling 2025 · 2025 E-Shunda 3.8-meter · 1.250 km · Beige · automatic · Disponible en Jiangxi. Vehiculo disponible para compradores en Venezuela, con inspeccion, documentos de exportacion y apoyo logistico de HainaAuto. Stock HA-260818066.",in stock,used,14823.38 USD,https://www.hainaautochina.com/vehicles/hainaauto-260818066,https://www.hainaautochina.com/api/vehicle-image/hainaauto/260818066/col_4d6c5e92a89d8462.webp,Jiangling,"https://www.hainaautochina.com/api/vehicle-image/hainaauto/260818066/col_52caa6296b20829a.webp,https://www.hainaautochina.com/api/vehicle-image/hainaauto/260818066/col_24edd2e8d75fd213.webp,https://www.hainaautochina.com/api/vehicle-image/hainaauto/260818066/col_c8944e681753c1b2.webp",Maquinaria y camiones > 2025 E-Shunda 3.8-meter,2025 E-Shunda 3.8-meter,Venezuela,Jiangling
hainaauto-027418324,"2025 E-Fushun, Window 2025 - Importacion desde China a Venezuela","Jiangling 2025 · 2025 E-Fushun, Window · 7.917 km · black · automatic · Disponible en Anhui. Vehiculo disponible para compradores en Venezuela, con inspeccion, documentos de exportacion y apoyo logistico de HainaAuto. Stock HA-027418324.",in stock,used,15257.06 USD,https://www.hainaautochina.com/vehicles/hainaauto-027418324,https://www.hainaautochina.com/api/vehicle-image/hainaauto/027418324/col_435877d8aa19ab95.webp,Jiangling,"https://www.hainaautochina.com/api/vehicle-image/hainaauto/027418324/col_b05cbb44ec5ad805.webp,https://www.hainaautochina.com/api/vehicle-image/hainaauto/027418324/col_9bc400da45b35723.webp,https://www.hainaautochina.com/api/vehicle-image/hainaauto/027418324/col_979c91ddec155745.webp","Maquinaria y camiones > 2025 E-Fushun, Window","2025 E-Fushun, Window",Venezuela,Jiangling
hainaauto-999312564,K5 1.5T Premium 2025 - Importacion desde China a Venezuela,"Kia 2025 · K5 1.5T Premium · 2.917 km · grey · automatic · Disponible en Henan. Vehiculo disponible para compradores en Venezuela, con inspeccion, documentos de exportacion y apoyo logistico de HainaAuto. Stock HA-999312564.",in stock,used,15407.18 USD,https://www.hainaautochina.com/vehicles/hainaauto-999312564,https://www.hainaautochina.com/api/vehicle-image/hainaauto/999312564/col_68f8ed112d76c8e0.webp,Kia,"https://www.hainaautochina.com/api/vehicle-image/hainaauto/999312564/col_23704a46d735bb2c.webp,https://www.hainaautochina.com/api/vehicle-image/hainaauto/999312564/col_295d99ced2ab1bfe.webp,https://www.hainaautochina.com/api/vehicle-image/hainaauto/999312564/col_b31634eb65fce5da.webp",Sedanes y hatchbacks > K5 1.5T Premium,K5 1.5T Premium,Venezuela,Kia
cntransit-41829674,Multipurpose Passenger Vehicle 2025 - Importacion desde China a Venezuela,"Foton 2025 · Multipurpose Passenger Vehicle · 4.583 km · Gray · Manual · Disponible en Yunnan. Vehiculo disponible para compradores en Venezuela, con inspeccion, documentos de exportacion y apoyo logistico de HainaAuto. Stock CN-41829674.",in stock,used,15740.78 USD,https://www.hainaautochina.com/vehicles/cntransit-41829674,https://www.hainaautochina.com/api/vehicle-image/cntransit/41829674/col_c6f3d274fac5b40e.jpg,Foton,"https://www.hainaautochina.com/api/vehicle-image/cntransit/41829674/col_9499355c85508e0b.jpg,https://www.hainaautochina.com/api/vehicle-image/cntransit/41829674/col_6aa777caed182cc3.jpg,https://www.hainaautochina.com/api/vehicle-image/cntransit/41829674/col_b3bca07db74f7992.jpg",Maquinaria y camiones > Multipurpose Passenger Vehicle,Multipurpose Passenger Vehicle,Venezuela,Foton
hainaauto-666447993,2025 Tuyao X7 2025 - Importacion desde China a Venezuela,"Foton 2025 · 2025 Tuyao X7 · 5.000 km · grey · Manual · Disponible en Jiangsu. Vehiculo disponible para compradores en Venezuela, con inspeccion, documentos de exportacion y apoyo logistico de HainaAuto. Stock HA-666447993.",in stock,used,16925.06 USD,https://www.hainaautochina.com/vehicles/hainaauto-666447993,https://www.hainaautochina.com/api/vehicle-image/hainaauto/666447993/col_d48f22c499f8c0d6.webp,Foton,"https://www.hainaautochina.com/api/vehicle-image/hainaauto/666447993/col_059e67317baff29b.webp,https://www.hainaautochina.com/api/vehicle-image/hainaauto/666447993/col_21562702369cf847.webp,https://www.hainaautochina.com/api/vehicle-image/hainaauto/666447993/col_2ce32685fce856c2.webp",Maquinaria y camiones > 2025 Tuyao X7,2025 Tuyao X7,Venezuela,Foton
hainaauto-241533613,2025 Fushun 2.0T 2025 - Importacion desde China a Venezuela,"JMC 2025 · 2025 Fushun 2.0T · 5.833 km · White · automatic · Disponible en Jiangsu. Vehiculo disponible para compradores en Venezuela, con inspeccion, documentos de exportacion y apoyo logistico de HainaAuto. Stock HA-241533613.",in stock,used,17075.18 USD,https://www.hainaautochina.com/vehicles/hainaauto-241533613,https://www.hainaautochina.com/api/vehicle-image/hainaauto/241533613/col_84b631a1c8380350.webp,JMC,"https://www.hainaautochina.com/api/vehicle-image/hainaauto/241533613/col_4b9ccbc48e986774.webp,https://www.hainaautochina.com/api/vehicle-image/hainaauto/241533613/col_a81110d9a3b28882.webp,https://www.hainaautochina.com/api/vehicle-image/hainaauto/241533613/col_84da9f0a7cc436f2.webp",Maquinaria y camiones > 2025 Fushun 2.0T,2025 Fushun 2.0T,Venezuela,JMC
hainaauto-927838011,Kaicheng V919 2025 2025 - Importacion desde China a Venezuela,"Changan 2025 · Kaicheng V919 2025 · 3.333 km · White · automatic · Disponible en Hebei. Vehiculo disponible para compradores en Venezuela, con inspeccion, documentos de exportacion y apoyo logistico de HainaAuto. Stock HA-927838011.",in stock,used,17241.98 USD,https://www.hainaautochina.com/vehicles/hainaauto-927838011,https://www.hainaautochina.com/api/vehicle-image/hainaauto/927838011/col_427a6d225b76b477.webp,Changan,"https://www.hainaautochina.com/api/vehicle-image/hainaauto/927838011/col_9a95cccc24c4ef92.webp,https://www.hainaautochina.com/api/vehicle-image/hainaauto/927838011/col_31cd4b9b97d99c73.webp,https://www.hainaautochina.com/api/vehicle-image/hainaauto/927838011/col_7208b73e3a5786fd.webp",Maquinaria y camiones > Kaicheng V919 2025,Kaicheng V919 2025,Venezuela,Changan
hainaauto-075520734,2025 Dana M1 2025 - Importacion desde China a Venezuela,"Maxus 2025 · 2025 Dana M1 · 1.667 km · Beige · automatic · Disponible en Shandong. Vehiculo disponible para compradores en Venezuela, con inspeccion, documentos de exportacion y apoyo logistico de HainaAuto. Stock HA-075520734.",in stock,used,17258.66 USD,https://www.hainaautochina.com/vehicles/hainaauto-075520734,https://www.hainaautochina.com/api/vehicle-image/hainaauto/075520734/col_db7cd89d72dbe487.webp,Maxus,"https://www.hainaautochina.com/api/vehicle-image/hainaauto/075520734/col_24b3b1338a501d99.webp,https://www.hainaautochina.com/api/vehicle-image/hainaauto/075520734/col_8a2d4743d56441f2.webp,https://www.hainaautochina.com/api/vehicle-image/hainaauto/075520734/col_0473ccc828680b22.webp",Maquinaria y camiones > 2025 Dana M1,2025 Dana M1,Venezuela,Maxus
hainaauto-132424145,2025 Pioneer Official 2025 - Importacion desde China a Venezuela,"Sinotruk 2025 · 2025 Pioneer Official · 333 km · black · automatic · Disponible en Sichuan. Vehiculo disponible para compradores en Venezuela, con inspeccion, documentos de exportacion y apoyo logistico de HainaAuto. Stock HA-132424145.",in stock,used,17325.38 USD,https://www.hainaautochina.com/vehicles/hainaauto-132424145,https://www.hainaautochina.com/api/vehicle-image/hainaauto/132424145/col_e99ca95230b5246f.webp,Sinotruk,"https://www.hainaautochina.com/api/vehicle-image/hainaauto/132424145/col_244b50ec5a06da9d.webp,https://www.hainaautochina.com/api/vehicle-image/hainaauto/132424145/col_168aab7148737e66.webp,https://www.hainaautochina.com/api/vehicle-image/hainaauto/132424145/col_53022ab16d82d86e.webp",Maquinaria y camiones > 2025 Pioneer Official,2025 Pioneer Official,Venezuela,Sinotruk
hainaauto-35303419,2025 K5 2.0T 2025 - Importacion desde China a Venezuela,"Kia 2025 · 2025 K5 2.0T · 833 km · White · automatic · Disponible en Zhejiang. Vehiculo disponible para compradores en Venezuela, con inspeccion, documentos de exportacion y apoyo logistico de HainaAuto. Stock HA-35303419.",in stock,used,18492.98 USD,https://www.hainaautochina.com/vehicles/hainaauto-35303419,https://www.hainaautochina.com/api/vehicle-image/hainaauto/35303419/col_3ac5e399d475323b.webp,Kia,"https://www.hainaautochina.com/api/vehicle-image/hainaauto/35303419/col_f46f4bb2867e945f.webp,https://www.hainaautochina.com/api/vehicle-image/hainaauto/35303419/col_705bf2d0b3f828d6.webp,https://www.hainaautochina.com/api/vehicle-image/hainaauto/35303419/col_3fc52959f6ebc7a4.webp",Sedanes y hatchbacks > 2025 K5 2.0T,2025 K5 2.0T,Venezuela,Kia
cntransit-78539723,Howo Howo Class 2025 - Importacion desde China a Venezuela,"Sinotruk 2025 · Howo Howo Class · 1.667 km · White · Manual · Disponible en Shaanxi. Vehiculo disponible para compradores en Venezuela, con inspeccion, documentos de exportacion y apoyo logistico de HainaAuto. Stock CN-78539723.",in stock,used,19093.46 USD,https://www.hainaautochina.com/vehicles/cntransit-78539723,https://www.hainaautochina.com/api/vehicle-image/cntransit/78539723/col_4d8f8975ff7fc7d0.jpg,Sinotruk,"https://www.hainaautochina.com/api/vehicle-image/cntransit/78539723/col_ec399a8f063b8ba9.jpg,https://www.hainaautochina.com/api/vehicle-image/cntransit/78539723/col_08a83de65caa7e9a.jpg,https://www.hainaautochina.com/api/vehicle-image/cntransit/78539723/col_c7f424ff306ffe0d.jpg",Maquinaria y camiones > Howo Howo Class,Howo Howo Class,Venezuela,Sinotruk
hainaauto-286934130,2025 Pioneer V 2025 - Importacion desde China a Venezuela,"Sinotruk 2025 · 2025 Pioneer V · 417 km · brown · automatic · Disponible en Hunan. Vehiculo disponible para compradores en Venezuela, con inspeccion, documentos de exportacion y apoyo logistico de HainaAuto. Stock HA-286934130.",in stock,used,24414.38 USD,https://www.hainaautochina.com/vehicles/hainaauto-286934130,https://www.hainaautochina.com/api/vehicle-image/hainaauto/286934130/col_9b36ea2008e2d557.webp,Sinotruk,"https://www.hainaautochina.com/api/vehicle-image/hainaauto/286934130/col_1e81982d22ae1b91.webp,https://www.hainaautochina.com/api/vehicle-image/hainaauto/286934130/col_72877857bde40429.webp,https://www.hainaautochina.com/api/vehicle-image/hainaauto/286934130/col_c7ed236ce2ce444b.webp",Maquinaria y camiones > 2025 Pioneer V,2025 Pioneer V,Venezuela,Sinotruk
cntransit-904418779,CLE (Imported) 2025 2025 - Importacion desde China a Venezuela,"Mercedes-Benz 2025 · CLE (Imported) 2025 · 3.667 km · White · Automatic · Disponible en Zhejiang. Vehiculo disponible para compradores en Venezuela, con inspeccion, documentos de exportacion y apoyo logistico de HainaAuto. Stock CN-904418779.",in stock,used,33938.66 USD,https://www.hainaautochina.com/vehicles/cntransit-904418779,https://www.hainaautochina.com/api/vehicle-image/cntransit/904418779/col_9bd469f0ebcdb01c.jpg,Mercedes-Benz,"https://www.hainaautochina.com/api/vehicle-image/cntransit/904418779/col_1e763393da8f0a5a.jpg,https://www.hainaautochina.com/api/vehicle-image/cntransit/904418779/col_48bf7debd7301ac4.jpg,https://www.hainaautochina.com/api/vehicle-image/cntransit/904418779/col_66ca8f52947d8fa8.jpg",Superautos y deportivos > CLE (Imported) 2025,CLE (Imported) 2025,Venezuela,Mercedes-Benz
hainaauto-335646714,GR Yaris (Imported) 2025 - Importacion desde China a Venezuela,"Toyota 2025 · GR Yaris (Imported) · 542 km · grey · Manual · Disponible en Jiangsu. Vehiculo disponible para compradores en Venezuela, con inspeccion, documentos de exportacion y apoyo logistico de HainaAuto. Stock HA-335646714.",in stock,used,38025.26 USD,https://www.hainaautochina.com/vehicles/hainaauto-335646714,https://www.hainaautochina.com/api/vehicle-image/hainaauto/335646714/col_91fc65305f4e5fa1.webp,Toyota,"https://www.hainaautochina.com/api/vehicle-image/hainaauto/335646714/col_f89f4f31e4b78ecc.webp,https://www.hainaautochina.com/api/vehicle-image/hainaauto/335646714/col_f5fe63bad558fa39.webp,https://www.hainaautochina.com/api/vehicle-image/hainaauto/335646714/col_a8c3d0867edda7d1.webp",Sedanes y hatchbacks > GR Yaris (Imported),GR Yaris (Imported),Venezuela,Toyota
cntransit-743819041,CLE AMG (Imported) 2025 - Importacion desde China a Venezuela,"Mercedes-Benz 2025 · CLE AMG (Imported) · 2.917 km · Black · Automatic · Disponible en Guangdong. Vehiculo disponible para compradores en Venezuela, con inspeccion, documentos de exportacion y apoyo logistico de HainaAuto. Stock CN-743819041.",in stock,used,62294.66 USD,https://www.hainaautochina.com/vehicles/cntransit-743819041,https://www.hainaautochina.com/api/vehicle-image/cntransit/743819041/col_ce3231f307390b95.jpg,Mercedes-Benz,"https://www.hainaautochina.com/api/vehicle-image/cntransit/743819041/col_50402369a2cc07d1.jpg,https://www.hainaautochina.com/api/vehicle-image/cntransit/743819041/col_7ce1823cba1c58bc.jpg,https://www.hainaautochina.com/api/vehicle-image/cntransit/743819041/col_ec5dda722702822b.jpg",Superautos y deportivos > CLE AMG (Imported),CLE AMG (Imported),Venezuela,Mercedes-Benz
hainaauto-912638010,GT (Imported) 2025 2025 - Importacion desde China a Venezuela,"Mercedes-Benz 2025 · GT (Imported) 2025 · 1.583 km · black · automatic · Disponible en Zhejiang. Vehiculo disponible para compradores en Venezuela, con inspeccion, documentos de exportacion y apoyo logistico de HainaAuto. Stock HA-912638010.",in stock,used,62361.38 USD,https://www.hainaautochina.com/vehicles/hainaauto-912638010,https://www.hainaautochina.com/api/vehicle-image/hainaauto/912638010/col_393c0a86cfc5c62a.webp,Mercedes-Benz,"https://www.hainaautochina.com/api/vehicle-image/hainaauto/912638010/col_1ec1f7ed19f98898.webp,https://www.hainaautochina.com/api/vehicle-image/hainaauto/912638010/col_0b7cabd2a637a3ed.webp,https://www.hainaautochina.com/api/vehicle-image/hainaauto/912638010/col_ca0263501f6bea65.webp",Superautos y deportivos > GT (Imported) 2025,GT (Imported) 2025,Venezuela,Mercedes-Benz
cntransit-48798399,Martin DB12 (Imported) 2025 - Importacion desde China a Venezuela,"Aston 2025 · Martin DB12 (Imported) · 3.333 km · Gray · Automatic · Disponible en Shanghai. Vehiculo disponible para compradores en Venezuela, con inspeccion, documentos de exportacion y apoyo logistico de HainaAuto. Stock CN-48798399.",in stock,used,230095.46 USD,https://www.hainaautochina.com/vehicles/cntransit-48798399,https://www.hainaautochina.com/api/vehicle-image/cntransit/48798399/col_63158888f9e41a87.jpg,Aston,"https://www.hainaautochina.com/api/vehicle-image/cntransit/48798399/col_753dfdc0afb198ee.jpg,https://www.hainaautochina.com/api/vehicle-image/cntransit/48798399/col_c57214429c4e570b.jpg,https://www.hainaautochina.com/api/vehicle-image/cntransit/48798399/col_289913966ccd4972.jpg",Superautos y deportivos > Martin DB12 (Imported),Martin DB12 (Imported),Venezuela,Aston
hainaauto-446627086,911 (Imported) 2025 2025 - Importacion desde China a Venezuela,"Porsche 2025 · 911 (Imported) 2025 · 1.583 km · blue · Manual · Disponible en Zhejiang. Vehiculo disponible para compradores en Venezuela, con inspeccion, documentos de exportacion y apoyo logistico de HainaAuto. Stock HA-446627086.",in stock,used,246692.06 USD,https://www.hainaautochina.com/vehicles/hainaauto-446627086,https://www.hainaautochina.com/api/vehicle-image/hainaauto/446627086/col_5410e0a0d060554a.webp,Porsche,"https://www.hainaautochina.com/api/vehicle-image/hainaauto/446627086/col_261266bd3a33bfcd.webp,https://www.hainaautochina.com/api/vehicle-image/hainaauto/446627086/col_82035d251e3fbd76.webp,https://www.hainaautochina.com/api/vehicle-image/hainaauto/446627086/col_b0b4f18803658c24.webp",Superautos y deportivos > 911 (Imported) 2025,911 (Imported) 2025,Venezuela,Porsche
hainaauto-747813872,2024 Little Sea 2024 - Importacion desde China a Venezuela,"Jinbei 2024 · 2024 Little Sea · 8.333 km · White · Manual · Disponible en Shandong. Vehiculo disponible para compradores en Venezuela, con inspeccion, documentos de exportacion y apoyo logistico de HainaAuto. Stock HA-747813872.",in stock,used,7917.86 USD,https://www.hainaautochina.com/vehicles/hainaauto-747813872,https://www.hainaautochina.com/api/vehicle-image/hainaauto/747813872/col_42236b611f89845c.webp,Jinbei,"https://www.hainaautochina.com/api/vehicle-image/hainaauto/747813872/col_ca439ee0e0512ff2.webp,https://www.hainaautochina.com/api/vehicle-image/hainaauto/747813872/col_4e87f7962ac27025.webp,https://www.hainaautochina.com/api/vehicle-image/hainaauto/747813872/col_d13cbc21d97481e5.webp",Maquinaria y camiones > 2024 Little Sea,2024 Little Sea,Venezuela,Jinbei
hainaauto-52048200,2024 QQ Ice 2024 - Importacion desde China a Venezuela,"Chery 2024 · 2024 QQ Ice · 12.542 km · green · automatic · Disponible en Henan. Vehiculo disponible para compradores en Venezuela, con inspeccion, documentos de exportacion y apoyo logistico de HainaAuto. Stock HA-52048200.",in stock,used,8376.56 USD,https://www.hainaautochina.com/vehicles/hainaauto-52048200,https://www.hainaautochina.com/api/vehicle-image/hainaauto/52048200/col_7784ff4446d58566.webp,Chery,"https://www.hainaautochina.com/api/vehicle-image/hainaauto/52048200/col_c3bb2cc8f6ca4560.webp,https://www.hainaautochina.com/api/vehicle-image/hainaauto/52048200/col_3faabd3805757864.webp,https://www.hainaautochina.com/api/vehicle-image/hainaauto/52048200/col_0d8d45f070a0b3fe.webp",Sedanes y hatchbacks > 2024 QQ Ice,2024 QQ Ice,Venezuela,Chery
hainaauto-820814214,acquired a 2024 2024 - Importacion desde China a Venezuela,"Successfully 2024 · acquired a 2024 · 16.667 km · grey · Manual · Disponible en Sichuan. Vehiculo disponible para compradores en Venezuela, con inspeccion, documentos de exportacion y apoyo logistico de HainaAuto. Stock HA-820814214.",in stock,used,8484.98 USD,https://www.hainaautochina.com/vehicles/hainaauto-820814214,https://www.hainaautochina.com/api/vehicle-image/hainaauto/820814214/col_c34f7b1c2b0e38f2.webp,Successfully,"https://www.hainaautochina.com/api/vehicle-image/hainaauto/820814214/col_ec43c0b8e3796d26.webp,https://www.hainaautochina.com/api/vehicle-image/hainaauto/820814214/col_aa588ca0d7db5079.webp,https://www.hainaautochina.com/api/vehicle-image/hainaauto/820814214/col_fc1d22fb47ed98b0.webp",Maquinaria y camiones > acquired a 2024,acquired a 2024,Venezuela,Successfully
hainaauto-126943676,Commercial 2024 Changan 2024 - Importacion desde China a Venezuela,"Changan 2024 · Commercial 2024 Changan · 12.500 km · grey · Manual · Disponible en Hunan. Vehiculo disponible para compradores en Venezuela, con inspeccion, documentos de exportacion y apoyo logistico de HainaAuto. Stock HA-126943676.",in stock,used,8568.38 USD,https://www.hainaautochina.com/vehicles/hainaauto-126943676,https://www.hainaautochina.com/api/vehicle-image/hainaauto/126943676/col_c69fc65f0994cf8b.webp,Changan,"https://www.hainaautochina.com/api/vehicle-image/hainaauto/126943676/col_f7f1623ebb442480.webp,https://www.hainaautochina.com/api/vehicle-image/hainaauto/126943676/col_a00172fbf37b8fa7.webp,https://www.hainaautochina.com/api/vehicle-image/hainaauto/126943676/col_85c9d2dd3d1f3c0a.webp",Maquinaria y camiones > Commercial 2024 Changan,Commercial 2024 Changan,Venezuela,Changan
hainaauto-526020889,Xiaokang K Series 2024 - Importacion desde China a Venezuela,"Dongfeng 2024 · Xiaokang K Series · 625 km · orange color · Manual · Disponible en Henan. Vehiculo disponible para compradores en Venezuela, con inspeccion, documentos de exportacion y apoyo logistico de HainaAuto. Stock HA-526020889.",in stock,used,8651.78 USD,https://www.hainaautochina.com/vehicles/hainaauto-526020889,https://www.hainaautochina.com/api/vehicle-image/hainaauto/526020889/col_a3774192e232b555.webp,Dongfeng,"https://www.hainaautochina.com/api/vehicle-image/hainaauto/526020889/col_c6a7af62fdeaad30.webp,https://www.hainaautochina.com/api/vehicle-image/hainaauto/526020889/col_5be1d2b761fc58cc.webp,https://www.hainaautochina.com/api/vehicle-image/hainaauto/526020889/col_13278b9ba997276c.webp",Maquinaria y camiones > Xiaokang K Series,Xiaokang K Series,Venezuela,Dongfeng
cntransit-491717866,Kuayue 2024 New 2024 - Importacion desde China a Venezuela,"Changan 2024 · Kuayue 2024 New · 7.917 km · Gray · Manual · Disponible en Henan. Vehiculo disponible para compradores en Venezuela, con inspeccion, documentos de exportacion y apoyo logistico de HainaAuto. Stock CN-491717866.",in stock,used,8668.46 USD,https://www.hainaautochina.com/vehicles/cntransit-491717866,https://www.hainaautochina.com/api/vehicle-image/cntransit/491717866/col_dc296a98543131f1.jpg,Changan,"https://www.hainaautochina.com/api/vehicle-image/cntransit/491717866/col_7fe1a403bde7a2b5.jpg,https://www.hainaautochina.com/api/vehicle-image/cntransit/491717866/col_da722ce55a461686.jpg,https://www.hainaautochina.com/api/vehicle-image/cntransit/491717866/col_e5ca784b2462f4ca.jpg",Maquinaria y camiones > Kuayue 2024 New,Kuayue 2024 New,Venezuela,Changan
hainaauto-392127228,Cruze 2024 1.5L 2024 - Importacion desde China a Venezuela,"Chevrolet 2024 · Cruze 2024 1.5L · 22.083 km · White · 6-speed wet dual-clutch · Disponible en Henan. Vehiculo disponible para compradores en Venezuela, con inspeccion, documentos de exportacion y apoyo logistico de HainaAuto. Stock HA-392127228.",in stock,used,8960.36 USD,https://www.hainaautochina.com/vehicles/hainaauto-392127228,https://www.hainaautochina.com/api/vehicle-image/hainaauto/392127228/col_4cbc9ffdd60c7c1d.webp,Chevrolet,"https://www.hainaautochina.com/api/vehicle-image/hainaauto/392127228/col_5480355e5cdf4531.webp,https://www.hainaautochina.com/api/vehicle-image/hainaauto/392127228/col_adfe35b4b2807a68.webp,https://www.hainaautochina.com/api/vehicle-image/hainaauto/392127228/col_c6f20ace845c51dd.webp",Sedanes y hatchbacks > Cruze 2024 1.5L,Cruze 2024 1.5L,Venezuela,Chevrolet
hainaauto-948347129,2024 Sea Lion 2024 - Importacion desde China a Venezuela,"Jinbei 2024 · 2024 Sea Lion · 417 km · Multicolor · Manual · Disponible en Shandong. Vehiculo disponible para compradores en Venezuela, con inspeccion, documentos de exportacion y apoyo logistico de HainaAuto. Stock HA-948347129.",in stock,used,9085.46 USD,https://www.hainaautochina.com/vehicles/hainaauto-948347129,https://www.hainaautochina.com/api/vehicle-image/hainaauto/948347129/col_27baf85ee358c426.webp,Jinbei,"https://www.hainaautochina.com/api/vehicle-image/hainaauto/948347129/col_4864735d2eb33992.webp,https://www.hainaautochina.com/api/vehicle-image/hainaauto/948347129/col_74e315bbc955db73.webp,https://www.hainaautochina.com/api/vehicle-image/hainaauto/948347129/col_e799c41cd4378a01.webp",Maquinaria y camiones > 2024 Sea Lion,2024 Sea Lion,Venezuela,Jinbei
hainaauto-206552622,"E6 2024 Model, 2024 - Importacion desde China a Venezuela","Jiangtun 2024 · E6 2024 Model, · 46.042 km · Beige · automatic · Disponible en Guangdong. Vehiculo disponible para compradores en Venezuela, con inspeccion, documentos de exportacion y apoyo logistico de HainaAuto. Stock HA-206552622.",in stock,used,9252.26 USD,https://www.hainaautochina.com/vehicles/hainaauto-206552622,https://www.hainaautochina.com/api/vehicle-image/hainaauto/206552622/col_7073fe4a0c5ae743.webp,Jiangtun,"https://www.hainaautochina.com/api/vehicle-image/hainaauto/206552622/col_7f6e2a6d763b54b7.webp,https://www.hainaautochina.com/api/vehicle-image/hainaauto/206552622/col_729184f439c6cf46.webp,https://www.hainaautochina.com/api/vehicle-image/hainaauto/206552622/col_d3294215d1638b54.webp","Maquinaria y camiones > E6 2024 Model,","E6 2024 Model,",Venezuela,Jiangtun
cntransit-388118268,Kuayue 2024 Kuayue 2024 - Importacion desde China a Venezuela,"Changan 2024 · Kuayue 2024 Kuayue · 9.167 km · Beige · Manual · Disponible en Henan. Vehiculo disponible para compradores en Venezuela, con inspeccion, documentos de exportacion y apoyo logistico de HainaAuto. Stock CN-388118268.",in stock,used,9419.06 USD,https://www.hainaautochina.com/vehicles/cntransit-388118268,https://www.hainaautochina.com/api/vehicle-image/cntransit/388118268/col_351715af9dac407f.jpg,Changan,"https://www.hainaautochina.com/api/vehicle-image/cntransit/388118268/col_7f92928af4d13f75.jpg,https://www.hainaautochina.com/api/vehicle-image/cntransit/388118268/col_2dcf3320ede297ec.jpg,https://www.hainaautochina.com/api/vehicle-image/cntransit/388118268/col_f3ba3b412133b26c.jpg",Maquinaria y camiones > Kuayue 2024 Kuayue,Kuayue 2024 Kuayue,Venezuela,Changan
hainaauto-991630045,G40 2024 Model 2024 - Importacion desde China a Venezuela,"Elephant 2024 · G40 2024 Model · 20.833 km · grey · automatic · Disponible en Zhejiang. Vehiculo disponible para compradores en Venezuela, con inspeccion, documentos de exportacion y apoyo logistico de HainaAuto. Stock HA-991630045.",in stock,used,9819.38 USD,https://www.hainaautochina.com/vehicles/hainaauto-991630045,https://www.hainaautochina.com/api/vehicle-image/hainaauto/991630045/col_86eebd7380e8e563.webp,Elephant,"https://www.hainaautochina.com/api/vehicle-image/hainaauto/991630045/col_41de7b2f09ce0a01.webp,https://www.hainaautochina.com/api/vehicle-image/hainaauto/991630045/col_cf0e876021a23954.webp,https://www.hainaautochina.com/api/vehicle-image/hainaauto/991630045/col_6b6527cb62600662.webp",Maquinaria y camiones > G40 2024 Model,G40 2024 Model,Venezuela,Elephant
cntransit-578314488,2024 Aoling V-Card 2024 - Importacion desde China a Venezuela,"Foton 2024 · 2024 Aoling V-Card · 1.250 km · Gray · Manual · Disponible en Jiangxi. Vehiculo disponible para compradores en Venezuela, con inspeccion, documentos de exportacion y apoyo logistico de HainaAuto. Stock CN-578314488.",in stock,used,9902.78 USD,https://www.hainaautochina.com/vehicles/cntransit-578314488,https://www.hainaautochina.com/api/vehicle-image/cntransit/578314488/col_6b2acf0a85c679db.jpg,Foton,"https://www.hainaautochina.com/api/vehicle-image/cntransit/578314488/col_3a7eb06e34da5db3.jpg,https://www.hainaautochina.com/api/vehicle-image/cntransit/578314488/col_bb29477f6bdcc8d0.jpg,https://www.hainaautochina.com/api/vehicle-image/cntransit/578314488/col_fbb2667090a87633.jpg",Maquinaria y camiones > 2024 Aoling V-Card,2024 Aoling V-Card,Venezuela,Foton
hainaauto-244726573,2024 Kaiyang T6 2024 - Importacion desde China a Venezuela,"Zhongtong 2024 · 2024 Kaiyang T6 · 37.500 km · White · automatic · Disponible en Shandong. Vehiculo disponible para compradores en Venezuela, con inspeccion, documentos de exportacion y apoyo logistico de HainaAuto. Stock HA-244726573.",in stock,used,10002.86 USD,https://www.hainaautochina.com/vehicles/hainaauto-244726573,https://www.hainaautochina.com/api/vehicle-image/hainaauto/244726573/col_775532d1d4d46333.webp,Zhongtong,"https://www.hainaautochina.com/api/vehicle-image/hainaauto/244726573/col_bbb62b32f721764b.webp,https://www.hainaautochina.com/api/vehicle-image/hainaauto/244726573/col_b510fcac081300b0.webp,https://www.hainaautochina.com/api/vehicle-image/hainaauto/244726573/col_2c4bdda2d09a20aa.webp",Maquinaria y camiones > 2024 Kaiyang T6,2024 Kaiyang T6,Venezuela,Zhongtong
hainaauto-378050175,2024 Rongguang Light 2024 - Importacion desde China a Venezuela,"Wuling 2024 · 2024 Rongguang Light · 625 km · Multicolor · Manual · Disponible en Guangdong. Vehiculo disponible para compradores en Venezuela, con inspeccion, documentos de exportacion y apoyo logistico de HainaAuto. Stock HA-378050175.",in stock,used,10002.86 USD,https://www.hainaautochina.com/vehicles/hainaauto-378050175,https://www.hainaautochina.com/api/vehicle-image/hainaauto/378050175/col_8171c9898923a0b6.webp,Wuling,"https://www.hainaautochina.com/api/vehicle-image/hainaauto/378050175/col_9ca3b921718097ab.webp,https://www.hainaautochina.com/api/vehicle-image/hainaauto/378050175/col_91f64e531a22a276.webp,https://www.hainaautochina.com/api/vehicle-image/hainaauto/378050175/col_9f32222f13f8ac19.webp",Maquinaria y camiones > 2024 Rongguang Light,2024 Rongguang Light,Venezuela,Wuling
hainaauto-67538805,2024 Sylphy Classic 2024 - Importacion desde China a Venezuela,"Nissan 2024 · 2024 Sylphy Classic · 1.250 km · White · automatic · Disponible en Henan. Vehiculo disponible para compradores en Venezuela, con inspeccion, documentos de exportacion y apoyo logistico de HainaAuto. Stock HA-67538805.",in stock,used,10152.98 USD,https://www.hainaautochina.com/vehicles/hainaauto-67538805,https://www.hainaautochina.com/api/vehicle-image/hainaauto/67538805/col_910e93004959bace.webp,Nissan,"https://www.hainaautochina.com/api/vehicle-image/hainaauto/67538805/col_8149ee0a4c4af1c5.webp,https://www.hainaautochina.com/api/vehicle-image/hainaauto/67538805/col_d1240f9400954d93.webp,https://www.hainaautochina.com/api/vehicle-image/hainaauto/67538805/col_56ef7c7cdf1c8877.webp",Sedanes y hatchbacks > 2024 Sylphy Classic,2024 Sylphy Classic,Venezuela,Nissan
hainaauto-507452731,2024 Changjiang 7 2024 - Importacion desde China a Venezuela,"Guizhou 2024 · 2024 Changjiang 7 · 12.500 km · White · automatic · Disponible en Zhejiang. Vehiculo disponible para compradores en Venezuela, con inspeccion, documentos de exportacion y apoyo logistico de HainaAuto. Stock HA-507452731.",in stock,used,10253.06 USD,https://www.hainaautochina.com/vehicles/hainaauto-507452731,https://www.hainaautochina.com/api/vehicle-image/hainaauto/507452731/col_2f47f63f60e45062.webp,Guizhou,"https://www.hainaautochina.com/api/vehicle-image/hainaauto/507452731/col_aedb9b5a54f8226f.webp,https://www.hainaautochina.com/api/vehicle-image/hainaauto/507452731/col_a0c1a93a1d2f4483.webp,https://www.hainaautochina.com/api/vehicle-image/hainaauto/507452731/col_228524302f31d4f7.webp",Maquinaria y camiones > 2024 Changjiang 7,2024 Changjiang 7,Venezuela,Guizhou
hainaauto-057229242,2024 Jiangtu E5 2024 - Importacion desde China a Venezuela,"Chery 2024 · 2024 Jiangtu E5 · 11.667 km · Beige · automatic · Disponible en Anhui. Vehiculo disponible para compradores en Venezuela, con inspeccion, documentos de exportacion y apoyo logistico de HainaAuto. Stock HA-057229242.",in stock,used,10386.50 USD,https://www.hainaautochina.com/vehicles/hainaauto-057229242,https://www.hainaautochina.com/api/vehicle-image/hainaauto/057229242/col_8a204ba532bc0b46.webp,Chery,"https://www.hainaautochina.com/api/vehicle-image/hainaauto/057229242/col_1720ceece422e4e4.webp,https://www.hainaautochina.com/api/vehicle-image/hainaauto/057229242/col_b758d535662f86a8.webp,https://www.hainaautochina.com/api/vehicle-image/hainaauto/057229242/col_34d612e4a9963bea.webp",Maquinaria y camiones > 2024 Jiangtu E5,2024 Jiangtu E5,Venezuela,Chery
cntransit-638512830,2024 Model Year 2024 - Importacion desde China a Venezuela,"Xinyuan 2024 · 2024 Model Year · 26.250 km · White · Automatic · Disponible en Tianjin. Vehiculo disponible para compradores en Venezuela, con inspeccion, documentos de exportacion y apoyo logistico de HainaAuto. Stock CN-638512830.",in stock,used,10503.26 USD,https://www.hainaautochina.com/vehicles/cntransit-638512830,https://www.hainaautochina.com/api/vehicle-image/cntransit/638512830/col_0f3aa846dc5d3c6d.jpg,Xinyuan,"https://www.hainaautochina.com/api/vehicle-image/cntransit/638512830/col_d69db45ac9e16b10.jpg,https://www.hainaautochina.com/api/vehicle-image/cntransit/638512830/col_8a90acddfc55135a.jpg,https://www.hainaautochina.com/api/vehicle-image/cntransit/638512830/col_5578316132a17d4b.jpg",Maquinaria y camiones > 2024 Model Year,2024 Model Year,Venezuela,Xinyuan
hainaauto-115532722,Kaicheng 2024 Shenqi 2024 - Importacion desde China a Venezuela,"Changan 2024 · Kaicheng 2024 Shenqi · 2.083 km · grey · Manual · Disponible en Sichuan. Vehiculo disponible para compradores en Venezuela, con inspeccion, documentos de exportacion y apoyo logistico de HainaAuto. Stock HA-115532722.",in stock,used,10544.96 USD,https://www.hainaautochina.com/vehicles/hainaauto-115532722,https://www.hainaautochina.com/api/vehicle-image/hainaauto/115532722/col_995a05564a10a8e7.webp,Changan,"https://www.hainaautochina.com/api/vehicle-image/hainaauto/115532722/col_1867b2d60e47095d.webp,https://www.hainaautochina.com/api/vehicle-image/hainaauto/115532722/col_bfb1fcfcf6fa1064.webp,https://www.hainaautochina.com/api/vehicle-image/hainaauto/115532722/col_e237d909f6329b4a.webp",Maquinaria y camiones > Kaicheng 2024 Shenqi,Kaicheng 2024 Shenqi,Venezuela,Changan
hainaauto-646826932,2024 Little Elephant 2024 - Importacion desde China a Venezuela,"KaiRui 2024 · 2024 Little Elephant · 375 km · grey · automatic · Disponible en Shaanxi. Vehiculo disponible para compradores en Venezuela, con inspeccion, documentos de exportacion y apoyo logistico de HainaAuto. Stock HA-646826932.",in stock,used,10569.98 USD,https://www.hainaautochina.com/vehicles/hainaauto-646826932,https://www.hainaautochina.com/api/vehicle-image/hainaauto/646826932/col_3c1f5931e4045285.webp,KaiRui,"https://www.hainaautochina.com/api/vehicle-image/hainaauto/646826932/col_bbc21d6b6e3e8660.webp,https://www.hainaautochina.com/api/vehicle-image/hainaauto/646826932/col_be423c53c6041ea8.webp,https://www.hainaautochina.com/api/vehicle-image/hainaauto/646826932/col_b39debb6d928be32.webp",Maquinaria y camiones > 2024 Little Elephant,2024 Little Elephant,Venezuela,KaiRui
hainaauto-325320349,2024 Jinka S6 2024 - Importacion desde China a Venezuela,"Jinbei 2024 · 2024 Jinka S6 · 667 km · grey · Manual · Disponible en Jiangsu. Vehiculo disponible para compradores en Venezuela, con inspeccion, documentos de exportacion y apoyo logistico de HainaAuto. Stock HA-325320349.",in stock,used,10586.66 USD,https://www.hainaautochina.com/vehicles/hainaauto-325320349,https://www.hainaautochina.com/api/vehicle-image/hainaauto/325320349/col_fa9ed8a3eee9b968.webp,Jinbei,"https://www.hainaautochina.com/api/vehicle-image/hainaauto/325320349/col_65a7577d0e4a7489.webp,https://www.hainaautochina.com/api/vehicle-image/hainaauto/325320349/col_8ab884ee507ce75b.webp,https://www.hainaautochina.com/api/vehicle-image/hainaauto/325320349/col_cc12293aaae7a9fa.webp",Maquinaria y camiones > 2024 Jinka S6,2024 Jinka S6,Venezuela,Jinbei
hainaauto-002316751,2024 Starline New 2024 - Importacion desde China a Venezuela,"JAC 2024 · 2024 Starline New · 10.417 km · grey · Manual · Disponible en Henan. Vehiculo disponible para compradores en Venezuela, con inspeccion, documentos de exportacion y apoyo logistico de HainaAuto. Stock HA-002316751.",in stock,used,10653.38 USD,https://www.hainaautochina.com/vehicles/hainaauto-002316751,https://www.hainaautochina.com/api/vehicle-image/hainaauto/002316751/col_849a51f9b721b4a0.webp,JAC,"https://www.hainaautochina.com/api/vehicle-image/hainaauto/002316751/col_520ce0c3edfa0309.webp,https://www.hainaautochina.com/api/vehicle-image/hainaauto/002316751/col_6a12c05e20666657.webp,https://www.hainaautochina.com/api/vehicle-image/hainaauto/002316751/col_d5ae82c51164247e.webp",Maquinaria y camiones > 2024 Starline New,2024 Starline New,Venezuela,JAC
hainaauto-950347933,2024 Jiangtu E7II 2024 - Importacion desde China a Venezuela,"Kairui 2024 · 2024 Jiangtu E7II · 37.500 km · Beige · automatic · Disponible en Hunan. Vehiculo disponible para compradores en Venezuela, con inspeccion, documentos de exportacion y apoyo logistico de HainaAuto. Stock HA-950347933.",in stock,used,10653.38 USD,https://www.hainaautochina.com/vehicles/hainaauto-950347933,https://www.hainaautochina.com/api/vehicle-image/hainaauto/950347933/col_03578614f280a558.webp,Kairui,"https://www.hainaautochina.com/api/vehicle-image/hainaauto/950347933/col_04a11ceca4d5af80.webp,https://www.hainaautochina.com/api/vehicle-image/hainaauto/950347933/col_3970c2a78ed1bb0a.webp,https://www.hainaautochina.com/api/vehicle-image/hainaauto/950347933/col_f8a26d6754c9a221.webp",Maquinaria y camiones > 2024 Jiangtu E7II,2024 Jiangtu E7II,Venezuela,Kairui
cntransit-72489201,Commercial 2024 Ruixing 2024 - Importacion desde China a Venezuela,"Changan 2024 · Commercial 2024 Ruixing · 8.333 km · White · Automatic · Disponible en Fujian. Vehiculo disponible para compradores en Venezuela, con inspeccion, documentos de exportacion y apoyo logistico de HainaAuto. Stock CN-72489201.",in stock,used,10736.78 USD,https://www.hainaautochina.com/vehicles/cntransit-72489201,https://www.hainaautochina.com/api/vehicle-image/cntransit/72489201/col_e67c57ad36e9d4f7.jpg,Changan,"https://www.hainaautochina.com/api/vehicle-image/cntransit/72489201/col_1bdf1d3c2ee14a4f.jpg,https://www.hainaautochina.com/api/vehicle-image/cntransit/72489201/col_c537a5db13dcb304.jpg,https://www.hainaautochina.com/api/vehicle-image/cntransit/72489201/col_406a0f9103100a5e.jpg",Maquinaria y camiones > Commercial 2024 Ruixing,Commercial 2024 Ruixing,Venezuela,Changan
hainaauto-080611445,Sylphy Classic 1.6XL 2024 - Importacion desde China a Venezuela,"Nissan 2024 · Sylphy Classic 1.6XL · 16.667 km · White · CVT continuously variable transmission · Disponible en Anhui. Vehiculo disponible para compradores en Venezuela, con inspeccion, documentos de exportacion y apoyo logistico de HainaAuto. Stock HA-080611445.",in stock,used,10753.46 USD,https://www.hainaautochina.com/vehicles/hainaauto-080611445,https://www.hainaautochina.com/api/vehicle-image/hainaauto/080611445/col_f4f205bbc659768c.webp,Nissan,"https://www.hainaautochina.com/api/vehicle-image/hainaauto/080611445/col_ca10dfcda733fc43.webp,https://www.hainaautochina.com/api/vehicle-image/hainaauto/080611445/col_23f01440bab3aef6.webp,https://www.hainaautochina.com/api/vehicle-image/hainaauto/080611445/col_0e4340833f51ac0f.webp",Sedanes y hatchbacks > Sylphy Classic 1.6XL,Sylphy Classic 1.6XL,Venezuela,Nissan
hainaauto-332551858,Junling V5 Manual 2024 - Importacion desde China a Venezuela,"JAC 2024 · Junling V5 Manual · 112.500 km · Multicolor · Manual · Disponible en Sichuan. Vehiculo disponible para compradores en Venezuela, con inspeccion, documentos de exportacion y apoyo logistico de HainaAuto. Stock HA-332551858.",in stock,used,10903.58 USD,https://www.hainaautochina.com/vehicles/hainaauto-332551858,https://www.hainaautochina.com/api/vehicle-image/hainaauto/332551858/col_31e82caa5ce6a7d9.webp,JAC,"https://www.hainaautochina.com/api/vehicle-image/hainaauto/332551858/col_6b98165d0057d3cb.webp,https://www.hainaautochina.com/api/vehicle-image/hainaauto/332551858/col_7d3622f85a99bf87.webp,https://www.hainaautochina.com/api/vehicle-image/hainaauto/332551858/col_86980522cf20c6b3.webp",Maquinaria y camiones > Junling V5 Manual,Junling V5 Manual,Venezuela,JAC
cntransit-19837787,Sylphy 2024 Classic 2024 - Importacion desde China a Venezuela,"Nissan 2024 · Sylphy 2024 Classic · 7.083 km · White · CVT (Continuously Variable Transmission) · Disponible en Hubei. Vehiculo disponible para compradores en Venezuela, con inspeccion, documentos de exportacion y apoyo logistico de HainaAuto. Stock CN-19837787.",in stock,used,10920.26 USD,https://www.hainaautochina.com/vehicles/cntransit-19837787,https://www.hainaautochina.com/api/vehicle-image/cntransit/19837787/col_c2908a58566ffabf.jpg,Nissan,"https://www.hainaautochina.com/api/vehicle-image/cntransit/19837787/col_31a27eecb58f423d.jpg,https://www.hainaautochina.com/api/vehicle-image/cntransit/19837787/col_39c08765a6881924.jpg,https://www.hainaautochina.com/api/vehicle-image/cntransit/19837787/col_16b775f95f98a5bf.jpg",Sedanes y hatchbacks > Sylphy 2024 Classic,Sylphy 2024 Classic,Venezuela,Nissan
hainaauto-890124876,2024 Star 5 2024 - Importacion desde China a Venezuela,"JAC 2024 · 2024 Star 5 · 91.667 km · White · Manual · Disponible en Henan. Vehiculo disponible para compradores en Venezuela, con inspeccion, documentos de exportacion y apoyo logistico de HainaAuto. Stock HA-890124876.",in stock,used,10920.26 USD,https://www.hainaautochina.com/vehicles/hainaauto-890124876,https://www.hainaautochina.com/api/vehicle-image/hainaauto/890124876/col_27adf7d6d93782a1.webp,JAC,"https://www.hainaautochina.com/api/vehicle-image/hainaauto/890124876/col_783c9abe72ffe1e5.webp,https://www.hainaautochina.com/api/vehicle-image/hainaauto/890124876/col_5a6e0f7c7d6a7be2.webp,https://www.hainaautochina.com/api/vehicle-image/hainaauto/890124876/col_abd9c22b758c15b4.webp",Maquinaria y camiones > 2024 Star 5,2024 Star 5,Venezuela,JAC
cntransit-39237838,2024 Zhilan Jingling 2024 - Importacion desde China a Venezuela,"Foton 2024 · 2024 Zhilan Jingling · 45.833 km · White · Automatic · Disponible en Zhejiang. Vehiculo disponible para compradores en Venezuela, con inspeccion, documentos de exportacion y apoyo logistico de HainaAuto. Stock CN-39237838.",in stock,used,10986.98 USD,https://www.hainaautochina.com/vehicles/cntransit-39237838,https://www.hainaautochina.com/api/vehicle-image/cntransit/39237838/col_906f60c764bfaf81.jpg,Foton,"https://www.hainaautochina.com/api/vehicle-image/cntransit/39237838/col_5d9638822c65f5d4.jpg,https://www.hainaautochina.com/api/vehicle-image/cntransit/39237838/col_e890e6ac8de52e3b.jpg,https://www.hainaautochina.com/api/vehicle-image/cntransit/39237838/col_db6e61e7503a2a2b.jpg",Maquinaria y camiones > 2024 Zhilan Jingling,2024 Zhilan Jingling,Venezuela,Foton
cntransit-655112568,2024 Shangdi 600 2024 - Importacion desde China a Venezuela,"Panda 2024 · 2024 Shangdi 600 · 23.750 km · White · Automatic · Disponible en Sichuan. Vehiculo disponible para compradores en Venezuela, con inspeccion, documentos de exportacion y apoyo logistico de HainaAuto. Stock CN-655112568.",in stock,used,11070.38 USD,https://www.hainaautochina.com/vehicles/cntransit-655112568,https://www.hainaautochina.com/api/vehicle-image/cntransit/655112568/col_54e12cfcba1f3675.jpg,Panda,"https://www.hainaautochina.com/api/vehicle-image/cntransit/655112568/col_443c8d2562048f3f.jpg,https://www.hainaautochina.com/api/vehicle-image/cntransit/655112568/col_5a74a0e055f4ac7d.jpg,https://www.hainaautochina.com/api/vehicle-image/cntransit/655112568/col_28feb8aeea1f183f.jpg",Maquinaria y camiones > 2024 Shangdi 600,2024 Shangdi 600,Venezuela,Panda
hainaauto-114344289,2024 Star Enjoy 2024 - Importacion desde China a Venezuela,"Remote 2024 · 2024 Star Enjoy · 12.500 km · White · automatic · Disponible en Henan. Vehiculo disponible para compradores en Venezuela, con inspeccion, documentos de exportacion y apoyo logistico de HainaAuto. Stock HA-114344289.",in stock,used,11087.06 USD,https://www.hainaautochina.com/vehicles/hainaauto-114344289,https://www.hainaautochina.com/api/vehicle-image/hainaauto/114344289/col_910e30d25a5383e4.webp,Remote,"https://www.hainaautochina.com/api/vehicle-image/hainaauto/114344289/col_fc55a6ca32097f06.webp,https://www.hainaautochina.com/api/vehicle-image/hainaauto/114344289/col_dd1b4524e5874307.webp,https://www.hainaautochina.com/api/vehicle-image/hainaauto/114344289/col_a5f7ff1606fab9f4.webp",Maquinaria y camiones > 2024 Star Enjoy,2024 Star Enjoy,Venezuela,Remote
hainaauto-429851470,2024 EV180 3.5T 2024 - Importacion desde China a Venezuela,"Dongfeng 2024 · 2024 EV180 3.5T · 21.250 km · grey · automatic · Disponible en Henan. Vehiculo disponible para compradores en Venezuela, con inspeccion, documentos de exportacion y apoyo logistico de HainaAuto. Stock HA-429851470.",in stock,used,11170.46 USD,https://www.hainaautochina.com/vehicles/hainaauto-429851470,https://www.hainaautochina.com/api/vehicle-image/hainaauto/429851470/col_b7d9469822c14cb4.webp,Dongfeng,"https://www.hainaautochina.com/api/vehicle-image/hainaauto/429851470/col_e9b1e94059d37ec4.webp,https://www.hainaautochina.com/api/vehicle-image/hainaauto/429851470/col_104216b5e95d40db.webp,https://www.hainaautochina.com/api/vehicle-image/hainaauto/429851470/col_ae1d2ef953ec109a.webp",Maquinaria y camiones > 2024 EV180 3.5T,2024 EV180 3.5T,Venezuela,Dongfeng
hainaauto-731417682,2024 Little Elephant 2024 - Importacion desde China a Venezuela,"Chery 2024 · 2024 Little Elephant · 39.583 km · grey · automatic · Disponible en Anhui. Vehiculo disponible para compradores en Venezuela, con inspeccion, documentos de exportacion y apoyo logistico de HainaAuto. Stock HA-731417682.",in stock,used,11170.46 USD,https://www.hainaautochina.com/vehicles/hainaauto-731417682,https://www.hainaautochina.com/api/vehicle-image/hainaauto/731417682/col_de3a7ab811b97f69.webp,Chery,"https://www.hainaautochina.com/api/vehicle-image/hainaauto/731417682/col_e26774695098c757.webp,https://www.hainaautochina.com/api/vehicle-image/hainaauto/731417682/col_fb3b6341c9701a8d.webp,https://www.hainaautochina.com/api/vehicle-image/hainaauto/731417682/col_47bf5edc59cd61a7.webp",Maquinaria y camiones > 2024 Little Elephant,2024 Little Elephant,Venezuela,Chery
hainaauto-133221062,Finless Porpoise E6 2024 - Importacion desde China a Venezuela,"Yangtze 2024 · Finless Porpoise E6 · 167 km · White · automatic · Disponible en Zhejiang. Vehiculo disponible para compradores en Venezuela, con inspeccion, documentos de exportacion y apoyo logistico de HainaAuto. Stock HA-133221062.",in stock,used,11403.98 USD,https://www.hainaautochina.com/vehicles/hainaauto-133221062,https://www.hainaautochina.com/api/vehicle-image/hainaauto/133221062/col_0d9422e82d8cd870.webp,Yangtze,"https://www.hainaautochina.com/api/vehicle-image/hainaauto/133221062/col_3ed9a22a22e9f149.webp,https://www.hainaautochina.com/api/vehicle-image/hainaauto/133221062/col_c31725b52573c90b.webp,https://www.hainaautochina.com/api/vehicle-image/hainaauto/133221062/col_11a87bad9654f6b1.webp",Maquinaria y camiones > Finless Porpoise E6,Finless Porpoise E6,Venezuela,Yangtze
hainaauto-368029146,2024 EF3 Zhongxin 2024 - Importacion desde China a Venezuela,"Feidi 2024 · 2024 EF3 Zhongxin · 16.667 km · Beige · automatic · Disponible en Sichuan. Vehiculo disponible para compradores en Venezuela, con inspeccion, documentos de exportacion y apoyo logistico de HainaAuto. Stock HA-368029146.",in stock,used,11403.98 USD,https://www.hainaautochina.com/vehicles/hainaauto-368029146,https://www.hainaautochina.com/api/vehicle-image/hainaauto/368029146/col_8e47c905c16ded1e.webp,Feidi,"https://www.hainaautochina.com/api/vehicle-image/hainaauto/368029146/col_146b6ba9d576942a.webp,https://www.hainaautochina.com/api/vehicle-image/hainaauto/368029146/col_19e311a067091c8e.webp,https://www.hainaautochina.com/api/vehicle-image/hainaauto/368029146/col_a163ef93bb7dffa4.webp",Maquinaria y camiones > 2024 EF3 Zhongxin,2024 EF3 Zhongxin,Venezuela,Feidi
cntransit-335615666,Class First Cabin 2024 - Importacion desde China a Venezuela,"Economy 2024 · Class First Cabin · 15.833 km · White · Automatic · Disponible en Fujian. Vehiculo disponible para compradores en Venezuela, con inspeccion, documentos de exportacion y apoyo logistico de HainaAuto. Stock CN-335615666.",in stock,used,11420.66 USD,https://www.hainaautochina.com/vehicles/cntransit-335615666,https://www.hainaautochina.com/api/vehicle-image/cntransit/335615666/col_4e4ca0541a514eb2.jpg,Economy,"https://www.hainaautochina.com/api/vehicle-image/cntransit/335615666/col_3f9f7e5e7cb7c196.jpg,https://www.hainaautochina.com/api/vehicle-image/cntransit/335615666/col_b93986ec41f8e5e4.jpg,https://www.hainaautochina.com/api/vehicle-image/cntransit/335615666/col_37e9a7fb6c41c48f.jpg",Maquinaria y camiones > Class First Cabin,Class First Cabin,Venezuela,Economy
hainaauto-081324281,2024 View i7 2024 - Importacion desde China a Venezuela,"Foton 2024 · 2024 View i7 · 27.083 km · Beige · automatic · Disponible en Shandong. Vehiculo disponible para compradores en Venezuela, con inspeccion, documentos de exportacion y apoyo logistico de HainaAuto. Stock HA-081324281.",in stock,used,11470.70 USD,https://www.hainaautochina.com/vehicles/hainaauto-081324281,https://www.hainaautochina.com/api/vehicle-image/hainaauto/081324281/col_df5b22a9d2421e43.webp,Foton,"https://www.hainaautochina.com/api/vehicle-image/hainaauto/081324281/col_39818fd75c7ff4c5.webp,https://www.hainaautochina.com/api/vehicle-image/hainaauto/081324281/col_25c646dc6d4970c4.webp,https://www.hainaautochina.com/api/vehicle-image/hainaauto/081324281/col_59c508e75e6c8e73.webp",Maquinaria y camiones > 2024 View i7,2024 View i7,Venezuela,Foton
hainaauto-051824625,2024 Danna V1 2024 - Importacion desde China a Venezuela,"Changan 2024 · 2024 Danna V1 · 33.750 km · White · automatic · Disponible en Anhui. Vehiculo disponible para compradores en Venezuela, con inspeccion, documentos de exportacion y apoyo logistico de HainaAuto. Stock HA-051824625.",in stock,used,11487.38 USD,https://www.hainaautochina.com/vehicles/hainaauto-051824625,https://www.hainaautochina.com/api/vehicle-image/hainaauto/051824625/col_a3400d7a09f712a1.webp,Changan,"https://www.hainaautochina.com/api/vehicle-image/hainaauto/051824625/col_3d08c45b18cafd81.webp,https://www.hainaautochina.com/api/vehicle-image/hainaauto/051824625/col_43b8bcb8f6b0395c.webp,https://www.hainaautochina.com/api/vehicle-image/hainaauto/051824625/col_a6401370aa6243e8.webp",Maquinaria y camiones > 2024 Danna V1,2024 Danna V1,Venezuela,Changan
hainaauto-244313806,Mini Truck with 2024 - Importacion desde China a Venezuela,"Mitsubishi 2024 · Mini Truck with · 13.333 km · grey · automatic · Disponible en Shaanxi. Vehiculo disponible para compradores en Venezuela, con inspeccion, documentos de exportacion y apoyo logistico de HainaAuto. Stock HA-244313806.",in stock,used,11670.86 USD,https://www.hainaautochina.com/vehicles/hainaauto-244313806,https://www.hainaautochina.com/api/vehicle-image/hainaauto/244313806/col_fdeeadf9e33cd02c.webp,Mitsubishi,"https://www.hainaautochina.com/api/vehicle-image/hainaauto/244313806/col_f9ee4ba864ef61ab.webp,https://www.hainaautochina.com/api/vehicle-image/hainaauto/244313806/col_24afdc2b863f7daf.webp,https://www.hainaautochina.com/api/vehicle-image/hainaauto/244313806/col_0bcca6587e9a1a86.webp",Maquinaria y camiones > Mini Truck with,Mini Truck with,Venezuela,Mitsubishi
hainaauto-087244202,Enjoy V7E 48.38 2024 - Importacion desde China a Venezuela,"Star 2024 · Enjoy V7E 48.38 · 37.500 km · White · automatic · Disponible en Jiangsu. Vehiculo disponible para compradores en Venezuela, con inspeccion, documentos de exportacion y apoyo logistico de HainaAuto. Stock HA-087244202.",in stock,used,11987.78 USD,https://www.hainaautochina.com/vehicles/hainaauto-087244202,https://www.hainaautochina.com/api/vehicle-image/hainaauto/087244202/col_2ca01b342b876437.webp,Star,"https://www.hainaautochina.com/api/vehicle-image/hainaauto/087244202/col_2261ae0c18082959.webp,https://www.hainaautochina.com/api/vehicle-image/hainaauto/087244202/col_0271575ee8b90ff3.webp,https://www.hainaautochina.com/api/vehicle-image/hainaauto/087244202/col_6fb6779358bb0849.webp",Maquinaria y camiones > Enjoy V7E 48.38,Enjoy V7E 48.38,Venezuela,Star
hainaauto-144028975,HOWO Manual Transmission 2024 - Importacion desde China a Venezuela,"Sinotruk 2024 · HOWO Manual Transmission · 9.042 km · White · Manual · Disponible en Guangdong. Vehiculo disponible para compradores en Venezuela, con inspeccion, documentos de exportacion y apoyo logistico de HainaAuto. Stock HA-144028975.",in stock,used,12237.98 USD,https://www.hainaautochina.com/vehicles/hainaauto-144028975,https://www.hainaautochina.com/api/vehicle-image/hainaauto/144028975/col_7ef687923cd634d2.webp,Sinotruk,"https://www.hainaautochina.com/api/vehicle-image/hainaauto/144028975/col_55f9cba69a706a4e.webp,https://www.hainaautochina.com/api/vehicle-image/hainaauto/144028975/col_b35a32102194dc97.webp,https://www.hainaautochina.com/api/vehicle-image/hainaauto/144028975/col_faa685aa248429a3.webp",Maquinaria y camiones > HOWO Manual Transmission,HOWO Manual Transmission,Venezuela,Sinotruk
cntransit-59918129,Xintu V80 Manual 2024 - Importacion desde China a Venezuela,"Changjiang 2024 · Xintu V80 Manual · 25.000 km · White · Manual · Disponible en Anhui. Vehiculo disponible para compradores en Venezuela, con inspeccion, documentos de exportacion y apoyo logistico de HainaAuto. Stock CN-59918129.",in stock,used,12254.66 USD,https://www.hainaautochina.com/vehicles/cntransit-59918129,https://www.hainaautochina.com/api/vehicle-image/cntransit/59918129/col_d73a8ce5a7971203.jpg,Changjiang,"https://www.hainaautochina.com/api/vehicle-image/cntransit/59918129/col_1696a38164c8d067.jpg,https://www.hainaautochina.com/api/vehicle-image/cntransit/59918129/col_a52549b8773f75ed.jpg,https://www.hainaautochina.com/api/vehicle-image/cntransit/59918129/col_d59e9d3b243a2d48.jpg",Maquinaria y camiones > Xintu V80 Manual,Xintu V80 Manual,Venezuela,Changjiang
hainaauto-268720110,K3 2024 1.5L 2024 - Importacion desde China a Venezuela,"Kia 2024 · K3 2024 1.5L · 5.000 km · White · CVT continuously variable transmission (simulating 8 gears) · Disponible en Zhejiang. Vehiculo disponible para compradores en Venezuela, con inspeccion, documentos de exportacion y apoyo logistico de HainaAuto. Stock HA-268720110.",in stock,used,12321.38 USD,https://www.hainaautochina.com/vehicles/hainaauto-268720110,https://www.hainaautochina.com/api/vehicle-image/hainaauto/268720110/col_d4cc429b9e913584.webp,Kia,"https://www.hainaautochina.com/api/vehicle-image/hainaauto/268720110/col_e86130b45fca4ca7.webp,https://www.hainaautochina.com/api/vehicle-image/hainaauto/268720110/col_a7f7694e1186ea92.webp,https://www.hainaautochina.com/api/vehicle-image/hainaauto/268720110/col_6466dda9b063ba4a.webp",Sedanes y hatchbacks > K3 2024 1.5L,K3 2024 1.5L,Venezuela,Kia
cntransit-59429815,2024 Fengjing G7 2024 - Importacion desde China a Venezuela,"Foton 2024 · 2024 Fengjing G7 · 5.000 km · Gray · Automatic · Disponible en Beijing. Vehiculo disponible para compradores en Venezuela, con inspeccion, documentos de exportacion y apoyo logistico de HainaAuto. Stock CN-59429815.",in stock,used,12338.06 USD,https://www.hainaautochina.com/vehicles/cntransit-59429815,https://www.hainaautochina.com/api/vehicle-image/cntransit/59429815/col_c6b1c52a22e01075.jpg,Foton,"https://www.hainaautochina.com/api/vehicle-image/cntransit/59429815/col_56f43d19c39a3660.jpg,https://www.hainaautochina.com/api/vehicle-image/cntransit/59429815/col_52368934a53ae98a.jpg,https://www.hainaautochina.com/api/vehicle-image/cntransit/59429815/col_85dfbac479f49325.jpg",Maquinaria y camiones > 2024 Fengjing G7,2024 Fengjing G7,Venezuela,Foton
cntransit-007213530,Xiang X7 2024 2024 - Importacion desde China a Venezuela,"Xiao 2024 · Xiang X7 2024 · 41.250 km · Gray · Automatic · Disponible en Shanghai. Vehiculo disponible para compradores en Venezuela, con inspeccion, documentos de exportacion y apoyo logistico de HainaAuto. Stock CN-007213530.",in stock,used,12421.46 USD,https://www.hainaautochina.com/vehicles/cntransit-007213530,https://www.hainaautochina.com/api/vehicle-image/cntransit/007213530/col_74738efe487968ac.jpg,Xiao,"https://www.hainaautochina.com/api/vehicle-image/cntransit/007213530/col_4d68504aa1e81076.jpg,https://www.hainaautochina.com/api/vehicle-image/cntransit/007213530/col_db61e15bfbf68f55.jpg,https://www.hainaautochina.com/api/vehicle-image/cntransit/007213530/col_c97ed4c64d4f209b.jpg",Maquinaria y camiones > Xiang X7 2024,Xiang X7 2024,Venezuela,Xiao
hainaauto-875547799,Chufeng 2024 Model 2024 - Importacion desde China a Venezuela,"New 2024 · Chufeng 2024 Model · 2.917 km · Multicolor · automatic · Disponible en Beijing. Vehiculo disponible para compradores en Venezuela, con inspeccion, documentos de exportacion y apoyo logistico de HainaAuto. Stock HA-875547799.",in stock,used,12755.06 USD,https://www.hainaautochina.com/vehicles/hainaauto-875547799,https://www.hainaautochina.com/api/vehicle-image/hainaauto/875547799/col_eb609c15be06a8d4.webp,New,"https://www.hainaautochina.com/api/vehicle-image/hainaauto/875547799/col_2175ea7681bc3f9a.webp,https://www.hainaautochina.com/api/vehicle-image/hainaauto/875547799/col_1555dd2e666cdd83.webp,https://www.hainaautochina.com/api/vehicle-image/hainaauto/875547799/col_cf741c39cbc8ee03.webp",Maquinaria y camiones > Chufeng 2024 Model,Chufeng 2024 Model,Venezuela,New
hainaauto-025130671,2024 Da Na 2024 - Importacion desde China a Venezuela,"Changong 2024 · 2024 Da Na · 40.000 km · White · automatic · Disponible en Hebei. Vehiculo disponible para compradores en Venezuela, con inspeccion, documentos de exportacion y apoyo logistico de HainaAuto. Stock HA-025130671.",in stock,used,12821.78 USD,https://www.hainaautochina.com/vehicles/hainaauto-025130671,https://www.hainaautochina.com/api/vehicle-image/hainaauto/025130671/col_104a4cf984135afa.webp,Changong,"https://www.hainaautochina.com/api/vehicle-image/hainaauto/025130671/col_ad33259e412d8ad8.webp,https://www.hainaautochina.com/api/vehicle-image/hainaauto/025130671/col_5e7551e74eaf0337.webp,https://www.hainaautochina.com/api/vehicle-image/hainaauto/025130671/col_434dad7acbb78efd.webp",Maquinaria y camiones > 2024 Da Na,2024 Da Na,Venezuela,Changong
cntransit-207018246,2024 New Tu 2024 - Importacion desde China a Venezuela,"Changjiang 2024 · 2024 New Tu · 333 km · White · Manual · Disponible en Hunan. Vehiculo disponible para compradores en Venezuela, con inspeccion, documentos de exportacion y apoyo logistico de HainaAuto. Stock CN-207018246.",in stock,used,12838.46 USD,https://www.hainaautochina.com/vehicles/cntransit-207018246,https://www.hainaautochina.com/api/vehicle-image/cntransit/207018246/col_74bcd65b61d4f009.jpg,Changjiang,"https://www.hainaautochina.com/api/vehicle-image/cntransit/207018246/col_9efdb1e6cd5c2635.jpg,https://www.hainaautochina.com/api/vehicle-image/cntransit/207018246/col_50fc92db91ab8f34.jpg,https://www.hainaautochina.com/api/vehicle-image/cntransit/207018246/col_170e3065ac3eb9a0.jpg",Maquinaria y camiones > 2024 New Tu,2024 New Tu,Venezuela,Changjiang
cntransit-22243058,2024 Tuyao 2.0T 2024 - Importacion desde China a Venezuela,"Foton 2024 · 2024 Tuyao 2.0T · 25.000 km · Gray · Manual · Disponible en Jiangxi. Vehiculo disponible para compradores en Venezuela, con inspeccion, documentos de exportacion y apoyo logistico de HainaAuto. Stock CN-22243058.",in stock,used,13088.66 USD,https://www.hainaautochina.com/vehicles/cntransit-22243058,https://www.hainaautochina.com/api/vehicle-image/cntransit/22243058/col_decfacb412351bab.jpg,Foton,"https://www.hainaautochina.com/api/vehicle-image/cntransit/22243058/col_b51c93317ab2f4ec.jpg,https://www.hainaautochina.com/api/vehicle-image/cntransit/22243058/col_0ff3438d02cf1e6e.jpg,https://www.hainaautochina.com/api/vehicle-image/cntransit/22243058/col_12fc4ced649bc17c.jpg",Maquinaria y camiones > 2024 Tuyao 2.0T,2024 Tuyao 2.0T,Venezuela,Foton
hainaauto-712231048,KV100 Manual Transmission 2024 - Importacion desde China a Venezuela,"Isuzu 2024 · KV100 Manual Transmission · 29.167 km · White · Manual · Disponible en Guangdong. Vehiculo disponible para compradores en Venezuela, con inspeccion, documentos de exportacion y apoyo logistico de HainaAuto. Stock HA-712231048.",in stock,used,13088.66 USD,https://www.hainaautochina.com/vehicles/hainaauto-712231048,https://www.hainaautochina.com/api/vehicle-image/hainaauto/712231048/col_26b59f29bd8b87d1.webp,Isuzu,"https://www.hainaautochina.com/api/vehicle-image/hainaauto/712231048/col_2d8aad5819dd906b.webp,https://www.hainaautochina.com/api/vehicle-image/hainaauto/712231048/col_dc648892715e5ae2.webp,https://www.hainaautochina.com/api/vehicle-image/hainaauto/712231048/col_37aa66fd935286e3.webp",Maquinaria y camiones > KV100 Manual Transmission,KV100 Manual Transmission,Venezuela,Isuzu
hainaauto-140717005,2024 Starlight 6 2024 - Importacion desde China a Venezuela,"JAC 2024 · 2024 Starlight 6 · 58.333 km · grey · Manual · Disponible en Henan. Vehiculo disponible para compradores en Venezuela, con inspeccion, documentos de exportacion y apoyo logistico de HainaAuto. Stock HA-140717005.",in stock,used,13155.38 USD,https://www.hainaautochina.com/vehicles/hainaauto-140717005,https://www.hainaautochina.com/api/vehicle-image/hainaauto/140717005/col_e27b9154b60150fd.webp,JAC,"https://www.hainaautochina.com/api/vehicle-image/hainaauto/140717005/col_7f8b94d04ab28c88.webp,https://www.hainaautochina.com/api/vehicle-image/hainaauto/140717005/col_dd8e07730c20d887.webp,https://www.hainaautochina.com/api/vehicle-image/hainaauto/140717005/col_b00f226b3c40d7e9.webp",Maquinaria y camiones > 2024 Starlight 6,2024 Starlight 6,Venezuela,JAC
hainaauto-272228302,V90 2024 Smart 2024 - Importacion desde China a Venezuela,"Xintu 2024 · V90 2024 Smart · 19.583 km · White · 6-speed manual · Disponible en Shanghai. Vehiculo disponible para compradores en Venezuela, con inspeccion, documentos de exportacion y apoyo logistico de HainaAuto. Stock HA-272228302.",in stock,used,13255.46 USD,https://www.hainaautochina.com/vehicles/hainaauto-272228302,https://www.hainaautochina.com/api/vehicle-image/hainaauto/272228302/col_164c1f674f3c8833.webp,Xintu,"https://www.hainaautochina.com/api/vehicle-image/hainaauto/272228302/col_8c5acc5b1ca19df4.webp,https://www.hainaautochina.com/api/vehicle-image/hainaauto/272228302/col_4fac41e9315de02d.webp,https://www.hainaautochina.com/api/vehicle-image/hainaauto/272228302/col_481e223938ee438a.webp",Maquinaria y camiones > V90 2024 Smart,V90 2024 Smart,Venezuela,Xintu
hainaauto-595228463,2024 Starry 2.0T 2024 - Importacion desde China a Venezuela,"JAC 2024 · 2024 Starry 2.0T · 33.333 km · White · Manual · Disponible en Hebei. Vehiculo disponible para compradores en Venezuela, con inspeccion, documentos de exportacion y apoyo logistico de HainaAuto. Stock HA-595228463.",in stock,used,13255.46 USD,https://www.hainaautochina.com/vehicles/hainaauto-595228463,https://www.hainaautochina.com/api/vehicle-image/hainaauto/595228463/col_508548f5a752afc2.webp,JAC,"https://www.hainaautochina.com/api/vehicle-image/hainaauto/595228463/col_f0652430f388fa55.webp,https://www.hainaautochina.com/api/vehicle-image/hainaauto/595228463/col_fbfb490503150a02.webp,https://www.hainaautochina.com/api/vehicle-image/hainaauto/595228463/col_e489cc968e0957d3.webp",Maquinaria y camiones > 2024 Starry 2.0T,2024 Starry 2.0T,Venezuela,JAC
hainaauto-780223359,2024 DaNa V1 2024 - Importacion desde China a Venezuela,"Maxus 2024 · 2024 DaNa V1 · 26.250 km · Beige · automatic · Disponible en Anhui. Vehiculo disponible para compradores en Venezuela, con inspeccion, documentos de exportacion y apoyo logistico de HainaAuto. Stock HA-780223359.",in stock,used,13338.86 USD,https://www.hainaautochina.com/vehicles/hainaauto-780223359,https://www.hainaautochina.com/api/vehicle-image/hainaauto/780223359/col_4ec3b0de1ff054ab.webp,Maxus,"https://www.hainaautochina.com/api/vehicle-image/hainaauto/780223359/col_d55829a58edda00c.webp,https://www.hainaautochina.com/api/vehicle-image/hainaauto/780223359/col_96184889b2af7ca4.webp,https://www.hainaautochina.com/api/vehicle-image/hainaauto/780223359/col_9072980c37f7b390.webp",Maquinaria y camiones > 2024 DaNa V1,2024 DaNa V1,Venezuela,Maxus
hainaauto-026026542,2024 T5L EV 2024 - Importacion desde China a Venezuela,"Xinyuan 2024 · 2024 T5L EV · 7.917 km · grey · automatic · Disponible en Fujian. Vehiculo disponible para compradores en Venezuela, con inspeccion, documentos de exportacion y apoyo logistico de HainaAuto. Stock HA-026026542.",in stock,used,13488.98 USD,https://www.hainaautochina.com/vehicles/hainaauto-026026542,https://www.hainaautochina.com/api/vehicle-image/hainaauto/026026542/col_979883d7299322a9.webp,Xinyuan,"https://www.hainaautochina.com/api/vehicle-image/hainaauto/026026542/col_727f8707654512a4.webp,https://www.hainaautochina.com/api/vehicle-image/hainaauto/026026542/col_dcd4772169c8f190.webp,https://www.hainaautochina.com/api/vehicle-image/hainaauto/026026542/col_4630148bfc015cc7.webp",Maquinaria y camiones > 2024 T5L EV,2024 T5L EV,Venezuela,Xinyuan
hainaauto-534818620,2024 Tuano 2.0T 2024 - Importacion desde China a Venezuela,"Foton 2024 · 2024 Tuano 2.0T · 2.500 km · White · automatic · Disponible en Yunnan. Vehiculo disponible para compradores en Venezuela, con inspeccion, documentos de exportacion y apoyo logistico de HainaAuto. Stock HA-534818620.",in stock,used,13488.98 USD,https://www.hainaautochina.com/vehicles/hainaauto-534818620,https://www.hainaautochina.com/api/vehicle-image/hainaauto/534818620/col_8f4055c9b21b22af.webp,Foton,"https://www.hainaautochina.com/api/vehicle-image/hainaauto/534818620/col_f26e8ba44356d8db.webp,https://www.hainaautochina.com/api/vehicle-image/hainaauto/534818620/col_e794c933c5a8a008.webp,https://www.hainaautochina.com/api/vehicle-image/hainaauto/534818620/col_2e6faf8951b9f6e0.webp",Maquinaria y camiones > 2024 Tuano 2.0T,2024 Tuano 2.0T,Venezuela,Foton
hainaauto-566819555,2024 Fushun 2.0T 2024 - Importacion desde China a Venezuela,"Jiangling 2024 · 2024 Fushun 2.0T · 11.250 km · Multicolor · automatic · Disponible en Fujian. Vehiculo disponible para compradores en Venezuela, con inspeccion, documentos de exportacion y apoyo logistico de HainaAuto. Stock HA-566819555.",in stock,used,13488.98 USD,https://www.hainaautochina.com/vehicles/hainaauto-566819555,https://www.hainaautochina.com/api/vehicle-image/hainaauto/566819555/col_425c7719d542212a.webp,Jiangling,"https://www.hainaautochina.com/api/vehicle-image/hainaauto/566819555/col_3396120f76adaf96.webp,https://www.hainaautochina.com/api/vehicle-image/hainaauto/566819555/col_ef22ce159bb6c2a6.webp,https://www.hainaautochina.com/api/vehicle-image/hainaauto/566819555/col_86dc8964a76eedb3.webp",Maquinaria y camiones > 2024 Fushun 2.0T,2024 Fushun 2.0T,Venezuela,Jiangling
cntransit-224515069,2024 Time Pioneer 2024 - Importacion desde China a Venezuela,"Foton 2024 · 2024 Time Pioneer · 8.750 km · White · Automatic · Disponible en Shandong. Vehiculo disponible para compradores en Venezuela, con inspeccion, documentos de exportacion y apoyo logistico de HainaAuto. Stock CN-224515069.",in stock,used,13572.38 USD,https://www.hainaautochina.com/vehicles/cntransit-224515069,https://www.hainaautochina.com/api/vehicle-image/cntransit/224515069/col_e643e0e0917a03a4.jpg,Foton,"https://www.hainaautochina.com/api/vehicle-image/cntransit/224515069/col_d2c0ace8883d3277.jpg,https://www.hainaautochina.com/api/vehicle-image/cntransit/224515069/col_cb0cba13ba525e9b.jpg,https://www.hainaautochina.com/api/vehicle-image/cntransit/224515069/col_a1c143e8325a23ba.jpg",Maquinaria y camiones > 2024 Time Pioneer,2024 Time Pioneer,Venezuela,Foton
cntransit-915917554,2024 Fit 1.5 2024 - Importacion desde China a Venezuela,"Honda 2024 · 2024 Fit 1.5 · 3.750 km · White · Automatic · Disponible en Guangdong. Vehiculo disponible para compradores en Venezuela, con inspeccion, documentos de exportacion y apoyo logistico de HainaAuto. Stock CN-915917554.",in stock,used,13572.38 USD,https://www.hainaautochina.com/vehicles/cntransit-915917554,https://www.hainaautochina.com/api/vehicle-image/cntransit/915917554/col_2f94571e275e09dc.jpg,Honda,"https://www.hainaautochina.com/api/vehicle-image/cntransit/915917554/col_8a44e7f667b6b31e.jpg,https://www.hainaautochina.com/api/vehicle-image/cntransit/915917554/col_ab6b2eff5bfcce3a.jpg,https://www.hainaautochina.com/api/vehicle-image/cntransit/915917554/col_bd61a48c119148cc.jpg",Sedanes y hatchbacks > 2024 Fit 1.5,2024 Fit 1.5,Venezuela,Honda
cntransit-579914231,Tractor Truck Manual 2024 - Importacion desde China a Venezuela,"Jiangling 2024 · Tractor Truck Manual · 16.667 km · Yellow · Manual · Disponible en Guangdong. Vehiculo disponible para compradores en Venezuela, con inspeccion, documentos de exportacion y apoyo logistico de HainaAuto. Stock CN-579914231.",in stock,used,13672.46 USD,https://www.hainaautochina.com/vehicles/cntransit-579914231,https://www.hainaautochina.com/api/vehicle-image/cntransit/579914231/col_aff20e5e804199eb.jpg,Jiangling,"https://www.hainaautochina.com/api/vehicle-image/cntransit/579914231/col_73a832d524fdb2f9.jpg,https://www.hainaautochina.com/api/vehicle-image/cntransit/579914231/col_cab95f85541e87fc.jpg,https://www.hainaautochina.com/api/vehicle-image/cntransit/579914231/col_d376e53ab7acbd38.jpg",Maquinaria y camiones > Tractor Truck Manual,Tractor Truck Manual,Venezuela,Jiangling
hainaauto-617930296,2024 Little Elephant 2024 - Importacion desde China a Venezuela,"Kairui 2024 · 2024 Little Elephant · 7.917 km · grey · automatic · Disponible en Jiangsu. Vehiculo disponible para compradores en Venezuela, con inspeccion, documentos de exportacion y apoyo logistico de HainaAuto. Stock HA-617930296.",in stock,used,13739.18 USD,https://www.hainaautochina.com/vehicles/hainaauto-617930296,https://www.hainaautochina.com/api/vehicle-image/hainaauto/617930296/col_cad4156a5bfeb005.webp,Kairui,"https://www.hainaautochina.com/api/vehicle-image/hainaauto/617930296/col_3089cbfcc6238fcd.webp,https://www.hainaautochina.com/api/vehicle-image/hainaauto/617930296/col_63ec1bcf1715e131.webp,https://www.hainaautochina.com/api/vehicle-image/hainaauto/617930296/col_2fdcc4514a68ff17.webp",Maquinaria y camiones > 2024 Little Elephant,2024 Little Elephant,Venezuela,Kairui
cntransit-66088342,2024 Fengjing Zhilan 2024 - Importacion desde China a Venezuela,"Foton 2024 · 2024 Fengjing Zhilan · 33.333 km · White · Automatic · Disponible en Fujian. Vehiculo disponible para compradores en Venezuela, con inspeccion, documentos de exportacion y apoyo logistico de HainaAuto. Stock CN-66088342.",in stock,used,13755.86 USD,https://www.hainaautochina.com/vehicles/cntransit-66088342,https://www.hainaautochina.com/api/vehicle-image/cntransit/66088342/col_a1ab824fabb522e9.jpg,Foton,"https://www.hainaautochina.com/api/vehicle-image/cntransit/66088342/col_bf0f88b51c979ae0.jpg,https://www.hainaautochina.com/api/vehicle-image/cntransit/66088342/col_2adf4fd4dc64d5fc.jpg,https://www.hainaautochina.com/api/vehicle-image/cntransit/66088342/col_413662a772f970d5.jpg",Maquinaria y camiones > 2024 Fengjing Zhilan,2024 Fengjing Zhilan,Venezuela,Foton
hainaauto-327814126,2024 DeYi 2.5T 2024 - Importacion desde China a Venezuela,"Iveco 2024 · 2024 DeYi 2.5T · 8.333 km · White · automatic · Disponible en Hubei. Vehiculo disponible para compradores en Venezuela, con inspeccion, documentos de exportacion y apoyo logistico de HainaAuto. Stock HA-327814126.",in stock,used,13905.98 USD,https://www.hainaautochina.com/vehicles/hainaauto-327814126,https://www.hainaautochina.com/api/vehicle-image/hainaauto/327814126/col_56d3c3c3743db23c.webp,Iveco,"https://www.hainaautochina.com/api/vehicle-image/hainaauto/327814126/col_e05a026bd7d3deeb.webp,https://www.hainaautochina.com/api/vehicle-image/hainaauto/327814126/col_4c44c042e14e8201.webp,https://www.hainaautochina.com/api/vehicle-image/hainaauto/327814126/col_98cc2afe7fef4f6b.webp",Maquinaria y camiones > 2024 DeYi 2.5T,2024 DeYi 2.5T,Venezuela,Iveco
hainaauto-947116420,2024 Tuano 2.5T 2024 - Importacion desde China a Venezuela,"Foton 2024 · 2024 Tuano 2.5T · 34.583 km · White · Manual · Disponible en Shandong. Vehiculo disponible para compradores en Venezuela, con inspeccion, documentos de exportacion y apoyo logistico de HainaAuto. Stock HA-947116420.",in stock,used,13905.98 USD,https://www.hainaautochina.com/vehicles/hainaauto-947116420,https://www.hainaautochina.com/api/vehicle-image/hainaauto/947116420/col_c98ef355a746d1e7.webp,Foton,"https://www.hainaautochina.com/api/vehicle-image/hainaauto/947116420/col_9d0b73ff513913ec.webp,https://www.hainaautochina.com/api/vehicle-image/hainaauto/947116420/col_ede997c87b21d478.webp,https://www.hainaautochina.com/api/vehicle-image/hainaauto/947116420/col_dec18a43a7870458.webp",Maquinaria y camiones > 2024 Tuano 2.5T,2024 Tuano 2.5T,Venezuela,Foton
hainaauto-753751074,V80 New Energy 2024 - Importacion desde China a Venezuela,"Changjiang 2024 · V80 New Energy · 25.000 km · White · Manual · Disponible en Inner Mongolia. Vehiculo disponible para compradores en Venezuela, con inspeccion, documentos de exportacion y apoyo logistico de HainaAuto. Stock HA-753751074.",in stock,used,14172.86 USD,https://www.hainaautochina.com/vehicles/hainaauto-753751074,https://www.hainaautochina.com/api/vehicle-image/hainaauto/753751074/col_ea7a1020cb7bd5eb.webp,Changjiang,"https://www.hainaautochina.com/api/vehicle-image/hainaauto/753751074/col_1a8473b35eaf1cba.webp,https://www.hainaautochina.com/api/vehicle-image/hainaauto/753751074/col_2578d5877cb6373d.webp,https://www.hainaautochina.com/api/vehicle-image/hainaauto/753751074/col_d3efb58949de2dc2.webp",Maquinaria y camiones > V80 New Energy,V80 New Energy,Venezuela,Changjiang
hainaauto-463630842,2024 Tiger VR 2024 - Importacion desde China a Venezuela,"Jiefang 2024 · 2024 Tiger VR · 6.250 km · Multicolor · Manual · Disponible en Shandong. Vehiculo disponible para compradores en Venezuela, con inspeccion, documentos de exportacion y apoyo logistico de HainaAuto. Stock HA-463630842.",in stock,used,15323.78 USD,https://www.hainaautochina.com/vehicles/hainaauto-463630842,https://www.hainaautochina.com/api/vehicle-image/hainaauto/463630842/col_58f3470f7b0ad3bc.webp,Jiefang,"https://www.hainaautochina.com/api/vehicle-image/hainaauto/463630842/col_7dda7a7298c3cc27.webp,https://www.hainaautochina.com/api/vehicle-image/hainaauto/463630842/col_1700766571d3fed2.webp,https://www.hainaautochina.com/api/vehicle-image/hainaauto/463630842/col_a46d2cc78ed6aef3.webp",Maquinaria y camiones > 2024 Tiger VR,2024 Tiger VR,Venezuela,Jiefang
cntransit-680717099,2024 Tuyao 2.5T 2024 - Importacion desde China a Venezuela,"Foton 2024 · 2024 Tuyao 2.5T · 41.667 km · Gray · Manual · Disponible en Henan. Vehiculo disponible para compradores en Venezuela, con inspeccion, documentos de exportacion y apoyo logistico de HainaAuto. Stock CN-680717099.",in stock,used,15340.46 USD,https://www.hainaautochina.com/vehicles/cntransit-680717099,https://www.hainaautochina.com/api/vehicle-image/cntransit/680717099/col_4955341b0b13685d.jpg,Foton,"https://www.hainaautochina.com/api/vehicle-image/cntransit/680717099/col_959bb9cec88870dc.jpg,https://www.hainaautochina.com/api/vehicle-image/cntransit/680717099/col_6419c20972b5d31f.jpg,https://www.hainaautochina.com/api/vehicle-image/cntransit/680717099/col_1768aa32fd497575.jpg",Maquinaria y camiones > 2024 Tuyao 2.5T,2024 Tuyao 2.5T,Venezuela,Foton
cntransit-466217406,2024 EV70 EV 2024 - Importacion desde China a Venezuela,"Changjiang 2024 · 2024 EV70 EV · 2.500 km · Multicolor · Automatic · Disponible en Henan. Vehiculo disponible para compradores en Venezuela, con inspeccion, documentos de exportacion y apoyo logistico de HainaAuto. Stock CN-466217406.",in stock,used,15407.18 USD,https://www.hainaautochina.com/vehicles/cntransit-466217406,https://www.hainaautochina.com/api/vehicle-image/cntransit/466217406/col_4f44605ca45c89f5.jpg,Changjiang,"https://www.hainaautochina.com/api/vehicle-image/cntransit/466217406/col_feb5ba522e360b9c.jpg,https://www.hainaautochina.com/api/vehicle-image/cntransit/466217406/col_c1952b65dd422f60.jpg,https://www.hainaautochina.com/api/vehicle-image/cntransit/466217406/col_9edc981330d5e76a.jpg",Maquinaria y camiones > 2024 EV70 EV,2024 EV70 EV,Venezuela,Changjiang
cntransit-310317431,2024 Xingrui 2.5T 2024 - Importacion desde China a Venezuela,"JAC 2024 · 2024 Xingrui 2.5T · 20.833 km · Gray · Manual · Disponible en Hebei. Vehiculo disponible para compradores en Venezuela, con inspeccion, documentos de exportacion y apoyo logistico de HainaAuto. Stock CN-310317431.",in stock,used,15757.46 USD,https://www.hainaautochina.com/vehicles/cntransit-310317431,https://www.hainaautochina.com/api/vehicle-image/cntransit/310317431/col_4480c3e83a3e9eb8.jpg,JAC,"https://www.hainaautochina.com/api/vehicle-image/cntransit/310317431/col_f7bf8d40fda8833a.jpg,https://www.hainaautochina.com/api/vehicle-image/cntransit/310317431/col_c8b31d934304e04b.jpg,https://www.hainaautochina.com/api/vehicle-image/cntransit/310317431/col_55ef4c1073220779.jpg",Maquinaria y camiones > 2024 Xingrui 2.5T,2024 Xingrui 2.5T,Venezuela,JAC
cntransit-397215398,V 2024 Model 2024 - Importacion desde China a Venezuela,"Pioneer 2024 · V 2024 Model · 5.833 km · Black · 8-speed automatic · Disponible en Henan. Vehiculo disponible para compradores en Venezuela, con inspeccion, documentos de exportacion y apoyo logistico de HainaAuto. Stock CN-397215398.",in stock,used,16007.66 USD,https://www.hainaautochina.com/vehicles/cntransit-397215398,https://www.hainaautochina.com/api/vehicle-image/cntransit/397215398/col_a901725151c0a4bb.jpg,Pioneer,"https://www.hainaautochina.com/api/vehicle-image/cntransit/397215398/col_a95284c62de29873.jpg,https://www.hainaautochina.com/api/vehicle-image/cntransit/397215398/col_0951d34c6c306eae.jpg,https://www.hainaautochina.com/api/vehicle-image/cntransit/397215398/col_9a0c1e503ad03beb.jpg",Maquinaria y camiones > V 2024 Model,V 2024 Model,Venezuela,Pioneer
cntransit-337018061,V90 2024 Model 2024 - Importacion desde China a Venezuela,"Xintu 2024 · V90 2024 Model · 4.167 km · White · 6-speed manual · Disponible en Liaoning. Vehiculo disponible para compradores en Venezuela, con inspeccion, documentos de exportacion y apoyo logistico de HainaAuto. Stock CN-337018061.",in stock,used,16574.78 USD,https://www.hainaautochina.com/vehicles/cntransit-337018061,https://www.hainaautochina.com/api/vehicle-image/cntransit/337018061/col_5f102c1382def706.jpg,Xintu,"https://www.hainaautochina.com/api/vehicle-image/cntransit/337018061/col_72c1c0cc818b5dd4.jpg,https://www.hainaautochina.com/api/vehicle-image/cntransit/337018061/col_c98fa2aa7e397a1c.jpg,https://www.hainaautochina.com/api/vehicle-image/cntransit/337018061/col_21c91925d79baeab.jpg",Maquinaria y camiones > V90 2024 Model,V90 2024 Model,Venezuela,Xintu
hainaauto-368842862,Xintu V70 2024 2024 - Importacion desde China a Venezuela,"Changong 2024 · Xintu V70 2024 · 2.083 km · black · automatic · Disponible en Guangdong. Vehiculo disponible para compradores en Venezuela, con inspeccion, documentos de exportacion y apoyo logistico de HainaAuto. Stock HA-368842862.",in stock,used,16824.98 USD,https://www.hainaautochina.com/vehicles/hainaauto-368842862,https://www.hainaautochina.com/api/vehicle-image/hainaauto/368842862/col_906f545ce03816ca.webp,Changong,"https://www.hainaautochina.com/api/vehicle-image/hainaauto/368842862/col_995b9a32a455ad8b.webp,https://www.hainaautochina.com/api/vehicle-image/hainaauto/368842862/col_2dd0544d425408fd.webp,https://www.hainaautochina.com/api/vehicle-image/hainaauto/368842862/col_c5138316381eba38.webp",Maquinaria y camiones > Xintu V70 2024,Xintu V70 2024,Venezuela,Changong
cntransit-02137079,2024 Super VAN 2024 - Importacion desde China a Venezuela,"Remote 2024 · 2024 Super VAN · 12.500 km · Multicolor · Automatic · Disponible en Jiangxi. Vehiculo disponible para compradores en Venezuela, con inspeccion, documentos de exportacion y apoyo logistico de HainaAuto. Stock CN-02137079.",in stock,used,17008.46 USD,https://www.hainaautochina.com/vehicles/cntransit-02137079,https://www.hainaautochina.com/api/vehicle-image/cntransit/02137079/col_0cc21da68aa6e7d1.jpg,Remote,"https://www.hainaautochina.com/api/vehicle-image/cntransit/02137079/col_16a5151e815bd033.jpg,https://www.hainaautochina.com/api/vehicle-image/cntransit/02137079/col_355243d1e2e7a023.jpg,https://www.hainaautochina.com/api/vehicle-image/cntransit/02137079/col_9520a56e4d47a452.jpg",Maquinaria y camiones > 2024 Super VAN,2024 Super VAN,Venezuela,Remote
hainaauto-924033527,2024 Omako EST 2024 - Importacion desde China a Venezuela,"Foton 2024 · 2024 Omako EST · 12.500 km · black · automatic · Disponible en Fujian. Vehiculo disponible para compradores en Venezuela, con inspeccion, documentos de exportacion y apoyo logistico de HainaAuto. Stock HA-924033527.",in stock,used,17008.46 USD,https://www.hainaautochina.com/vehicles/hainaauto-924033527,https://www.hainaautochina.com/api/vehicle-image/hainaauto/924033527/col_28edda7b6c7ae54b.webp,Foton,"https://www.hainaautochina.com/api/vehicle-image/hainaauto/924033527/col_c74a4e6b7ada329e.webp,https://www.hainaautochina.com/api/vehicle-image/hainaauto/924033527/col_01b25547de069f77.webp,https://www.hainaautochina.com/api/vehicle-image/hainaauto/924033527/col_0a1a0c36f3e33899.webp",Maquinaria y camiones > 2024 Omako EST,2024 Omako EST,Venezuela,Foton
cntransit-25517972,2024 Pioneer V 2024 - Importacion desde China a Venezuela,"Sinotruk 2024 · 2024 Pioneer V · 3.750 km · Black · Automatic · Disponible en Ningxia. Vehiculo disponible para compradores en Venezuela, con inspeccion, documentos de exportacion y apoyo logistico de HainaAuto. Stock CN-25517972.",in stock,used,17258.66 USD,https://www.hainaautochina.com/vehicles/cntransit-25517972,https://www.hainaautochina.com/api/vehicle-image/cntransit/25517972/col_a2cc2009c66dc252.jpg,Sinotruk,"https://www.hainaautochina.com/api/vehicle-image/cntransit/25517972/col_2aa853b4194c5617.jpg,https://www.hainaautochina.com/api/vehicle-image/cntransit/25517972/col_0df965d4ffad0e08.jpg,https://www.hainaautochina.com/api/vehicle-image/cntransit/25517972/col_38dc911fa485ed2e.jpg",Maquinaria y camiones > 2024 Pioneer V,2024 Pioneer V,Venezuela,Sinotruk
hainaauto-373117187,Range Super VAN 2024 - Importacion desde China a Venezuela,"Long 2024 · Range Super VAN · 30.000 km · White · automatic · Disponible en Guangxi. Vehiculo disponible para compradores en Venezuela, con inspeccion, documentos de exportacion y apoyo logistico de HainaAuto. Stock HA-373117187.",in stock,used,17342.06 USD,https://www.hainaautochina.com/vehicles/hainaauto-373117187,https://www.hainaautochina.com/api/vehicle-image/hainaauto/373117187/col_2d8b13d24ca62bbd.webp,Long,"https://www.hainaautochina.com/api/vehicle-image/hainaauto/373117187/col_5d80736ce17b85cb.webp,https://www.hainaautochina.com/api/vehicle-image/hainaauto/373117187/col_963f3fcb2c5e3014.webp,https://www.hainaautochina.com/api/vehicle-image/hainaauto/373117187/col_aab1b55a862835f7.webp",Maquinaria y camiones > Range Super VAN,Range Super VAN,Venezuela,Long
hainaauto-564742503,"Transit, New Ford 2024 - Importacion desde China a Venezuela","Ford 2024 · Transit, New Ford · 12.500 km · White · automatic · Disponible en Shandong. Vehiculo disponible para compradores en Venezuela, con inspeccion, documentos de exportacion y apoyo logistico de HainaAuto. Stock HA-564742503.",in stock,used,17658.98 USD,https://www.hainaautochina.com/vehicles/hainaauto-564742503,https://www.hainaautochina.com/api/vehicle-image/hainaauto/564742503/col_5c8ac7b386ba17d1.webp,Ford,"https://www.hainaautochina.com/api/vehicle-image/hainaauto/564742503/col_379835579c2080b5.webp,https://www.hainaautochina.com/api/vehicle-image/hainaauto/564742503/col_4da02ee32d787da4.webp,https://www.hainaautochina.com/api/vehicle-image/hainaauto/564742503/col_6ff6eb37423c5433.webp","Maquinaria y camiones > Transit, New Ford","Transit, New Ford",Venezuela,Ford
cntransit-462019053,2024 Odyssey Hybrid 2024 - Importacion desde China a Venezuela,"Honda 2024 · 2024 Odyssey Hybrid · 29.167 km · Black · Automatic · Disponible en Zhejiang. Vehiculo disponible para compradores en Venezuela, con inspeccion, documentos de exportacion y apoyo logistico de HainaAuto. Stock CN-462019053.",in stock,used,17842.46 USD,https://www.hainaautochina.com/vehicles/cntransit-462019053,https://www.hainaautochina.com/api/vehicle-image/cntransit/462019053/col_9a38a076c938feef.jpg,Honda,"https://www.hainaautochina.com/api/vehicle-image/cntransit/462019053/col_ea574fdc7b46b306.jpg,https://www.hainaautochina.com/api/vehicle-image/cntransit/462019053/col_979b19ded2084a5a.jpg,https://www.hainaautochina.com/api/vehicle-image/cntransit/462019053/col_580d3b3f21cf5f3d.jpg",Vehiculos comerciales y familiares > 2024 Odyssey Hybrid,2024 Odyssey Hybrid,Venezuela,Honda
hainaauto-477451076,A5 (Imported) 2024 2024 - Importacion desde China a Venezuela,"Audi 2024 · A5 (Imported) 2024 · 5.833 km · green · automatic · Disponible en Guangdong. Vehiculo disponible para compradores en Venezuela, con inspeccion, documentos de exportacion y apoyo logistico de HainaAuto. Stock HA-477451076.",in stock,used,20661.38 USD,https://www.hainaautochina.com/vehicles/hainaauto-477451076,https://www.hainaautochina.com/api/vehicle-image/hainaauto/477451076/col_f1aca985e1c9dfee.webp,Audi,"https://www.hainaautochina.com/api/vehicle-image/hainaauto/477451076/col_6eae7433bf75d4e3.webp,https://www.hainaautochina.com/api/vehicle-image/hainaauto/477451076/col_44305b4b77852ec2.webp,https://www.hainaautochina.com/api/vehicle-image/hainaauto/477451076/col_3cb596667c4790db.webp",Superautos y deportivos > A5 (Imported) 2024,A5 (Imported) 2024,Venezuela,Audi
hainaauto-190149661,Truck: Yutong T5 2024 - Importacion desde China a Venezuela,"Yutong 2024 · Truck: Yutong T5 · 16.667 km · blue · automatic · Disponible en Jiangxi. Vehiculo disponible para compradores en Venezuela, con inspeccion, documentos de exportacion y apoyo logistico de HainaAuto. Stock HA-190149661.",in stock,used,20678.06 USD,https://www.hainaautochina.com/vehicles/hainaauto-190149661,https://www.hainaautochina.com/api/vehicle-image/hainaauto/190149661/col_1d68a933269849ce.webp,Yutong,"https://www.hainaautochina.com/api/vehicle-image/hainaauto/190149661/col_6e844d03971e49d2.webp,https://www.hainaautochina.com/api/vehicle-image/hainaauto/190149661/col_84758d605050f286.webp,https://www.hainaautochina.com/api/vehicle-image/hainaauto/190149661/col_9b31a8bd5577efee.webp",Maquinaria y camiones > Truck: Yutong T5,Truck: Yutong T5,Venezuela,Yutong
cntransit-14348083,D7 3.0T Manual 2024 - Importacion desde China a Venezuela,"Yutong 2024 · D7 3.0T Manual · 25.833 km · Blue · Manual · Disponible en Hunan. Vehiculo disponible para compradores en Venezuela, con inspeccion, documentos de exportacion y apoyo logistico de HainaAuto. Stock CN-14348083.",in stock,used,23163.38 USD,https://www.hainaautochina.com/vehicles/cntransit-14348083,https://www.hainaautochina.com/api/vehicle-image/cntransit/14348083/col_b267fb0ec0ac61d6.jpg,Yutong,"https://www.hainaautochina.com/api/vehicle-image/cntransit/14348083/col_4a03ae2e8bcfbcea.jpg,https://www.hainaautochina.com/api/vehicle-image/cntransit/14348083/col_fc1e1a6e67dc984f.jpg,https://www.hainaautochina.com/api/vehicle-image/cntransit/14348083/col_c0be57a4baec3a98.jpg",Maquinaria y camiones > D7 3.0T Manual,D7 3.0T Manual,Venezuela,Yutong
hainaauto-454524596,"Cyberster 580km ""Transcendent 2024 - Importacion desde China a Venezuela","MG 2024 · Cyberster 580km ""Transcendent · 1.250 km · red · automatic · Disponible en Guangdong. Vehiculo disponible para compradores en Venezuela, con inspeccion, documentos de exportacion y apoyo logistico de HainaAuto. Stock HA-454524596.",in stock,used,25682.06 USD,https://www.hainaautochina.com/vehicles/hainaauto-454524596,https://www.hainaautochina.com/api/vehicle-image/hainaauto/454524596/col_5d61d9d55e809e8e.webp,MG,"https://www.hainaautochina.com/api/vehicle-image/hainaauto/454524596/col_6f803df76f6a7e3d.webp,https://www.hainaautochina.com/api/vehicle-image/hainaauto/454524596/col_d0ada851bf943a96.webp,https://www.hainaautochina.com/api/vehicle-image/hainaauto/454524596/col_37177036b5296ac3.webp","Superautos y deportivos > Cyberster 580km ""Transcendent","Cyberster 580km ""Transcendent",Venezuela,MG
hainaauto-394618655,Cyberster 2024 520km 2024 - Importacion desde China a Venezuela,"MG 2024 · Cyberster 2024 520km · 2.083 km · Beige · automatic · Disponible en Sichuan. Vehiculo disponible para compradores en Venezuela, con inspeccion, documentos de exportacion y apoyo logistico de HainaAuto. Stock HA-394618655.",in stock,used,27249.98 USD,https://www.hainaautochina.com/vehicles/hainaauto-394618655,https://www.hainaautochina.com/api/vehicle-image/hainaauto/394618655/col_7bf107b44810b92c.webp,MG,"https://www.hainaautochina.com/api/vehicle-image/hainaauto/394618655/col_c91f764d5f04c9d5.webp,https://www.hainaautochina.com/api/vehicle-image/hainaauto/394618655/col_703b7901366d6d9f.webp,https://www.hainaautochina.com/api/vehicle-image/hainaauto/394618655/col_dfe47322ef3cfd8b.webp",Superautos y deportivos > Cyberster 2024 520km,Cyberster 2024 520km,Venezuela,MG
hainaauto-036930592,M2 (Imported) 2024 2024 - Importacion desde China a Venezuela,"BMW 2024 · M2 (Imported) 2024 · 12.500 km · blue · automatic · Disponible en Anhui. Vehiculo disponible para compradores en Venezuela, con inspeccion, documentos de exportacion y apoyo logistico de HainaAuto. Stock HA-036930592.",in stock,used,28017.26 USD,https://www.hainaautochina.com/vehicles/hainaauto-036930592,https://www.hainaautochina.com/api/vehicle-image/hainaauto/036930592/col_d81ed2e27f51dbbc.webp,BMW,"https://www.hainaautochina.com/api/vehicle-image/hainaauto/036930592/col_2b697fb9d519ba66.webp,https://www.hainaautochina.com/api/vehicle-image/hainaauto/036930592/col_c8e14d374cd5dc91.webp,https://www.hainaautochina.com/api/vehicle-image/hainaauto/036930592/col_babceb8cb9928ac3.webp",Superautos y deportivos > M2 (Imported) 2024,M2 (Imported) 2024,Venezuela,BMW
hainaauto-083038015,F-TYPE P300 75th 2024 - Importacion desde China a Venezuela,"Jaguar 2024 · F-TYPE P300 75th · 13.750 km · grey · 8-speed automatic transmission · Disponible en Beijing. Vehiculo disponible para compradores en Venezuela, con inspeccion, documentos de exportacion y apoyo logistico de HainaAuto. Stock HA-083038015.",in stock,used,40527.26 USD,https://www.hainaautochina.com/vehicles/hainaauto-083038015,https://www.hainaautochina.com/api/vehicle-image/hainaauto/083038015/col_2b6edc83d1e6a08f.webp,Jaguar,"https://www.hainaautochina.com/api/vehicle-image/hainaauto/083038015/col_307b825fd74e45e6.webp,https://www.hainaautochina.com/api/vehicle-image/hainaauto/083038015/col_d74afa9d6e2212c0.webp,https://www.hainaautochina.com/api/vehicle-image/hainaauto/083038015/col_268bdfdb958cbb63.webp",Superautos y deportivos > F-TYPE P300 75th,F-TYPE P300 75th,Venezuela,Jaguar
hainaauto-495739453,M Series (Imported) 2024 - Importacion desde China a Venezuela,"BMW 2024 · M Series (Imported) · 8.750 km · black · automatic · Disponible en Jiangsu. Vehiculo disponible para compradores en Venezuela, con inspeccion, documentos de exportacion y apoyo logistico de HainaAuto. Stock HA-495739453.",in stock,used,44030.06 USD,https://www.hainaautochina.com/vehicles/hainaauto-495739453,https://www.hainaautochina.com/api/vehicle-image/hainaauto/495739453/col_c94b21229b9382f5.webp,BMW,"https://www.hainaautochina.com/api/vehicle-image/hainaauto/495739453/col_0539cc5ead47afea.webp,https://www.hainaautochina.com/api/vehicle-image/hainaauto/495739453/col_57b12b8b2b3f8363.webp,https://www.hainaautochina.com/api/vehicle-image/hainaauto/495739453/col_056dea1e1b29777e.webp",Superautos y deportivos > M Series (Imported),M Series (Imported),Venezuela,BMW
hainaauto-56861610,M2 (Imported) Coupe 2024 - Importacion desde China a Venezuela,"BMW 2024 · M2 (Imported) Coupe · 2.083 km · black · automatic · Disponible en Chongqing. Vehiculo disponible para compradores en Venezuela, con inspeccion, documentos de exportacion y apoyo logistico de HainaAuto. Stock HA-56861610.",in stock,used,47199.26 USD,https://www.hainaautochina.com/vehicles/hainaauto-56861610,https://www.hainaautochina.com/api/vehicle-image/hainaauto/56861610/col_b2adbc850ed6de08.webp,BMW,"https://www.hainaautochina.com/api/vehicle-image/hainaauto/56861610/col_1af7a802bc551e49.webp,https://www.hainaautochina.com/api/vehicle-image/hainaauto/56861610/col_86137188abd1d703.webp,https://www.hainaautochina.com/api/vehicle-image/hainaauto/56861610/col_4bd08a8a95c338e7.webp",Superautos y deportivos > M2 (Imported) Coupe,M2 (Imported) Coupe,Venezuela,BMW
cntransit-57787517,M3 (Imported) 2024 2024 - Importacion desde China a Venezuela,"BMW 2024 · M3 (Imported) 2024 · 17.500 km · Blue · Automatic · Disponible en Zhejiang. Vehiculo disponible para compradores en Venezuela, con inspeccion, documentos de exportacion y apoyo logistico de HainaAuto. Stock CN-57787517.",in stock,used,53954.66 USD,https://www.hainaautochina.com/vehicles/cntransit-57787517,https://www.hainaautochina.com/api/vehicle-image/cntransit/57787517/col_59d51d8327011e3c.jpg,BMW,"https://www.hainaautochina.com/api/vehicle-image/cntransit/57787517/col_b3780e4a7f23f557.jpg,https://www.hainaautochina.com/api/vehicle-image/cntransit/57787517/col_e8287331460ce32e.jpg,https://www.hainaautochina.com/api/vehicle-image/cntransit/57787517/col_6ea17bf3832f3687.jpg",Superautos y deportivos > M3 (Imported) 2024,M3 (Imported) 2024,Venezuela,BMW
hainaauto-246815975,M3 (Imported) M3 2024 - Importacion desde China a Venezuela,"BMW 2024 · M3 (Imported) M3 · 1.792 km · black · automatic · Disponible en Shanghai. Vehiculo disponible para compradores en Venezuela, con inspeccion, documentos de exportacion y apoyo logistico de HainaAuto. Stock HA-246815975.",in stock,used,68049.26 USD,https://www.hainaautochina.com/vehicles/hainaauto-246815975,https://www.hainaautochina.com/api/vehicle-image/hainaauto/246815975/col_70b723cb3b604e07.webp,BMW,"https://www.hainaautochina.com/api/vehicle-image/hainaauto/246815975/col_35d11e7974563123.webp,https://www.hainaautochina.com/api/vehicle-image/hainaauto/246815975/col_547ddf90c3381426.webp,https://www.hainaautochina.com/api/vehicle-image/hainaauto/246815975/col_5229615790ecf357.webp",Superautos y deportivos > M3 (Imported) M3,M3 (Imported) M3,Venezuela,BMW
hainaauto-800547470,M4 Coupe 3.0T 2024 - Importacion desde China a Venezuela,"BMW 2024 · M4 Coupe 3.0T · 7.500 km · grey · automatic · Disponible en Zhejiang. Vehiculo disponible para compradores en Venezuela, con inspeccion, documentos de exportacion y apoyo logistico de HainaAuto. Stock HA-800547470.",in stock,used,68883.26 USD,https://www.hainaautochina.com/vehicles/hainaauto-800547470,https://www.hainaautochina.com/api/vehicle-image/hainaauto/800547470/col_08f45e1ce4b06dad.webp,BMW,"https://www.hainaautochina.com/api/vehicle-image/hainaauto/800547470/col_d05c63772d3a3aae.webp,https://www.hainaautochina.com/api/vehicle-image/hainaauto/800547470/col_5a3a5714b2b4596a.webp,https://www.hainaautochina.com/api/vehicle-image/hainaauto/800547470/col_7a9c2ba26e990030.webp",Superautos y deportivos > M4 Coupe 3.0T,M4 Coupe 3.0T,Venezuela,BMW
cntransit-614610073,Panamera (Imported) 2024 2024 - Importacion desde China a Venezuela,"Porsche 2024 · Panamera (Imported) 2024 · 7.917 km · White · Automatic · Disponible en Guangdong. Vehiculo disponible para compradores en Venezuela, con inspeccion, documentos de exportacion y apoyo logistico de HainaAuto. Stock CN-614610073.",in stock,used,73970.66 USD,https://www.hainaautochina.com/vehicles/cntransit-614610073,https://www.hainaautochina.com/api/vehicle-image/cntransit/614610073/col_3ba95fa80054fba6.jpg,Porsche,"https://www.hainaautochina.com/api/vehicle-image/cntransit/614610073/col_d5a5cdc095e15bc9.jpg,https://www.hainaautochina.com/api/vehicle-image/cntransit/614610073/col_78c6294f3eda5601.jpg,https://www.hainaautochina.com/api/vehicle-image/cntransit/614610073/col_82f5c7bbc1360706.jpg",Superautos y deportivos > Panamera (Imported) 2024,Panamera (Imported) 2024,Venezuela,Porsche
hainaauto-241313678,Panamera 4 E-Hybrid 2024 - Importacion desde China a Venezuela,"Porsche 2024 · Panamera 4 E-Hybrid · 1.250 km · black · automatic · Disponible en Henan. Vehiculo disponible para compradores en Venezuela, con inspeccion, documentos de exportacion y apoyo logistico de HainaAuto. Stock HA-241313678.",in stock,used,84479.06 USD,https://www.hainaautochina.com/vehicles/hainaauto-241313678,https://www.hainaautochina.com/api/vehicle-image/hainaauto/241313678/col_43c0616d63dcd272.webp,Porsche,"https://www.hainaautochina.com/api/vehicle-image/hainaauto/241313678/col_50498f01152314a4.webp,https://www.hainaautochina.com/api/vehicle-image/hainaauto/241313678/col_4bd6e0927eab053c.webp,https://www.hainaautochina.com/api/vehicle-image/hainaauto/241313678/col_5d747014e2ba7096.webp",Superautos y deportivos > Panamera 4 E-Hybrid,Panamera 4 E-Hybrid,Venezuela,Porsche
hainaauto-825342725,2023 Sea Lion 2023 - Importacion desde China a Venezuela,"Jinbei 2023 · 2023 Sea Lion · 22.083 km · Multicolor · Manual · Disponible en Hunan. Vehiculo disponible para compradores en Venezuela, con inspeccion, documentos de exportacion y apoyo logistico de HainaAuto. Stock HA-825342725.",in stock,used,7792.76 USD,https://www.hainaautochina.com/vehicles/hainaauto-825342725,https://www.hainaautochina.com/api/vehicle-image/hainaauto/825342725/col_7319206719ba6379.webp,Jinbei,"https://www.hainaautochina.com/api/vehicle-image/hainaauto/825342725/col_dc65278d5baf8d82.webp,https://www.hainaautochina.com/api/vehicle-image/hainaauto/825342725/col_c2fabec084753e4d.webp,https://www.hainaautochina.com/api/vehicle-image/hainaauto/825342725/col_85877667706918ff.webp",Maquinaria y camiones > 2023 Sea Lion,2023 Sea Lion,Venezuela,Jinbei
hainaauto-212329243,2023 QQ Ice 2023 - Importacion desde China a Venezuela,"Chery 2023 · 2023 QQ Ice · 6.667 km · Multicolor · automatic · Disponible en Henan. Vehiculo disponible para compradores en Venezuela, con inspeccion, documentos de exportacion y apoyo logistico de HainaAuto. Stock HA-212329243.",in stock,used,8084.66 USD,https://www.hainaautochina.com/vehicles/hainaauto-212329243,https://www.hainaautochina.com/api/vehicle-image/hainaauto/212329243/col_7b2e0e1f2ebed562.webp,Chery,"https://www.hainaautochina.com/api/vehicle-image/hainaauto/212329243/col_fa14fafbd807ce84.webp,https://www.hainaautochina.com/api/vehicle-image/hainaauto/212329243/col_64172569c5802a8d.webp,https://www.hainaautochina.com/api/vehicle-image/hainaauto/212329243/col_8516c2b925188d93.webp",Sedanes y hatchbacks > 2023 QQ Ice,2023 QQ Ice,Venezuela,Chery
cntransit-892415303,Commercial 2023 Changan 2023 - Importacion desde China a Venezuela,"Changan 2023 · Commercial 2023 Changan · 12.083 km · Gray · Manual · Disponible en Qinghai. Vehiculo disponible para compradores en Venezuela, con inspeccion, documentos de exportacion y apoyo logistico de HainaAuto. Stock CN-892415303.",in stock,used,8126.36 USD,https://www.hainaautochina.com/vehicles/cntransit-892415303,https://www.hainaautochina.com/api/vehicle-image/cntransit/892415303/col_8d33ea286d9e83c4.jpg,Changan,"https://www.hainaautochina.com/api/vehicle-image/cntransit/892415303/col_4ea8ed1830f0c173.jpg,https://www.hainaautochina.com/api/vehicle-image/cntransit/892415303/col_d380773a1277c8b1.jpg,https://www.hainaautochina.com/api/vehicle-image/cntransit/892415303/col_81f78657a194bb80.jpg",Maquinaria y camiones > Commercial 2023 Changan,Commercial 2023 Changan,Venezuela,Changan
hainaauto-238948008,2023 New Haishi 2023 - Importacion desde China a Venezuela,"Jinbei 2023 · 2023 New Haishi · 5.833 km · Multicolor · Manual · Disponible en Henan. Vehiculo disponible para compradores en Venezuela, con inspeccion, documentos de exportacion y apoyo logistico de HainaAuto. Stock HA-238948008.",in stock,used,8151.38 USD,https://www.hainaautochina.com/vehicles/hainaauto-238948008,https://www.hainaautochina.com/api/vehicle-image/hainaauto/238948008/col_8f0ff23aa5edcc54.webp,Jinbei,"https://www.hainaautochina.com/api/vehicle-image/hainaauto/238948008/col_af88795b0f486cb6.webp,https://www.hainaautochina.com/api/vehicle-image/hainaauto/238948008/col_c1b9a2036e35d641.webp,https://www.hainaautochina.com/api/vehicle-image/hainaauto/238948008/col_51708e95a153284b.webp",Maquinaria y camiones > 2023 New Haishi,2023 New Haishi,Venezuela,Jinbei
hainaauto-948113961,Commercial Vehicles 2023 2023 - Importacion desde China a Venezuela,"Changan 2023 · Commercial Vehicles 2023 · 16.667 km · White · Manual · Disponible en Henan. Vehiculo disponible para compradores en Venezuela, con inspeccion, documentos de exportacion y apoyo logistico de HainaAuto. Stock HA-948113961.",in stock,used,8159.72 USD,https://www.hainaautochina.com/vehicles/hainaauto-948113961,https://www.hainaautochina.com/api/vehicle-image/hainaauto/948113961/col_b2d4aa82ea73358a.webp,Changan,"https://www.hainaautochina.com/api/vehicle-image/hainaauto/948113961/col_97e1b6dd72b6ca74.webp,https://www.hainaautochina.com/api/vehicle-image/hainaauto/948113961/col_868869de56906b66.webp,https://www.hainaautochina.com/api/vehicle-image/hainaauto/948113961/col_9b8064a6c08c34f5.webp",Maquinaria y camiones > Commercial Vehicles 2023,Commercial Vehicles 2023,Venezuela,Changan
hainaauto-000544042,Commercial 2023 Ruixing 2023 - Importacion desde China a Venezuela,"Changan 2023 · Commercial 2023 Ruixing · 50.000 km · grey · Manual · Disponible en Anhui. Vehiculo disponible para compradores en Venezuela, con inspeccion, documentos de exportacion y apoyo logistico de HainaAuto. Stock HA-000544042.",in stock,used,8251.46 USD,https://www.hainaautochina.com/vehicles/hainaauto-000544042,https://www.hainaautochina.com/api/vehicle-image/hainaauto/000544042/col_d1844b8f4c7a4bf1.webp,Changan,"https://www.hainaautochina.com/api/vehicle-image/hainaauto/000544042/col_43f1a6d544674d0d.webp,https://www.hainaautochina.com/api/vehicle-image/hainaauto/000544042/col_98502de4265bf51f.webp,https://www.hainaautochina.com/api/vehicle-image/hainaauto/000544042/col_6a35d9f1ab0c1237.webp",Maquinaria y camiones > Commercial 2023 Ruixing,Commercial 2023 Ruixing,Venezuela,Changan
hainaauto-901132384,2023 EQ2 Series 2023 - Importacion desde China a Venezuela,"Feidi 2023 · 2023 EQ2 Series · 58.333 km · Beige · automatic · Disponible en Jiangsu. Vehiculo disponible para compradores en Venezuela, con inspeccion, documentos de exportacion y apoyo logistico de HainaAuto. Stock HA-901132384.",in stock,used,8418.26 USD,https://www.hainaautochina.com/vehicles/hainaauto-901132384,https://www.hainaautochina.com/api/vehicle-image/hainaauto/901132384/col_86200e8aaac2a852.webp,Feidi,"https://www.hainaautochina.com/api/vehicle-image/hainaauto/901132384/col_acc12f0875586f21.webp,https://www.hainaautochina.com/api/vehicle-image/hainaauto/901132384/col_d49465d6feff3efc.webp,https://www.hainaautochina.com/api/vehicle-image/hainaauto/901132384/col_a19b572c1f390398.webp",Maquinaria y camiones > 2023 EQ2 Series,2023 EQ2 Series,Venezuela,Feidi
hainaauto-913540396,2023 Jinka S2 2023 - Importacion desde China a Venezuela,"Jinbei 2023 · 2023 Jinka S2 · 23.750 km · grey · Manual · Disponible en Guangdong. Vehiculo disponible para compradores en Venezuela, con inspeccion, documentos de exportacion y apoyo logistico de HainaAuto. Stock HA-913540396.",in stock,used,8484.98 USD,https://www.hainaautochina.com/vehicles/hainaauto-913540396,https://www.hainaautochina.com/api/vehicle-image/hainaauto/913540396/col_8740c697164cbf11.webp,Jinbei,"https://www.hainaautochina.com/api/vehicle-image/hainaauto/913540396/col_5a6d4c147b3e807c.webp,https://www.hainaautochina.com/api/vehicle-image/hainaauto/913540396/col_20d97b61228e5ccd.webp,https://www.hainaautochina.com/api/vehicle-image/hainaauto/913540396/col_92527a9a95e9c9be.webp",Maquinaria y camiones > 2023 Jinka S2,2023 Jinka S2,Venezuela,Jinbei
hainaauto-566651485,Cruze 2023 1.5L 2023 - Importacion desde China a Venezuela,"Chevrolet 2023 · Cruze 2023 1.5L · 27.083 km · White · 6-speed wet dual-clutch · Disponible en Yunnan. Vehiculo disponible para compradores en Venezuela, con inspeccion, documentos de exportacion y apoyo logistico de HainaAuto. Stock HA-566651485.",in stock,used,8585.06 USD,https://www.hainaautochina.com/vehicles/hainaauto-566651485,https://www.hainaautochina.com/api/vehicle-image/hainaauto/566651485/col_03ebe42718ab697a.webp,Chevrolet,"https://www.hainaautochina.com/api/vehicle-image/hainaauto/566651485/col_7d7ccbf7b8102791.webp,https://www.hainaautochina.com/api/vehicle-image/hainaauto/566651485/col_f0db0d4ed0ed5965.webp,https://www.hainaautochina.com/api/vehicle-image/hainaauto/566651485/col_6a855b64cc5746a8.webp",Sedanes y hatchbacks > Cruze 2023 1.5L,Cruze 2023 1.5L,Venezuela,Chevrolet
hainaauto-585816926,Kuayue 2023 Kuayue 2023 - Importacion desde China a Venezuela,"Changan 2023 · Kuayue 2023 Kuayue · 12.083 km · grey · Manual · Disponible en Henan. Vehiculo disponible para compradores en Venezuela, con inspeccion, documentos de exportacion y apoyo logistico de HainaAuto. Stock HA-585816926.",in stock,used,8710.16 USD,https://www.hainaautochina.com/vehicles/hainaauto-585816926,https://www.hainaautochina.com/api/vehicle-image/hainaauto/585816926/col_a646b3f5902f930e.webp,Changan,"https://www.hainaautochina.com/api/vehicle-image/hainaauto/585816926/col_591cb7231444c66e.webp,https://www.hainaautochina.com/api/vehicle-image/hainaauto/585816926/col_146124416f9b5c9d.webp,https://www.hainaautochina.com/api/vehicle-image/hainaauto/585816926/col_17c9e0fd65eac6a3.webp",Maquinaria y camiones > Kuayue 2023 Kuayue,Kuayue 2023 Kuayue,Venezuela,Changan
hainaauto-02452225,Panda MINI Manual 2023 - Importacion desde China a Venezuela,"Geely 2023 · Panda MINI Manual · 12.500 km · Beige · Manual · Disponible en Zhejiang. Vehiculo disponible para compradores en Venezuela, con inspeccion, documentos de exportacion y apoyo logistico de HainaAuto. Stock HA-02452225.",in stock,used,8818.58 USD,https://www.hainaautochina.com/vehicles/hainaauto-02452225,https://www.hainaautochina.com/api/vehicle-image/hainaauto/02452225/col_bf95b277623aabe0.webp,Geely,"https://www.hainaautochina.com/api/vehicle-image/hainaauto/02452225/col_6ae27ad4eebee3e1.webp,https://www.hainaautochina.com/api/vehicle-image/hainaauto/02452225/col_f00c7dda67b9488e.webp,https://www.hainaautochina.com/api/vehicle-image/hainaauto/02452225/col_736c1b485b484caa.webp",Maquinaria y camiones > Panda MINI Manual,Panda MINI Manual,Venezuela,Geely
hainaauto-914731748,2023 T3 1.5 2023 - Importacion desde China a Venezuela,"Jinbei 2023 · 2023 T3 1.5 · 6.667 km · grey · Manual · Disponible en Zhejiang. Vehiculo disponible para compradores en Venezuela, con inspeccion, documentos de exportacion y apoyo logistico de HainaAuto. Stock HA-914731748.",in stock,used,8818.58 USD,https://www.hainaautochina.com/vehicles/hainaauto-914731748,https://www.hainaautochina.com/api/vehicle-image/hainaauto/914731748/col_255a7a442cb754a3.webp,Jinbei,"https://www.hainaautochina.com/api/vehicle-image/hainaauto/914731748/col_3c2b1d7e296f0fca.webp,https://www.hainaautochina.com/api/vehicle-image/hainaauto/914731748/col_c21ef7088ddcc377.webp,https://www.hainaautochina.com/api/vehicle-image/hainaauto/914731748/col_d2db4c287dec245e.webp",Maquinaria y camiones > 2023 T3 1.5,2023 T3 1.5,Venezuela,Jinbei
hainaauto-929437119,2023 Little King 2023 - Importacion desde China a Venezuela,"Dongfeng 2023 · 2023 Little King · 958 km · White · Manual · Disponible en Zhejiang. Vehiculo disponible para compradores en Venezuela, con inspeccion, documentos de exportacion y apoyo logistico de HainaAuto. Stock HA-929437119.",in stock,used,8818.58 USD,https://www.hainaautochina.com/vehicles/hainaauto-929437119,https://www.hainaautochina.com/api/vehicle-image/hainaauto/929437119/col_a044becbe046e935.webp,Dongfeng,"https://www.hainaautochina.com/api/vehicle-image/hainaauto/929437119/col_9a66a2dd55e7b6ad.webp,https://www.hainaautochina.com/api/vehicle-image/hainaauto/929437119/col_ba951931c53f15d6.webp,https://www.hainaautochina.com/api/vehicle-image/hainaauto/929437119/col_d4daabc23332fe42.webp",Maquinaria y camiones > 2023 Little King,2023 Little King,Venezuela,Dongfeng
hainaauto-318933101,Kuayue 2023 Model 2023 - Importacion desde China a Venezuela,"Changan 2023 · Kuayue 2023 Model · 12.500 km · grey · Manual · Disponible en Sichuan. Vehiculo disponible para compradores en Venezuela, con inspeccion, documentos de exportacion y apoyo logistico de HainaAuto. Stock HA-318933101.",in stock,used,8901.98 USD,https://www.hainaautochina.com/vehicles/hainaauto-318933101,https://www.hainaautochina.com/api/vehicle-image/hainaauto/318933101/col_ba3d96fa98b7f1c8.webp,Changan,"https://www.hainaautochina.com/api/vehicle-image/hainaauto/318933101/col_3a223521dcd8595a.webp,https://www.hainaautochina.com/api/vehicle-image/hainaauto/318933101/col_85176e3d4185d6f9.webp,https://www.hainaautochina.com/api/vehicle-image/hainaauto/318933101/col_3e3ba5f033da8ee7.webp",Maquinaria y camiones > Kuayue 2023 Model,Kuayue 2023 Model,Venezuela,Changan
hainaauto-589017020,2023 Sunshine 1.5 2023 - Importacion desde China a Venezuela,"Wuling 2023 · 2023 Sunshine 1.5 · 12.500 km · grey · Manual · Disponible en Zhejiang. Vehiculo disponible para compradores en Venezuela, con inspeccion, documentos de exportacion y apoyo logistico de HainaAuto. Stock HA-589017020.",in stock,used,8901.98 USD,https://www.hainaautochina.com/vehicles/hainaauto-589017020,https://www.hainaautochina.com/api/vehicle-image/hainaauto/589017020/col_d7aef615b532151f.webp,Wuling,"https://www.hainaautochina.com/api/vehicle-image/hainaauto/589017020/col_7e986e44560af87a.webp,https://www.hainaautochina.com/api/vehicle-image/hainaauto/589017020/col_429b89bb2dac872a.webp,https://www.hainaautochina.com/api/vehicle-image/hainaauto/589017020/col_849d9bff7bc7360b.webp",Maquinaria y camiones > 2023 Sunshine 1.5,2023 Sunshine 1.5,Venezuela,Wuling
hainaauto-261725376,Xiaokang D Series 2023 - Importacion desde China a Venezuela,"Dongfeng 2023 · Xiaokang D Series · 20.833 km · grey · Manual · Disponible en Zhejiang. Vehiculo disponible para compradores en Venezuela, con inspeccion, documentos de exportacion y apoyo logistico de HainaAuto. Stock HA-261725376.",in stock,used,8985.38 USD,https://www.hainaautochina.com/vehicles/hainaauto-261725376,https://www.hainaautochina.com/api/vehicle-image/hainaauto/261725376/col_851c0e66df7a4d4e.webp,Dongfeng,"https://www.hainaautochina.com/api/vehicle-image/hainaauto/261725376/col_6fc51fbd0780dd55.webp,https://www.hainaautochina.com/api/vehicle-image/hainaauto/261725376/col_e881d8f11c8a0779.webp,https://www.hainaautochina.com/api/vehicle-image/hainaauto/261725376/col_dad2346f9015e763.webp",Maquinaria y camiones > Xiaokang D Series,Xiaokang D Series,Venezuela,Dongfeng
cntransit-49539520,2023 Xiangling V1 2023 - Importacion desde China a Venezuela,"Foton 2023 · 2023 Xiangling V1 · 11.250 km · Gray · Manual · Disponible en Hunan. Vehiculo disponible para compradores en Venezuela, con inspeccion, documentos de exportacion y apoyo logistico de HainaAuto. Stock CN-49539520.",in stock,used,9068.78 USD,https://www.hainaautochina.com/vehicles/cntransit-49539520,https://www.hainaautochina.com/api/vehicle-image/cntransit/49539520/col_469644096cd3de1e.jpg,Foton,"https://www.hainaautochina.com/api/vehicle-image/cntransit/49539520/col_6cafa79bf01e4680.jpg,https://www.hainaautochina.com/api/vehicle-image/cntransit/49539520/col_7b1aa86670a0b23b.jpg,https://www.hainaautochina.com/api/vehicle-image/cntransit/49539520/col_445e0a7767889a59.jpg",Maquinaria y camiones > 2023 Xiangling V1,2023 Xiangling V1,Venezuela,Foton
hainaauto-041438035,"Sylphy: Super Hybrid, 2023 - Importacion desde China a Venezuela","Nissan 2023 · Sylphy: Super Hybrid, · 87.500 km · White · Electric vehicle single-speed gearbox · Disponible en Guangdong. Vehiculo disponible para compradores en Venezuela, con inspeccion, documentos de exportacion y apoyo logistico de HainaAuto. Stock HA-041438035.",in stock,used,9127.16 USD,https://www.hainaautochina.com/vehicles/hainaauto-041438035,https://www.hainaautochina.com/api/vehicle-image/hainaauto/041438035/col_59c0726342a6bcf6.webp,Nissan,"https://www.hainaautochina.com/api/vehicle-image/hainaauto/041438035/col_56c0f4cd5d3b3cfc.webp,https://www.hainaautochina.com/api/vehicle-image/hainaauto/041438035/col_40760fa9885b4dbc.webp,https://www.hainaautochina.com/api/vehicle-image/hainaauto/041438035/col_a8550a4269e64a0b.webp","Sedanes y hatchbacks > Sylphy: Super Hybrid,","Sylphy: Super Hybrid,",Venezuela,Nissan
hainaauto-604329708,2023 EC31 Standard 2023 - Importacion desde China a Venezuela,"Ruichi 2023 · 2023 EC31 Standard · 50.000 km · grey · automatic · Disponible en Fujian. Vehiculo disponible para compradores en Venezuela, con inspeccion, documentos de exportacion y apoyo logistico de HainaAuto. Stock HA-604329708.",in stock,used,9152.18 USD,https://www.hainaautochina.com/vehicles/hainaauto-604329708,https://www.hainaautochina.com/api/vehicle-image/hainaauto/604329708/col_d3438ecfc96addbe.webp,Ruichi,"https://www.hainaautochina.com/api/vehicle-image/hainaauto/604329708/col_a74143ac38f71de3.webp,https://www.hainaautochina.com/api/vehicle-image/hainaauto/604329708/col_ac6b74b5e6a87e47.webp,https://www.hainaautochina.com/api/vehicle-image/hainaauto/604329708/col_0fe61d17665aeeb0.webp",Maquinaria y camiones > 2023 EC31 Standard,2023 EC31 Standard,Venezuela,Ruichi
hainaauto-799121499,2023 Refine M3 2023 - Importacion desde China a Venezuela,"JAC 2023 · 2023 Refine M3 · 70.833 km · black · Manual · Disponible en Sichuan. Vehiculo disponible para compradores en Venezuela, con inspeccion, documentos de exportacion y apoyo logistico de HainaAuto. Stock HA-799121499.",in stock,used,9152.18 USD,https://www.hainaautochina.com/vehicles/hainaauto-799121499,https://www.hainaautochina.com/api/vehicle-image/hainaauto/799121499/col_11c5158a77bd79d6.webp,JAC,"https://www.hainaautochina.com/api/vehicle-image/hainaauto/799121499/col_603843370aada038.webp,https://www.hainaautochina.com/api/vehicle-image/hainaauto/799121499/col_65e93ab0421fbbf6.webp,https://www.hainaautochina.com/api/vehicle-image/hainaauto/799121499/col_75c27662ce2f664c.webp",Vehiculos comerciales y familiares > 2023 Refine M3,2023 Refine M3,Venezuela,JAC
hainaauto-148636364,2023 Kaida X5 2023 - Importacion desde China a Venezuela,"JAC 2023 · 2023 Kaida X5 · 16.667 km · Multicolor · Manual · Disponible en Shanghai. Vehiculo disponible para compradores en Venezuela, con inspeccion, documentos de exportacion y apoyo logistico de HainaAuto. Stock HA-148636364.",in stock,used,9168.86 USD,https://www.hainaautochina.com/vehicles/hainaauto-148636364,https://www.hainaautochina.com/api/vehicle-image/hainaauto/148636364/col_cc508703c7dde417.webp,JAC,"https://www.hainaautochina.com/api/vehicle-image/hainaauto/148636364/col_34d49a60ac0119ff.webp,https://www.hainaautochina.com/api/vehicle-image/hainaauto/148636364/col_4180cbb62bde45f9.webp,https://www.hainaautochina.com/api/vehicle-image/hainaauto/148636364/col_e22dc0e8305a3b45.webp",Maquinaria y camiones > 2023 Kaida X5,2023 Kaida X5,Venezuela,JAC
cntransit-983110012,2023 Rongguang S 2023 - Importacion desde China a Venezuela,"Wuling 2023 · 2023 Rongguang S · 3.750 km · Gray · Manual · Disponible en Sichuan. Vehiculo disponible para compradores en Venezuela, con inspeccion, documentos de exportacion y apoyo logistico de HainaAuto. Stock CN-983110012.",in stock,used,9335.66 USD,https://www.hainaautochina.com/vehicles/cntransit-983110012,https://www.hainaautochina.com/api/vehicle-image/cntransit/983110012/col_b815622caf1ff16a.jpg,Wuling,"https://www.hainaautochina.com/api/vehicle-image/cntransit/983110012/col_36c51e31bdbb0e8c.jpg,https://www.hainaautochina.com/api/vehicle-image/cntransit/983110012/col_579ede84feb0770f.jpg,https://www.hainaautochina.com/api/vehicle-image/cntransit/983110012/col_37b1f7ea1f374af2.jpg",Maquinaria y camiones > 2023 Rongguang S,2023 Rongguang S,Venezuela,Wuling
hainaauto-839116842,Finless Porpoise Widebody 2023 - Importacion desde China a Venezuela,"Yangtze 2023 · Finless Porpoise Widebody · 70.833 km · Beige · automatic · Disponible en Guangdong. Vehiculo disponible para compradores en Venezuela, con inspeccion, documentos de exportacion y apoyo logistico de HainaAuto. Stock HA-839116842.",in stock,used,9419.06 USD,https://www.hainaautochina.com/vehicles/hainaauto-839116842,https://www.hainaautochina.com/api/vehicle-image/hainaauto/839116842/col_8e7f79696f20e46c.webp,Yangtze,"https://www.hainaautochina.com/api/vehicle-image/hainaauto/839116842/col_90d3489b160797a3.webp,https://www.hainaautochina.com/api/vehicle-image/hainaauto/839116842/col_887902d934d90d42.webp,https://www.hainaautochina.com/api/vehicle-image/hainaauto/839116842/col_b811d17d9e5f8c13.webp",Maquinaria y camiones > Finless Porpoise Widebody,Finless Porpoise Widebody,Venezuela,Yangtze
hainaauto-932613697,Star Enjoy V 2023 - Importacion desde China a Venezuela,"Remote 2023 · Star Enjoy V · 41.667 km · orange color · automatic · Disponible en Shandong. Vehiculo disponible para compradores en Venezuela, con inspeccion, documentos de exportacion y apoyo logistico de HainaAuto. Stock HA-932613697.",in stock,used,9419.06 USD,https://www.hainaautochina.com/vehicles/hainaauto-932613697,https://www.hainaautochina.com/api/vehicle-image/hainaauto/932613697/col_aa07a4287baf9875.webp,Remote,"https://www.hainaautochina.com/api/vehicle-image/hainaauto/932613697/col_98750cf19b9efafe.webp,https://www.hainaautochina.com/api/vehicle-image/hainaauto/932613697/col_b0c68531ce7f8ffb.webp,https://www.hainaautochina.com/api/vehicle-image/hainaauto/932613697/col_f96d842a7f57a72b.webp",Maquinaria y camiones > Star Enjoy V,Star Enjoy V,Venezuela,Remote
hainaauto-959840654,Star V 2023 2023 - Importacion desde China a Venezuela,"Remote 2023 · Star V 2023 · 83.333 km · White · automatic · Disponible en Anhui. Vehiculo disponible para compradores en Venezuela, con inspeccion, documentos de exportacion y apoyo logistico de HainaAuto. Stock HA-959840654.",in stock,used,9419.06 USD,https://www.hainaautochina.com/vehicles/hainaauto-959840654,https://www.hainaautochina.com/api/vehicle-image/hainaauto/959840654/col_7dfbf44e52532ca6.webp,Remote,"https://www.hainaautochina.com/api/vehicle-image/hainaauto/959840654/col_60d034a127853da4.webp,https://www.hainaautochina.com/api/vehicle-image/hainaauto/959840654/col_ebe46840a1ee12af.webp,https://www.hainaautochina.com/api/vehicle-image/hainaauto/959840654/col_e0b5db36b9feea34.webp",Maquinaria y camiones > Star V 2023,Star V 2023,Venezuela,Remote
hainaauto-659647563,Cruze 2023 1.3T 2023 - Importacion desde China a Venezuela,"Chevrolet 2023 · Cruze 2023 1.3T · 11.667 km · White · 6-speed automatic transmission · Disponible en Jiangxi. Vehiculo disponible para compradores en Venezuela, con inspeccion, documentos de exportacion y apoyo logistico de HainaAuto. Stock HA-659647563.",in stock,used,9502.46 USD,https://www.hainaautochina.com/vehicles/hainaauto-659647563,https://www.hainaautochina.com/api/vehicle-image/hainaauto/659647563/col_ec930d0bc31ff2cb.webp,Chevrolet,"https://www.hainaautochina.com/api/vehicle-image/hainaauto/659647563/col_359fc0402eab085e.webp,https://www.hainaautochina.com/api/vehicle-image/hainaauto/659647563/col_2b9a4c1be1d5cf9c.webp,https://www.hainaautochina.com/api/vehicle-image/hainaauto/659647563/col_28b5868b35253fc3.webp",Sedanes y hatchbacks > Cruze 2023 1.3T,Cruze 2023 1.3T,Venezuela,Chevrolet
cntransit-80439873,2023 Jinka S6 2023 - Importacion desde China a Venezuela,"Jinbei 2023 · 2023 Jinka S6 · 12.500 km · Gray · Manual · Disponible en Henan. Vehiculo disponible para compradores en Venezuela, con inspeccion, documentos de exportacion y apoyo logistico de HainaAuto. Stock CN-80439873.",in stock,used,9652.58 USD,https://www.hainaautochina.com/vehicles/cntransit-80439873,https://www.hainaautochina.com/api/vehicle-image/cntransit/80439873/col_0254ed8cfd9bcb60.jpg,Jinbei,"https://www.hainaautochina.com/api/vehicle-image/cntransit/80439873/col_ee5295d9bbdb2dc9.jpg,https://www.hainaautochina.com/api/vehicle-image/cntransit/80439873/col_9d4d340bd0bc612a.jpg,https://www.hainaautochina.com/api/vehicle-image/cntransit/80439873/col_7089be6c1a55179e.jpg",Maquinaria y camiones > 2023 Jinka S6,2023 Jinka S6,Venezuela,Jinbei
hainaauto-024223012,Hiace EV 2023 2023 - Importacion desde China a Venezuela,"New 2023 · Hiace EV 2023 · 25.000 km · White · automatic · Disponible en Sichuan. Vehiculo disponible para compradores en Venezuela, con inspeccion, documentos de exportacion y apoyo logistico de HainaAuto. Stock HA-024223012.",in stock,used,9735.98 USD,https://www.hainaautochina.com/vehicles/hainaauto-024223012,https://www.hainaautochina.com/api/vehicle-image/hainaauto/024223012/col_17813563801df273.webp,New,"https://www.hainaautochina.com/api/vehicle-image/hainaauto/024223012/col_0634d78ac8314fbe.webp,https://www.hainaautochina.com/api/vehicle-image/hainaauto/024223012/col_1a8b63c58e8ed191.webp,https://www.hainaautochina.com/api/vehicle-image/hainaauto/024223012/col_5423ca1db853ee4d.webp",Maquinaria y camiones > Hiace EV 2023,Hiace EV 2023,Venezuela,New
hainaauto-338829582,2023 Ruihang X1 2023 - Importacion desde China a Venezuela,"Kaima 2023 · 2023 Ruihang X1 · 1.667 km · grey · Manual · Disponible en Zhejiang. Vehiculo disponible para compradores en Venezuela, con inspeccion, documentos de exportacion y apoyo logistico de HainaAuto. Stock HA-338829582.",in stock,used,9752.66 USD,https://www.hainaautochina.com/vehicles/hainaauto-338829582,https://www.hainaautochina.com/api/vehicle-image/hainaauto/338829582/col_98baf360c04389cb.webp,Kaima,"https://www.hainaautochina.com/api/vehicle-image/hainaauto/338829582/col_30c5f87d0ba7ddb7.webp,https://www.hainaautochina.com/api/vehicle-image/hainaauto/338829582/col_f2d5dafd80ea0c2a.webp,https://www.hainaautochina.com/api/vehicle-image/hainaauto/338829582/col_13604f04fa903198.webp",Maquinaria y camiones > 2023 Ruihang X1,2023 Ruihang X1,Venezuela,Kaima
hainaauto-463221578,2023 Kaida X6 2023 - Importacion desde China a Venezuela,"JAC 2023 · 2023 Kaida X6 · 6.667 km · Beige · Manual · Disponible en Anhui. Vehiculo disponible para compradores en Venezuela, con inspeccion, documentos de exportacion y apoyo logistico de HainaAuto. Stock HA-463221578.",in stock,used,9819.38 USD,https://www.hainaautochina.com/vehicles/hainaauto-463221578,https://www.hainaautochina.com/api/vehicle-image/hainaauto/463221578/col_19c2f8dbb21023d6.webp,JAC,"https://www.hainaautochina.com/api/vehicle-image/hainaauto/463221578/col_deb49e36f487f6e0.webp,https://www.hainaautochina.com/api/vehicle-image/hainaauto/463221578/col_2f83afdf424135a4.webp,https://www.hainaautochina.com/api/vehicle-image/hainaauto/463221578/col_6827886294654c05.webp",Maquinaria y camiones > 2023 Kaida X6,2023 Kaida X6,Venezuela,JAC
hainaauto-761416827,Kaicheng 2023 Ruixing 2023 - Importacion desde China a Venezuela,"Changan 2023 · Kaicheng 2023 Ruixing · 16.667 km · grey · Manual · Disponible en Chongqing. Vehiculo disponible para compradores en Venezuela, con inspeccion, documentos de exportacion y apoyo logistico de HainaAuto. Stock HA-761416827.",in stock,used,9819.38 USD,https://www.hainaautochina.com/vehicles/hainaauto-761416827,https://www.hainaautochina.com/api/vehicle-image/hainaauto/761416827/col_9741ca04df6b2454.webp,Changan,"https://www.hainaautochina.com/api/vehicle-image/hainaauto/761416827/col_7da563392c19c22d.webp,https://www.hainaautochina.com/api/vehicle-image/hainaauto/761416827/col_fad3a9216fdc3e00.webp,https://www.hainaautochina.com/api/vehicle-image/hainaauto/761416827/col_fe462f002dcb7d21.webp",Maquinaria y camiones > Kaicheng 2023 Ruixing,Kaicheng 2023 Ruixing,Venezuela,Changan
hainaauto-897325447,Maxus EV30 2023 2023 - Importacion desde China a Venezuela,"SAIC 2023 · Maxus EV30 2023 · 46.250 km · White · automatic · Disponible en Zhejiang. Vehiculo disponible para compradores en Venezuela, con inspeccion, documentos de exportacion y apoyo logistico de HainaAuto. Stock HA-897325447.",in stock,used,9836.06 USD,https://www.hainaautochina.com/vehicles/hainaauto-897325447,https://www.hainaautochina.com/api/vehicle-image/hainaauto/897325447/col_a606f97a750b6b13.webp,SAIC,"https://www.hainaautochina.com/api/vehicle-image/hainaauto/897325447/col_eaf3b246f7e51328.webp,https://www.hainaautochina.com/api/vehicle-image/hainaauto/897325447/col_5e26bee4b4c233d4.webp,https://www.hainaautochina.com/api/vehicle-image/hainaauto/897325447/col_96ebd73286118d02.webp",Maquinaria y camiones > Maxus EV30 2023,Maxus EV30 2023,Venezuela,SAIC
cntransit-092816279,Sylphy 2023 Model 2023 - Importacion desde China a Venezuela,"Nissan 2023 · Sylphy 2023 Model · 108.333 km · White · Single-speed transmission for electric vehicles · Disponible en Hebei. Vehiculo disponible para compradores en Venezuela, con inspeccion, documentos de exportacion y apoyo logistico de HainaAuto. Stock CN-092816279.",in stock,used,9902.78 USD,https://www.hainaautochina.com/vehicles/cntransit-092816279,https://www.hainaautochina.com/api/vehicle-image/cntransit/092816279/col_b9f346695e8d89d8.jpg,Nissan,"https://www.hainaautochina.com/api/vehicle-image/cntransit/092816279/col_3d72acb1d020802f.jpg,https://www.hainaautochina.com/api/vehicle-image/cntransit/092816279/col_8e65c51d21ef5a1c.jpg,https://www.hainaautochina.com/api/vehicle-image/cntransit/092816279/col_fb13c8aca32a4975.jpg",Sedanes y hatchbacks > Sylphy 2023 Model,Sylphy 2023 Model,Venezuela,Nissan
cntransit-96598899,2023 EC31L Cargo 2023 - Importacion desde China a Venezuela,"Ruichi 2023 · 2023 EC31L Cargo · 29.167 km · Gray · Automatic · Disponible en Fujian. Vehiculo disponible para compradores en Venezuela, con inspeccion, documentos de exportacion y apoyo logistico de HainaAuto. Stock CN-96598899.",in stock,used,9902.78 USD,https://www.hainaautochina.com/vehicles/cntransit-96598899,https://www.hainaautochina.com/api/vehicle-image/cntransit/96598899/col_b802e0c7210b92e4.jpg,Ruichi,"https://www.hainaautochina.com/api/vehicle-image/cntransit/96598899/col_539bc400106b82ab.jpg,https://www.hainaautochina.com/api/vehicle-image/cntransit/96598899/col_4ec12685dc089514.jpg,https://www.hainaautochina.com/api/vehicle-image/cntransit/96598899/col_5628b3abcbe89486.jpg",Maquinaria y camiones > 2023 EC31L Cargo,2023 EC31L Cargo,Venezuela,Ruichi
cntransit-803618280,2023 Fit 1.5 2023 - Importacion desde China a Venezuela,"Honda 2023 · 2023 Fit 1.5 · 5.833 km · White · Automatic · Disponible en Jiangsu. Vehiculo disponible para compradores en Venezuela, con inspeccion, documentos de exportacion y apoyo logistico de HainaAuto. Stock CN-803618280.",in stock,used,10002.86 USD,https://www.hainaautochina.com/vehicles/cntransit-803618280,https://www.hainaautochina.com/api/vehicle-image/cntransit/803618280/col_fb686cd105495c8f.jpg,Honda,"https://www.hainaautochina.com/api/vehicle-image/cntransit/803618280/col_27a1b6318c16c31b.jpg,https://www.hainaautochina.com/api/vehicle-image/cntransit/803618280/col_901d183190818554.jpg,https://www.hainaautochina.com/api/vehicle-image/cntransit/803618280/col_fdbbae1e51683c09.jpg",Sedanes y hatchbacks > 2023 Fit 1.5,2023 Fit 1.5,Venezuela,Honda
cntransit-99898798,2023 Longka 2.0 2023 - Importacion desde China a Venezuela,"Wuling 2023 · 2023 Longka 2.0 · 1.500 km · White · Manual · Disponible en Shandong. Vehiculo disponible para compradores en Venezuela, con inspeccion, documentos de exportacion y apoyo logistico de HainaAuto. Stock CN-99898798.",in stock,used,10002.86 USD,https://www.hainaautochina.com/vehicles/cntransit-99898798,https://www.hainaautochina.com/api/vehicle-image/cntransit/99898798/col_e20ecbfce0cef3df.jpg,Wuling,"https://www.hainaautochina.com/api/vehicle-image/cntransit/99898798/col_0964a436f0783479.jpg,https://www.hainaautochina.com/api/vehicle-image/cntransit/99898798/col_32e8d1f6716b12ab.jpg,https://www.hainaautochina.com/api/vehicle-image/cntransit/99898798/col_4ec1ac61420f5e43.jpg",Maquinaria y camiones > 2023 Longka 2.0,2023 Longka 2.0,Venezuela,Wuling
hainaauto-854851768,2023 Hongguang S 2023 - Importacion desde China a Venezuela,"Wuling 2023 · 2023 Hongguang S · 11.667 km · grey · Manual · Disponible en Guangdong. Vehiculo disponible para compradores en Venezuela, con inspeccion, documentos de exportacion y apoyo logistico de HainaAuto. Stock HA-854851768.",in stock,used,10002.86 USD,https://www.hainaautochina.com/vehicles/hainaauto-854851768,https://www.hainaautochina.com/api/vehicle-image/hainaauto/854851768/col_5fe71add5b39b225.webp,Wuling,"https://www.hainaautochina.com/api/vehicle-image/hainaauto/854851768/col_f2f41a489bd16299.webp,https://www.hainaautochina.com/api/vehicle-image/hainaauto/854851768/col_d9fd13fe9612f3cc.webp,https://www.hainaautochina.com/api/vehicle-image/hainaauto/854851768/col_7d99240b4d767e7f.webp",Maquinaria y camiones > 2023 Hongguang S,2023 Hongguang S,Venezuela,Wuling
hainaauto-637118993,41.86kWh Value Edition 2023 - Importacion desde China a Venezuela,"CATL 2023 · 41.86kWh Value Edition · 75.000 km · White · automatic · Disponible en Guangdong. Vehiculo disponible para compradores en Venezuela, con inspeccion, documentos de exportacion y apoyo logistico de HainaAuto. Stock HA-637118993.",in stock,used,10069.58 USD,https://www.hainaautochina.com/vehicles/hainaauto-637118993,https://www.hainaautochina.com/api/vehicle-image/hainaauto/637118993/col_11e21d8ccf13af50.webp,CATL,"https://www.hainaautochina.com/api/vehicle-image/hainaauto/637118993/col_abf0b88d98a670f8.webp,https://www.hainaautochina.com/api/vehicle-image/hainaauto/637118993/col_3095c37e6927c1bd.webp,https://www.hainaautochina.com/api/vehicle-image/hainaauto/637118993/col_946c6059897428da.webp",Maquinaria y camiones > 41.86kWh Value Edition,41.86kWh Value Edition,Venezuela,CATL
hainaauto-058540868,Star F1E 2023 2023 - Importacion desde China a Venezuela,"Remote 2023 · Star F1E 2023 · 54.167 km · White · automatic · Disponible en Fujian. Vehiculo disponible para compradores en Venezuela, con inspeccion, documentos de exportacion y apoyo logistico de HainaAuto. Stock HA-058540868.",in stock,used,10086.26 USD,https://www.hainaautochina.com/vehicles/hainaauto-058540868,https://www.hainaautochina.com/api/vehicle-image/hainaauto/058540868/col_934f6f0b3dbba26a.webp,Remote,"https://www.hainaautochina.com/api/vehicle-image/hainaauto/058540868/col_d7408d6eadd4bdb1.webp,https://www.hainaautochina.com/api/vehicle-image/hainaauto/058540868/col_1e1c1cd883409add.webp,https://www.hainaautochina.com/api/vehicle-image/hainaauto/058540868/col_8f65b9ef0fafb492.webp",Maquinaria y camiones > Star F1E 2023,Star F1E 2023,Venezuela,Remote
hainaauto-080741046,2023 Xiangling M2 2023 - Importacion desde China a Venezuela,"Foton 2023 · 2023 Xiangling M2 · 1.125 km · White · Manual · Disponible en Jiangsu. Vehiculo disponible para compradores en Venezuela, con inspeccion, documentos de exportacion y apoyo logistico de HainaAuto. Stock HA-080741046.",in stock,used,10086.26 USD,https://www.hainaautochina.com/vehicles/hainaauto-080741046,https://www.hainaautochina.com/api/vehicle-image/hainaauto/080741046/col_914f0e0edee6c100.webp,Foton,"https://www.hainaautochina.com/api/vehicle-image/hainaauto/080741046/col_140798a1f5c0b96a.webp,https://www.hainaautochina.com/api/vehicle-image/hainaauto/080741046/col_5ab27945f5c50bd2.webp,https://www.hainaautochina.com/api/vehicle-image/hainaauto/080741046/col_118a57d12b6ac978.webp",Maquinaria y camiones > 2023 Xiangling M2,2023 Xiangling M2,Venezuela,Foton
cntransit-70475946,Times Navigator 2023 2023 - Importacion desde China a Venezuela,"Foton 2023 · Times Navigator 2023 · 41.667 km · White · Automatic · Disponible en Zhejiang. Vehiculo disponible para compradores en Venezuela, con inspeccion, documentos de exportacion y apoyo logistico de HainaAuto. Stock CN-70475946.",in stock,used,10169.66 USD,https://www.hainaautochina.com/vehicles/cntransit-70475946,https://www.hainaautochina.com/api/vehicle-image/cntransit/70475946/col_0ec792ecf2cca695.jpg,Foton,"https://www.hainaautochina.com/api/vehicle-image/cntransit/70475946/col_a3b1c9129fc893e3.jpg,https://www.hainaautochina.com/api/vehicle-image/cntransit/70475946/col_9e6358b95a2a49dd.jpg,https://www.hainaautochina.com/api/vehicle-image/cntransit/70475946/col_4026861f0d6979b1.jpg",Maquinaria y camiones > Times Navigator 2023,Times Navigator 2023,Venezuela,Foton
cntransit-61219172,"2023 Shuai Ling, 2023 - Importacion desde China a Venezuela","XinJiao 2023 · 2023 Shuai Ling, · 20.833 km · White · Automatic · Disponible en Fujian. Vehiculo disponible para compradores en Venezuela, con inspeccion, documentos de exportacion y apoyo logistico de HainaAuto. Stock CN-61219172.",in stock,used,10236.38 USD,https://www.hainaautochina.com/vehicles/cntransit-61219172,https://www.hainaautochina.com/api/vehicle-image/cntransit/61219172/col_c22b24cf5fd409d5.jpg,XinJiao,"https://www.hainaautochina.com/api/vehicle-image/cntransit/61219172/col_88cc34093b5c5c6d.jpg,https://www.hainaautochina.com/api/vehicle-image/cntransit/61219172/col_55118e934b7f2ccd.jpg,https://www.hainaautochina.com/api/vehicle-image/cntransit/61219172/col_c4b0a3060dbfb833.jpg","Maquinaria y camiones > 2023 Shuai Ling,","2023 Shuai Ling,",Venezuela,XinJiao
hainaauto-682520251,2023 V80 2.0T 2023 - Importacion desde China a Venezuela,"Maxus 2023 · 2023 V80 2.0T · 27.500 km · grey · Manual · Disponible en Anhui. Vehiculo disponible para compradores en Venezuela, con inspeccion, documentos de exportacion y apoyo logistico de HainaAuto. Stock HA-682520251.",in stock,used,10236.38 USD,https://www.hainaautochina.com/vehicles/hainaauto-682520251,https://www.hainaautochina.com/api/vehicle-image/hainaauto/682520251/col_ae368ebf0ee7b72b.webp,Maxus,"https://www.hainaautochina.com/api/vehicle-image/hainaauto/682520251/col_24bb7f0786bcc967.webp,https://www.hainaautochina.com/api/vehicle-image/hainaauto/682520251/col_583c00994c90d62f.webp,https://www.hainaautochina.com/api/vehicle-image/hainaauto/682520251/col_74104a2b95ccab56.webp",Maquinaria y camiones > 2023 V80 2.0T,2023 V80 2.0T,Venezuela,Maxus
cntransit-94268807,2023 Domi EV1 2023 - Importacion desde China a Venezuela,"JAC 2023 · 2023 Domi EV1 · 958 km · Gray · Automatic · Disponible en Guangdong. Vehiculo disponible para compradores en Venezuela, con inspeccion, documentos de exportacion y apoyo logistico de HainaAuto. Stock CN-94268807.",in stock,used,10253.06 USD,https://www.hainaautochina.com/vehicles/cntransit-94268807,https://www.hainaautochina.com/api/vehicle-image/cntransit/94268807/col_060e717a1674c62a.jpg,JAC,"https://www.hainaautochina.com/api/vehicle-image/cntransit/94268807/col_b2004a661f33afa3.jpg,https://www.hainaautochina.com/api/vehicle-image/cntransit/94268807/col_c139e096df11bf21.jpg,https://www.hainaautochina.com/api/vehicle-image/cntransit/94268807/col_cacd11369dee4c0e.jpg",Maquinaria y camiones > 2023 Domi EV1,2023 Domi EV1,Venezuela,JAC
hainaauto-245944197,Fengrui 2023 F3E 2023 - Importacion desde China a Venezuela,"Remote 2023 · Fengrui 2023 F3E · 62.500 km · grey · automatic · Disponible en Henan. Vehiculo disponible para compradores en Venezuela, con inspeccion, documentos de exportacion y apoyo logistico de HainaAuto. Stock HA-245944197.",in stock,used,10253.06 USD,https://www.hainaautochina.com/vehicles/hainaauto-245944197,https://www.hainaautochina.com/api/vehicle-image/hainaauto/245944197/col_4bdaa7c5fb134589.webp,Remote,"https://www.hainaautochina.com/api/vehicle-image/hainaauto/245944197/col_27424db7206411ab.webp,https://www.hainaautochina.com/api/vehicle-image/hainaauto/245944197/col_3cb36c6d2af2b1a9.webp,https://www.hainaautochina.com/api/vehicle-image/hainaauto/245944197/col_d0147a836188589a.webp",Maquinaria y camiones > Fengrui 2023 F3E,Fengrui 2023 F3E,Venezuela,Remote
hainaauto-823228317,"Sylphy Super Hybrid, 2023 - Importacion desde China a Venezuela","Nissan 2023 · Sylphy Super Hybrid, · 91.667 km · White · Electric vehicle single-speed gearbox · Disponible en Beijing. Vehiculo disponible para compradores en Venezuela, con inspeccion, documentos de exportacion y apoyo logistico de HainaAuto. Stock HA-823228317.",in stock,used,10253.06 USD,https://www.hainaautochina.com/vehicles/hainaauto-823228317,https://www.hainaautochina.com/api/vehicle-image/hainaauto/823228317/col_e279e0c9df254ca6.webp,Nissan,"https://www.hainaautochina.com/api/vehicle-image/hainaauto/823228317/col_bdf9dc1a26eccdde.webp,https://www.hainaautochina.com/api/vehicle-image/hainaauto/823228317/col_a101e7ad83e02071.webp,https://www.hainaautochina.com/api/vehicle-image/hainaauto/823228317/col_20857a5d982af6af.webp","Sedanes y hatchbacks > Sylphy Super Hybrid,","Sylphy Super Hybrid,",Venezuela,Nissan
hainaauto-254024257,2023 Jiangtun Wide-Range 2023 - Importacion desde China a Venezuela,"Chery 2023 · 2023 Jiangtun Wide-Range · 37.500 km · White · automatic · Disponible en Shandong. Vehiculo disponible para compradores en Venezuela, con inspeccion, documentos de exportacion y apoyo logistico de HainaAuto. Stock HA-254024257.",in stock,used,10319.78 USD,https://www.hainaautochina.com/vehicles/hainaauto-254024257,https://www.hainaautochina.com/api/vehicle-image/hainaauto/254024257/col_9bc8e6fcd94f893f.webp,Chery,"https://www.hainaautochina.com/api/vehicle-image/hainaauto/254024257/col_a7269f12cec84808.webp,https://www.hainaautochina.com/api/vehicle-image/hainaauto/254024257/col_368996ebf8aa008b.webp,https://www.hainaautochina.com/api/vehicle-image/hainaauto/254024257/col_38bed6504f86b0ff.webp",Maquinaria y camiones > 2023 Jiangtun Wide-Range,2023 Jiangtun Wide-Range,Venezuela,Chery
hainaauto-539423961,2023 Gree Titanium 2023 - Importacion desde China a Venezuela,"Guangtong 2023 · 2023 Gree Titanium · 3.333 km · Multicolor · automatic · Disponible en Guangxi. Vehiculo disponible para compradores en Venezuela, con inspeccion, documentos de exportacion y apoyo logistico de HainaAuto. Stock HA-539423961.",in stock,used,10403.18 USD,https://www.hainaautochina.com/vehicles/hainaauto-539423961,https://www.hainaautochina.com/api/vehicle-image/hainaauto/539423961/col_8a40f22ce714e6e2.webp,Guangtong,"https://www.hainaautochina.com/api/vehicle-image/hainaauto/539423961/col_895997cb50990e3f.webp,https://www.hainaautochina.com/api/vehicle-image/hainaauto/539423961/col_4ee86a112084fcc4.webp,https://www.hainaautochina.com/api/vehicle-image/hainaauto/539423961/col_98436fc24a8c2903.webp",Maquinaria y camiones > 2023 Gree Titanium,2023 Gree Titanium,Venezuela,Guangtong
hainaauto-401943278,"2023 Jiangtu ""Kuan 2023 - Importacion desde China a Venezuela","Kairui 2023 · 2023 Jiangtu ""Kuan · 17.083 km · White · automatic · Disponible en Zhejiang. Vehiculo disponible para compradores en Venezuela, con inspeccion, documentos de exportacion y apoyo logistico de HainaAuto. Stock HA-401943278.",in stock,used,10419.86 USD,https://www.hainaautochina.com/vehicles/hainaauto-401943278,https://www.hainaautochina.com/api/vehicle-image/hainaauto/401943278/col_061ae011f5d5ec68.webp,Kairui,"https://www.hainaautochina.com/api/vehicle-image/hainaauto/401943278/col_93d0a0ab844da802.webp,https://www.hainaautochina.com/api/vehicle-image/hainaauto/401943278/col_a5b09e5db879194c.webp,https://www.hainaautochina.com/api/vehicle-image/hainaauto/401943278/col_58ca85407dee9834.webp","Maquinaria y camiones > 2023 Jiangtu ""Kuan","2023 Jiangtu ""Kuan",Venezuela,Kairui
hainaauto-380830253,2023 Rongguang Light 2023 - Importacion desde China a Venezuela,"Wuling 2023 · 2023 Rongguang Light · 1.667 km · grey · Manual · Disponible en Guangdong. Vehiculo disponible para compradores en Venezuela, con inspeccion, documentos de exportacion y apoyo logistico de HainaAuto. Stock HA-380830253.",in stock,used,10503.26 USD,https://www.hainaautochina.com/vehicles/hainaauto-380830253,https://www.hainaautochina.com/api/vehicle-image/hainaauto/380830253/col_bb2e5a7bf590e763.webp,Wuling,"https://www.hainaautochina.com/api/vehicle-image/hainaauto/380830253/col_7ef60efac065f4e4.webp,https://www.hainaautochina.com/api/vehicle-image/hainaauto/380830253/col_de4be37da4ec19dc.webp,https://www.hainaautochina.com/api/vehicle-image/hainaauto/380830253/col_1555f034e035b71c.webp",Maquinaria y camiones > 2023 Rongguang Light,2023 Rongguang Light,Venezuela,Wuling
hainaauto-73712843,K3 2023 1.5L 2023 - Importacion desde China a Venezuela,"Kia 2023 · K3 2023 1.5L · 33.333 km · White · CVT continuously variable transmission (simulating 8 gears) · Disponible en Hunan. Vehiculo disponible para compradores en Venezuela, con inspeccion, documentos de exportacion y apoyo logistico de HainaAuto. Stock HA-73712843.",in stock,used,10653.38 USD,https://www.hainaautochina.com/vehicles/hainaauto-73712843,https://www.hainaautochina.com/api/vehicle-image/hainaauto/73712843/col_eb583039a31647ae.webp,Kia,"https://www.hainaautochina.com/api/vehicle-image/hainaauto/73712843/col_a6f350e1eeded4e0.webp,https://www.hainaautochina.com/api/vehicle-image/hainaauto/73712843/col_ed5720abb997776d.webp,https://www.hainaautochina.com/api/vehicle-image/hainaauto/73712843/col_a5d7bc826e20b567.webp",Sedanes y hatchbacks > K3 2023 1.5L,K3 2023 1.5L,Venezuela,Kia
cntransit-969715373,2023 Tuyao 2.0T 2023 - Importacion desde China a Venezuela,"Foton 2023 · 2023 Tuyao 2.0T · 45.833 km · Gray · Automatic · Disponible en Zhejiang. Vehiculo disponible para compradores en Venezuela, con inspeccion, documentos de exportacion y apoyo logistico de HainaAuto. Stock CN-969715373.",in stock,used,10670.06 USD,https://www.hainaautochina.com/vehicles/cntransit-969715373,https://www.hainaautochina.com/api/vehicle-image/cntransit/969715373/col_48c8d28f6845c522.jpg,Foton,"https://www.hainaautochina.com/api/vehicle-image/cntransit/969715373/col_9a4a54d20060e3d9.jpg,https://www.hainaautochina.com/api/vehicle-image/cntransit/969715373/col_b51c0e00d06b50b0.jpg,https://www.hainaautochina.com/api/vehicle-image/cntransit/969715373/col_772457e2b3f01983.jpg",Maquinaria y camiones > 2023 Tuyao 2.0T,2023 Tuyao 2.0T,Venezuela,Foton
cntransit-09849986,Aulion CTS Manual 2023 - Importacion desde China a Venezuela,"Foton 2023 · Aulion CTS Manual · 6.667 km · Multicolor · Manual · Disponible en Fujian. Vehiculo disponible para compradores en Venezuela, con inspeccion, documentos de exportacion y apoyo logistico de HainaAuto. Stock CN-09849986.",in stock,used,10736.78 USD,https://www.hainaautochina.com/vehicles/cntransit-09849986,https://www.hainaautochina.com/api/vehicle-image/cntransit/09849986/col_277b58aa243b5b89.jpg,Foton,"https://www.hainaautochina.com/api/vehicle-image/cntransit/09849986/col_f5d2de547b0f5ec6.jpg,https://www.hainaautochina.com/api/vehicle-image/cntransit/09849986/col_724a7af48135a8da.jpg,https://www.hainaautochina.com/api/vehicle-image/cntransit/09849986/col_3231d88ac24a6f9c.jpg",Maquinaria y camiones > Aulion CTS Manual,Aulion CTS Manual,Venezuela,Foton
hainaauto-175616231,F1E 2023 Flatbed 2023 - Importacion desde China a Venezuela,"CATL 2023 · F1E 2023 Flatbed · 29.167 km · White · automatic · Disponible en Guangdong. Vehiculo disponible para compradores en Venezuela, con inspeccion, documentos de exportacion y apoyo logistico de HainaAuto. Stock HA-175616231.",in stock,used,10820.18 USD,https://www.hainaautochina.com/vehicles/hainaauto-175616231,https://www.hainaautochina.com/api/vehicle-image/hainaauto/175616231/col_b0d9765ad5c6566c.webp,CATL,"https://www.hainaautochina.com/api/vehicle-image/hainaauto/175616231/col_8ffdadbba9e9d57f.webp,https://www.hainaautochina.com/api/vehicle-image/hainaauto/175616231/col_78ffa40f4a980b05.webp,https://www.hainaautochina.com/api/vehicle-image/hainaauto/175616231/col_e454e768171cc950.webp",Maquinaria y camiones > F1E 2023 Flatbed,F1E 2023 Flatbed,Venezuela,CATL
hainaauto-155925127,2023 Xiangling M1 2023 - Importacion desde China a Venezuela,"Foton 2023 · 2023 Xiangling M1 · 1.875 km · White · Manual · Disponible en Shanghai. Vehiculo disponible para compradores en Venezuela, con inspeccion, documentos de exportacion y apoyo logistico de HainaAuto. Stock HA-155925127.",in stock,used,10836.86 USD,https://www.hainaautochina.com/vehicles/hainaauto-155925127,https://www.hainaautochina.com/api/vehicle-image/hainaauto/155925127/col_526969b3ab4934f6.webp,Foton,"https://www.hainaautochina.com/api/vehicle-image/hainaauto/155925127/col_0299b97d3e38d1b4.webp,https://www.hainaautochina.com/api/vehicle-image/hainaauto/155925127/col_b76801ca1bde3b0b.webp,https://www.hainaautochina.com/api/vehicle-image/hainaauto/155925127/col_eb2c98d37090357c.webp",Maquinaria y camiones > 2023 Xiangling M1,2023 Xiangling M1,Venezuela,Foton
hainaauto-119338666,2023 Deyi 2.5T 2023 - Importacion desde China a Venezuela,"Iveco 2023 · 2023 Deyi 2.5T · 8.333 km · White · Manual · Disponible en Sichuan. Vehiculo disponible para compradores en Venezuela, con inspeccion, documentos de exportacion y apoyo logistico de HainaAuto. Stock HA-119338666.",in stock,used,10903.58 USD,https://www.hainaautochina.com/vehicles/hainaauto-119338666,https://www.hainaautochina.com/api/vehicle-image/hainaauto/119338666/col_b41ac616385f47fa.webp,Iveco,"https://www.hainaautochina.com/api/vehicle-image/hainaauto/119338666/col_de71731d59ce91dd.webp,https://www.hainaautochina.com/api/vehicle-image/hainaauto/119338666/col_8a93f9625a0ba5a8.webp,https://www.hainaautochina.com/api/vehicle-image/hainaauto/119338666/col_bed800bee33ab0b5.webp",Maquinaria y camiones > 2023 Deyi 2.5T,2023 Deyi 2.5T,Venezuela,Iveco
cntransit-526013863,"Year, Standard Edition, 2023 - Importacion desde China a Venezuela","Model 2023 · Year, Standard Edition, · 58.333 km · White · Automatic · Disponible en Fujian. Vehiculo disponible para compradores en Venezuela, con inspeccion, documentos de exportacion y apoyo logistico de HainaAuto. Stock CN-526013863.",in stock,used,10961.96 USD,https://www.hainaautochina.com/vehicles/cntransit-526013863,https://www.hainaautochina.com/api/vehicle-image/cntransit/526013863/col_1457b8d729678548.jpg,Model,"https://www.hainaautochina.com/api/vehicle-image/cntransit/526013863/col_e778abe0cbfbfe16.jpg,https://www.hainaautochina.com/api/vehicle-image/cntransit/526013863/col_6fe55fb8497cbe64.jpg,https://www.hainaautochina.com/api/vehicle-image/cntransit/526013863/col_32696edef7f1144b.jpg","Maquinaria y camiones > Year, Standard Edition,","Year, Standard Edition,",Venezuela,Model
cntransit-65728380,Maxus MAXUS EV30 2023 - Importacion desde China a Venezuela,"SAIC 2023 · Maxus MAXUS EV30 · 17.917 km · White · Automatic · Disponible en Henan. Vehiculo disponible para compradores en Venezuela, con inspeccion, documentos de exportacion y apoyo logistico de HainaAuto. Stock CN-65728380.",in stock,used,11070.38 USD,https://www.hainaautochina.com/vehicles/cntransit-65728380,https://www.hainaautochina.com/api/vehicle-image/cntransit/65728380/col_aa7880b3804e6c60.jpg,SAIC,"https://www.hainaautochina.com/api/vehicle-image/cntransit/65728380/col_52a25455da47cb8e.jpg,https://www.hainaautochina.com/api/vehicle-image/cntransit/65728380/col_55c22975a20b8c2f.jpg,https://www.hainaautochina.com/api/vehicle-image/cntransit/65728380/col_f5f466f5bee3ab20.jpg",Maquinaria y camiones > Maxus MAXUS EV30,Maxus MAXUS EV30,Venezuela,SAIC
hainaauto-011922820,Star Enjoy F1E 2023 - Importacion desde China a Venezuela,"Remote 2023 · Star Enjoy F1E · 2.292 km · White · automatic · Disponible en Shandong. Vehiculo disponible para compradores en Venezuela, con inspeccion, documentos de exportacion y apoyo logistico de HainaAuto. Stock HA-011922820.",in stock,used,11087.06 USD,https://www.hainaautochina.com/vehicles/hainaauto-011922820,https://www.hainaautochina.com/api/vehicle-image/hainaauto/011922820/col_7a3005aab7f86129.webp,Remote,"https://www.hainaautochina.com/api/vehicle-image/hainaauto/011922820/col_6f1fcbe7b6ca7e45.webp,https://www.hainaautochina.com/api/vehicle-image/hainaauto/011922820/col_8d76a418b48fa07b.webp,https://www.hainaautochina.com/api/vehicle-image/hainaauto/011922820/col_922cb1b833c86d5c.webp",Maquinaria y camiones > Star Enjoy F1E,Star Enjoy F1E,Venezuela,Remote
hainaauto-350633852,2023 Yufeng 2.3T 2023 - Importacion desde China a Venezuela,"Dongfeng 2023 · 2023 Yufeng 2.3T · 37.500 km · green · Manual · Disponible en Jiangsu. Vehiculo disponible para compradores en Venezuela, con inspeccion, documentos de exportacion y apoyo logistico de HainaAuto. Stock HA-350633852.",in stock,used,11087.06 USD,https://www.hainaautochina.com/vehicles/hainaauto-350633852,https://www.hainaautochina.com/api/vehicle-image/hainaauto/350633852/col_c40fb97361c21042.webp,Dongfeng,"https://www.hainaautochina.com/api/vehicle-image/hainaauto/350633852/col_2da6741100f1585c.webp,https://www.hainaautochina.com/api/vehicle-image/hainaauto/350633852/col_b667ea907cb1579a.webp,https://www.hainaautochina.com/api/vehicle-image/hainaauto/350633852/col_c45dd80ad84db766.webp",Maquinaria y camiones > 2023 Yufeng 2.3T,2023 Yufeng 2.3T,Venezuela,Dongfeng
hainaauto-722540385,"Xiaokang EC36II, CATL 2023 - Importacion desde China a Venezuela","Dongfeng 2023 · Xiaokang EC36II, CATL · 3.750 km · grey · Electric vehicle single-speed gearbox · Disponible en Guangdong. Vehiculo disponible para compradores en Venezuela, con inspeccion, documentos de exportacion y apoyo logistico de HainaAuto. Stock HA-722540385.",in stock,used,11087.06 USD,https://www.hainaautochina.com/vehicles/hainaauto-722540385,https://www.hainaautochina.com/api/vehicle-image/hainaauto/722540385/col_8204b315902267b8.webp,Dongfeng,"https://www.hainaautochina.com/api/vehicle-image/hainaauto/722540385/col_4574cda0ecae2ea0.webp,https://www.hainaautochina.com/api/vehicle-image/hainaauto/722540385/col_c4c8ca1d3eb75912.webp,https://www.hainaautochina.com/api/vehicle-image/hainaauto/722540385/col_b2864ece40b7aa5c.webp","Maquinaria y camiones > Xiaokang EC36II, CATL","Xiaokang EC36II, CATL",Venezuela,Dongfeng
cntransit-327912849,2023 V80 2.0T 2023 - Importacion desde China a Venezuela,"Changjiang 2023 · 2023 V80 2.0T · 41.667 km · White · Manual · Disponible en Anhui. Vehiculo disponible para compradores en Venezuela, con inspeccion, documentos de exportacion y apoyo logistico de HainaAuto. Stock CN-327912849.",in stock,used,11170.46 USD,https://www.hainaautochina.com/vehicles/cntransit-327912849,https://www.hainaautochina.com/api/vehicle-image/cntransit/327912849/col_94709393734ad4be.jpg,Changjiang,"https://www.hainaautochina.com/api/vehicle-image/cntransit/327912849/col_a24668e0581cc658.jpg,https://www.hainaautochina.com/api/vehicle-image/cntransit/327912849/col_bdcee575d635f786.jpg,https://www.hainaautochina.com/api/vehicle-image/cntransit/327912849/col_df618ae90144ab38.jpg",Maquinaria y camiones > 2023 V80 2.0T,2023 V80 2.0T,Venezuela,Changjiang
cntransit-947815626,2023 Aoling M-Class 2023 - Importacion desde China a Venezuela,"Foton 2023 · 2023 Aoling M-Class · 5.833 km · White · Manual · Disponible en Shaanxi. Vehiculo disponible para compradores en Venezuela, con inspeccion, documentos de exportacion y apoyo logistico de HainaAuto. Stock CN-947815626.",in stock,used,11170.46 USD,https://www.hainaautochina.com/vehicles/cntransit-947815626,https://www.hainaautochina.com/api/vehicle-image/cntransit/947815626/col_bb0d06fb0c6b784d.jpg,Foton,"https://www.hainaautochina.com/api/vehicle-image/cntransit/947815626/col_c793a67da3e49bf1.jpg,https://www.hainaautochina.com/api/vehicle-image/cntransit/947815626/col_26b949e89b50a77f.jpg,https://www.hainaautochina.com/api/vehicle-image/cntransit/947815626/col_7e0dc03bc838b14c.jpg",Maquinaria y camiones > 2023 Aoling M-Class,2023 Aoling M-Class,Venezuela,Foton
hainaauto-707851013,Sylphy 2023 1.6L 2023 - Importacion desde China a Venezuela,"Nissan 2023 · Sylphy 2023 1.6L · 25.000 km · black · CVT continuously variable transmission · Disponible en Anhui. Vehiculo disponible para compradores en Venezuela, con inspeccion, documentos de exportacion y apoyo logistico de HainaAuto. Stock HA-707851013.",in stock,used,11170.46 USD,https://www.hainaautochina.com/vehicles/hainaauto-707851013,https://www.hainaautochina.com/api/vehicle-image/hainaauto/707851013/col_37032a3a26c68b68.webp,Nissan,"https://www.hainaautochina.com/api/vehicle-image/hainaauto/707851013/col_30c341dec4dea7ad.webp,https://www.hainaautochina.com/api/vehicle-image/hainaauto/707851013/col_92b38472b6ec7eff.webp,https://www.hainaautochina.com/api/vehicle-image/hainaauto/707851013/col_7cd16b988787ed62.webp",Sedanes y hatchbacks > Sylphy 2023 1.6L,Sylphy 2023 1.6L,Venezuela,Nissan
hainaauto-829522201,Edition Pioneer I 2023 - Importacion desde China a Venezuela,"Standard 2023 · Edition Pioneer I · 29.167 km · White · automatic · Disponible en Fujian. Vehiculo disponible para compradores en Venezuela, con inspeccion, documentos de exportacion y apoyo logistico de HainaAuto. Stock HA-829522201.",in stock,used,11170.46 USD,https://www.hainaautochina.com/vehicles/hainaauto-829522201,https://www.hainaautochina.com/api/vehicle-image/hainaauto/829522201/col_85b96a2212196d84.webp,Standard,"https://www.hainaautochina.com/api/vehicle-image/hainaauto/829522201/col_0bb6e4ded59ab39c.webp,https://www.hainaautochina.com/api/vehicle-image/hainaauto/829522201/col_dd7bbdfdddb21f0a.webp,https://www.hainaautochina.com/api/vehicle-image/hainaauto/829522201/col_5512d60048a193fd.webp",Maquinaria y camiones > Edition Pioneer I,Edition Pioneer I,Venezuela,Standard
hainaauto-663613488,2023 Shuailing i3 2023 - Importacion desde China a Venezuela,"JAC 2023 · 2023 Shuailing i3 · 30.375 km · White · automatic · Disponible en Shandong. Vehiculo disponible para compradores en Venezuela, con inspeccion, documentos de exportacion y apoyo logistico de HainaAuto. Stock HA-663613488.",in stock,used,11237.18 USD,https://www.hainaautochina.com/vehicles/hainaauto-663613488,https://www.hainaautochina.com/api/vehicle-image/hainaauto/663613488/col_6e6dd1fdbba496d9.webp,JAC,"https://www.hainaautochina.com/api/vehicle-image/hainaauto/663613488/col_db4ee6a45c44bc5d.webp,https://www.hainaautochina.com/api/vehicle-image/hainaauto/663613488/col_c2d4fdef9cb9b4b6.webp,https://www.hainaautochina.com/api/vehicle-image/hainaauto/663613488/col_4f1093beba0bcf75.webp",Maquinaria y camiones > 2023 Shuailing i3,2023 Shuailing i3,Venezuela,JAC
cntransit-93098443,2023 T5L EV 2023 - Importacion desde China a Venezuela,"Xinyuan 2023 · 2023 T5L EV · 75.000 km · Gray · Automatic · Disponible en Fujian. Vehiculo disponible para compradores en Venezuela, con inspeccion, documentos de exportacion y apoyo logistico de HainaAuto. Stock CN-93098443.",in stock,used,11253.86 USD,https://www.hainaautochina.com/vehicles/cntransit-93098443,https://www.hainaautochina.com/api/vehicle-image/cntransit/93098443/col_a37223456ee35959.jpg,Xinyuan,"https://www.hainaautochina.com/api/vehicle-image/cntransit/93098443/col_611311a5ef0894ce.jpg,https://www.hainaautochina.com/api/vehicle-image/cntransit/93098443/col_390ba97d0330beeb.jpg,https://www.hainaautochina.com/api/vehicle-image/cntransit/93098443/col_3754879c6918c834.jpg",Maquinaria y camiones > 2023 T5L EV,2023 T5L EV,Venezuela,Xinyuan
hainaauto-591138488,GT 2023 Model 2023 - Importacion desde China a Venezuela,"Nezha 2023 · GT 2023 Model · 42.083 km · grey · automatic · Disponible en Zhejiang. Vehiculo disponible para compradores en Venezuela, con inspeccion, documentos de exportacion y apoyo logistico de HainaAuto. Stock HA-591138488.",in stock,used,11320.58 USD,https://www.hainaautochina.com/vehicles/hainaauto-591138488,https://www.hainaautochina.com/api/vehicle-image/hainaauto/591138488/col_98878be6cabcb39a.webp,Nezha,"https://www.hainaautochina.com/api/vehicle-image/hainaauto/591138488/col_521311bb3f48d6aa.webp,https://www.hainaautochina.com/api/vehicle-image/hainaauto/591138488/col_b652414cef6b742d.webp,https://www.hainaautochina.com/api/vehicle-image/hainaauto/591138488/col_88c8ee783c6e1326.webp",Superautos y deportivos > GT 2023 Model,GT 2023 Model,Venezuela,Nezha
hainaauto-973937390,Bus 2023 Yufeng 2023 - Importacion desde China a Venezuela,"Dongfeng 2023 · Bus 2023 Yufeng · 87.500 km · black · automatic · Disponible en Anhui. Vehiculo disponible para compradores en Venezuela, con inspeccion, documentos de exportacion y apoyo logistico de HainaAuto. Stock HA-973937390.",in stock,used,11403.98 USD,https://www.hainaautochina.com/vehicles/hainaauto-973937390,https://www.hainaautochina.com/api/vehicle-image/hainaauto/973937390/col_66e3cc747a3d7ba5.webp,Dongfeng,"https://www.hainaautochina.com/api/vehicle-image/hainaauto/973937390/col_45b9caf86c55bd56.webp,https://www.hainaautochina.com/api/vehicle-image/hainaauto/973937390/col_9fcb89c29a361a13.webp,https://www.hainaautochina.com/api/vehicle-image/hainaauto/973937390/col_9c74e76ce60518e7.webp",Maquinaria y camiones > Bus 2023 Yufeng,Bus 2023 Yufeng,Venezuela,Dongfeng
hainaauto-138123109,2023 Starry Night 2023 - Importacion desde China a Venezuela,"JAC 2023 · 2023 Starry Night · 28.333 km · White · Manual · Disponible en Sichuan. Vehiculo disponible para compradores en Venezuela, con inspeccion, documentos de exportacion y apoyo logistico de HainaAuto. Stock HA-138123109.",in stock,used,11487.38 USD,https://www.hainaautochina.com/vehicles/hainaauto-138123109,https://www.hainaautochina.com/api/vehicle-image/hainaauto/138123109/col_5cfe7d8ec228f498.webp,JAC,"https://www.hainaautochina.com/api/vehicle-image/hainaauto/138123109/col_037f32fdbd5cc728.webp,https://www.hainaautochina.com/api/vehicle-image/hainaauto/138123109/col_4b005d16767acd8e.webp,https://www.hainaautochina.com/api/vehicle-image/hainaauto/138123109/col_37db7cc4a654e75d.webp",Maquinaria y camiones > 2023 Starry Night,2023 Starry Night,Venezuela,JAC
hainaauto-194821819,Sylphy 2023 Ultra 2023 - Importacion desde China a Venezuela,"Nissan 2023 · Sylphy 2023 Ultra · 16.667 km · black · Electric vehicle single-speed gearbox · Disponible en Beijing. Vehiculo disponible para compradores en Venezuela, con inspeccion, documentos de exportacion y apoyo logistico de HainaAuto. Stock HA-194821819.",in stock,used,11495.72 USD,https://www.hainaautochina.com/vehicles/hainaauto-194821819,https://www.hainaautochina.com/api/vehicle-image/hainaauto/194821819/col_4838dce3bc377ad4.webp,Nissan,"https://www.hainaautochina.com/api/vehicle-image/hainaauto/194821819/col_133ac864d6f580c0.webp,https://www.hainaautochina.com/api/vehicle-image/hainaauto/194821819/col_a6f8f41872547c78.webp,https://www.hainaautochina.com/api/vehicle-image/hainaauto/194821819/col_715cf5064ee8ff97.webp",Sedanes y hatchbacks > Sylphy 2023 Ultra,Sylphy 2023 Ultra,Venezuela,Nissan
cntransit-773514245,"Single-Deck Container Truck, 2023 - Importacion desde China a Venezuela","Model 2023 · Single-Deck Container Truck, · 8.333 km · Gray · Automatic · Disponible en Fujian. Vehiculo disponible para compradores en Venezuela, con inspeccion, documentos de exportacion y apoyo logistico de HainaAuto. Stock CN-773514245.",in stock,used,11504.06 USD,https://www.hainaautochina.com/vehicles/cntransit-773514245,https://www.hainaautochina.com/api/vehicle-image/cntransit/773514245/col_69afb44105bda803.jpg,Model,"https://www.hainaautochina.com/api/vehicle-image/cntransit/773514245/col_8cc945ded9f24743.jpg,https://www.hainaautochina.com/api/vehicle-image/cntransit/773514245/col_5380124fe1e53298.jpg,https://www.hainaautochina.com/api/vehicle-image/cntransit/773514245/col_e52c0536c9c495a9.jpg","Maquinaria y camiones > Single-Deck Container Truck,","Single-Deck Container Truck,",Venezuela,Model
hainaauto-423126824,Kuayue Kuayue Star 2023 - Importacion desde China a Venezuela,"Changan 2023 · Kuayue Kuayue Star · 25.000 km · Multicolor · automatic · Disponible en Guangdong. Vehiculo disponible para compradores en Venezuela, con inspeccion, documentos de exportacion y apoyo logistico de HainaAuto. Stock HA-423126824.",in stock,used,11654.18 USD,https://www.hainaautochina.com/vehicles/hainaauto-423126824,https://www.hainaautochina.com/api/vehicle-image/hainaauto/423126824/col_40284af922ebeaf2.webp,Changan,"https://www.hainaautochina.com/api/vehicle-image/hainaauto/423126824/col_a8babecc5f21493d.webp,https://www.hainaautochina.com/api/vehicle-image/hainaauto/423126824/col_7e84cfe7fc93ee05.webp,https://www.hainaautochina.com/api/vehicle-image/hainaauto/423126824/col_f85e103f40f8b7d1.webp",Maquinaria y camiones > Kuayue Kuayue Star,Kuayue Kuayue Star,Venezuela,Changan
hainaauto-509418940,2023 Little Elephant 2023 - Importacion desde China a Venezuela,"Chery 2023 · 2023 Little Elephant · 2.500 km · Beige · automatic · Disponible en Guangxi. Vehiculo disponible para compradores en Venezuela, con inspeccion, documentos de exportacion y apoyo logistico de HainaAuto. Stock HA-509418940.",in stock,used,11987.78 USD,https://www.hainaautochina.com/vehicles/hainaauto-509418940,https://www.hainaautochina.com/api/vehicle-image/hainaauto/509418940/col_84a56a0bbe89d2ea.webp,Chery,"https://www.hainaautochina.com/api/vehicle-image/hainaauto/509418940/col_2d2752bc23f0e718.webp,https://www.hainaautochina.com/api/vehicle-image/hainaauto/509418940/col_ceeb3af377c3824a.webp,https://www.hainaautochina.com/api/vehicle-image/hainaauto/509418940/col_782364078ef96a21.webp",Maquinaria y camiones > 2023 Little Elephant,2023 Little Elephant,Venezuela,Chery
hainaauto-686311446,Sylphy 1.6L CVT 2023 - Importacion desde China a Venezuela,"Nissan 2023 · Sylphy 1.6L CVT · 25.000 km · White · CVT continuously variable transmission · Disponible en Guangdong. Vehiculo disponible para compradores en Venezuela, con inspeccion, documentos de exportacion y apoyo logistico de HainaAuto. Stock HA-686311446.",in stock,used,11987.78 USD,https://www.hainaautochina.com/vehicles/hainaauto-686311446,https://www.hainaautochina.com/api/vehicle-image/hainaauto/686311446/col_5bddd9822abd6e37.webp,Nissan,"https://www.hainaautochina.com/api/vehicle-image/hainaauto/686311446/col_9d3bd612d6468c0a.webp,https://www.hainaautochina.com/api/vehicle-image/hainaauto/686311446/col_97b5bf7afec17b43.webp,https://www.hainaautochina.com/api/vehicle-image/hainaauto/686311446/col_5e0dec2b5d53faba.webp",Sedanes y hatchbacks > Sylphy 1.6L CVT,Sylphy 1.6L CVT,Venezuela,Nissan
cntransit-301412977,V1 2023 Model 2023 - Importacion desde China a Venezuela,"Dana 2023 · V1 2023 Model · 46.667 km · Pink · Automatic · Disponible en Guangdong. Vehiculo disponible para compradores en Venezuela, con inspeccion, documentos de exportacion y apoyo logistico de HainaAuto. Stock CN-301412977.",in stock,used,12004.46 USD,https://www.hainaautochina.com/vehicles/cntransit-301412977,https://www.hainaautochina.com/api/vehicle-image/cntransit/301412977/col_ba7e309eb319decb.jpg,Dana,"https://www.hainaautochina.com/api/vehicle-image/cntransit/301412977/col_95c35d6b999245f7.jpg,https://www.hainaautochina.com/api/vehicle-image/cntransit/301412977/col_de090091e82125f8.jpg,https://www.hainaautochina.com/api/vehicle-image/cntransit/301412977/col_c51767e56a65cea6.jpg",Maquinaria y camiones > V1 2023 Model,V1 2023 Model,Venezuela,Dana
cntransit-603117383,GT 580 AWD 2023 - Importacion desde China a Venezuela,"Nata 2023 · GT 580 AWD · 19.167 km · Blue · Automatic · Disponible en Zhejiang. Vehiculo disponible para compradores en Venezuela, con inspeccion, documentos de exportacion y apoyo logistico de HainaAuto. Stock CN-603117383.",in stock,used,12004.46 USD,https://www.hainaautochina.com/vehicles/cntransit-603117383,https://www.hainaautochina.com/api/vehicle-image/cntransit/603117383/col_f4c8794730d14865.jpg,Nata,"https://www.hainaautochina.com/api/vehicle-image/cntransit/603117383/col_58433dca55ac8d77.jpg,https://www.hainaautochina.com/api/vehicle-image/cntransit/603117383/col_9773bf2c2dbda3a6.jpg,https://www.hainaautochina.com/api/vehicle-image/cntransit/603117383/col_7ac12712e13007c9.jpg",Superautos y deportivos > GT 580 AWD,GT 580 AWD,Venezuela,Nata
hainaauto-391418623,2023 Tuano 2.0T 2023 - Importacion desde China a Venezuela,"Foton 2023 · 2023 Tuano 2.0T · 5.000 km · White · Manual · Disponible en Shaanxi. Vehiculo disponible para compradores en Venezuela, con inspeccion, documentos de exportacion y apoyo logistico de HainaAuto. Stock HA-391418623.",in stock,used,12004.46 USD,https://www.hainaautochina.com/vehicles/hainaauto-391418623,https://www.hainaautochina.com/api/vehicle-image/hainaauto/391418623/col_fae4d47536a79de9.webp,Foton,"https://www.hainaautochina.com/api/vehicle-image/hainaauto/391418623/col_b1aab317ac56d6a1.webp,https://www.hainaautochina.com/api/vehicle-image/hainaauto/391418623/col_e5387f603e5a3e1b.webp,https://www.hainaautochina.com/api/vehicle-image/hainaauto/391418623/col_faf16155cac4eb8b.webp",Maquinaria y camiones > 2023 Tuano 2.0T,2023 Tuano 2.0T,Venezuela,Foton
hainaauto-439820712,T5L EV 2023 2023 - Importacion desde China a Venezuela,"Xinyuan 2023 · T5L EV 2023 · 37.500 km · grey · automatic · Disponible en Fujian. Vehiculo disponible para compradores en Venezuela, con inspeccion, documentos de exportacion y apoyo logistico de HainaAuto. Stock HA-439820712.",in stock,used,12071.18 USD,https://www.hainaautochina.com/vehicles/hainaauto-439820712,https://www.hainaautochina.com/api/vehicle-image/hainaauto/439820712/col_4e9c918692b5933f.webp,Xinyuan,"https://www.hainaautochina.com/api/vehicle-image/hainaauto/439820712/col_fc81b54ee446d72f.webp,https://www.hainaautochina.com/api/vehicle-image/hainaauto/439820712/col_6c6fcbb1e7ac8c8a.webp,https://www.hainaautochina.com/api/vehicle-image/hainaauto/439820712/col_04a7521522264d3a.webp",Maquinaria y camiones > T5L EV 2023,T5L EV 2023,Venezuela,Xinyuan
hainaauto-782942721,2023 Juxing 2.0T 2023 - Importacion desde China a Venezuela,"Iveco 2023 · 2023 Juxing 2.0T · 12.500 km · grey · Manual · Disponible en Zhejiang. Vehiculo disponible para compradores en Venezuela, con inspeccion, documentos de exportacion y apoyo logistico de HainaAuto. Stock HA-782942721.",in stock,used,12071.18 USD,https://www.hainaautochina.com/vehicles/hainaauto-782942721,https://www.hainaautochina.com/api/vehicle-image/hainaauto/782942721/col_8fbe9e8d48b24941.webp,Iveco,"https://www.hainaautochina.com/api/vehicle-image/hainaauto/782942721/col_742e6ac2beb66388.webp,https://www.hainaautochina.com/api/vehicle-image/hainaauto/782942721/col_ef9b2a7f0b12eb69.webp,https://www.hainaautochina.com/api/vehicle-image/hainaauto/782942721/col_52f835c718f5707b.webp",Maquinaria y camiones > 2023 Juxing 2.0T,2023 Juxing 2.0T,Venezuela,Iveco
hainaauto-809926576,2023 Deity 2.8T 2023 - Importacion desde China a Venezuela,"Iveco 2023 · 2023 Deity 2.8T · 5.000 km · grey · Manual · Disponible en Henan. Vehiculo disponible para compradores en Venezuela, con inspeccion, documentos de exportacion y apoyo logistico de HainaAuto. Stock HA-809926576.",in stock,used,12246.32 USD,https://www.hainaautochina.com/vehicles/hainaauto-809926576,https://www.hainaautochina.com/api/vehicle-image/hainaauto/809926576/col_7257c62a5aa7ecc4.webp,Iveco,"https://www.hainaautochina.com/api/vehicle-image/hainaauto/809926576/col_f410fd7618309df2.webp,https://www.hainaautochina.com/api/vehicle-image/hainaauto/809926576/col_386575d6c1ccb1af.webp,https://www.hainaautochina.com/api/vehicle-image/hainaauto/809926576/col_307ce18b7e5f44e8.webp",Maquinaria y camiones > 2023 Deity 2.8T,2023 Deity 2.8T,Venezuela,Iveco
hainaauto-268519860,Fushun 2023 2.0T 2023 - Importacion desde China a Venezuela,"Jiangling 2023 · Fushun 2023 2.0T · 95.833 km · White · 8-speed automatic · Disponible en Zhejiang. Vehiculo disponible para compradores en Venezuela, con inspeccion, documentos de exportacion y apoyo logistico de HainaAuto. Stock HA-268519860.",in stock,used,12504.86 USD,https://www.hainaautochina.com/vehicles/hainaauto-268519860,https://www.hainaautochina.com/api/vehicle-image/hainaauto/268519860/col_f3e72e2b93e029c1.webp,Jiangling,"https://www.hainaautochina.com/api/vehicle-image/hainaauto/268519860/col_b82f4918fb9f94c0.webp,https://www.hainaautochina.com/api/vehicle-image/hainaauto/268519860/col_9bb96b04b763590b.webp,https://www.hainaautochina.com/api/vehicle-image/hainaauto/268519860/col_d5f8b014e3f32a18.webp",Maquinaria y camiones > Fushun 2023 2.0T,Fushun 2023 2.0T,Venezuela,Jiangling
cntransit-08838045,GT 560 Sport 2023 - Importacion desde China a Venezuela,"Nata 2023 · GT 560 Sport · 20.833 km · Blue · Automatic · Disponible en Chongqing. Vehiculo disponible para compradores en Venezuela, con inspeccion, documentos de exportacion y apoyo logistico de HainaAuto. Stock CN-08838045.",in stock,used,12755.06 USD,https://www.hainaautochina.com/vehicles/cntransit-08838045,https://www.hainaautochina.com/api/vehicle-image/cntransit/08838045/col_eaa28550b60bf221.jpg,Nata,"https://www.hainaautochina.com/api/vehicle-image/cntransit/08838045/col_5991ee166dfefe87.jpg,https://www.hainaautochina.com/api/vehicle-image/cntransit/08838045/col_fd18684bf0fd1ddc.jpg,https://www.hainaautochina.com/api/vehicle-image/cntransit/08838045/col_2edbd99cb1d36d46.jpg",Superautos y deportivos > GT 560 Sport,GT 560 Sport,Venezuela,Nata
cntransit-78773453,Fushun 2023 Model 2023 - Importacion desde China a Venezuela,"Jiangling 2023 · Fushun 2023 Model · 20.833 km · White · 8-speed automatic · Disponible en Zhejiang. Vehiculo disponible para compradores en Venezuela, con inspeccion, documentos de exportacion y apoyo logistico de HainaAuto. Stock CN-78773453.",in stock,used,12821.78 USD,https://www.hainaautochina.com/vehicles/cntransit-78773453,https://www.hainaautochina.com/api/vehicle-image/cntransit/78773453/col_997a89cd7bd570f8.jpg,Jiangling,"https://www.hainaautochina.com/api/vehicle-image/cntransit/78773453/col_a0eef2ba20e5f6b8.jpg,https://www.hainaautochina.com/api/vehicle-image/cntransit/78773453/col_836ef82c1fa0745f.jpg,https://www.hainaautochina.com/api/vehicle-image/cntransit/78773453/col_74f606a6fc8bd6d8.jpg",Maquinaria y camiones > Fushun 2023 Model,Fushun 2023 Model,Venezuela,Jiangling
hainaauto-050940650,Fushun 2023 Model 2023 - Importacion desde China a Venezuela,"JMC 2023 · Fushun 2023 Model · 19.583 km · White · 8-speed automatic · Disponible en Zhejiang. Vehiculo disponible para compradores en Venezuela, con inspeccion, documentos de exportacion y apoyo logistico de HainaAuto. Stock HA-050940650.",in stock,used,13005.26 USD,https://www.hainaautochina.com/vehicles/hainaauto-050940650,https://www.hainaautochina.com/api/vehicle-image/hainaauto/050940650/col_500e4789a1775cfa.webp,JMC,"https://www.hainaautochina.com/api/vehicle-image/hainaauto/050940650/col_8f881c5d4ea1b7da.webp,https://www.hainaautochina.com/api/vehicle-image/hainaauto/050940650/col_717390ad9c3e60b9.webp,https://www.hainaautochina.com/api/vehicle-image/hainaauto/050940650/col_3b876f12dcbc20f1.webp",Maquinaria y camiones > Fushun 2023 Model,Fushun 2023 Model,Venezuela,JMC
hainaauto-723613657,2023 model Dongfeng 2023 - Importacion desde China a Venezuela,"Dongfeng 2023 · 2023 model Dongfeng · 2.083 km · White · automatic · Disponible en Zhejiang. Vehiculo disponible para compradores en Venezuela, con inspeccion, documentos de exportacion y apoyo logistico de HainaAuto. Stock HA-723613657.",in stock,used,13005.26 USD,https://www.hainaautochina.com/vehicles/hainaauto-723613657,https://www.hainaautochina.com/api/vehicle-image/hainaauto/723613657/col_dd48a4c2de70ec43.webp,Dongfeng,"https://www.hainaautochina.com/api/vehicle-image/hainaauto/723613657/col_1c25e849c104c277.webp,https://www.hainaautochina.com/api/vehicle-image/hainaauto/723613657/col_551ffdc1c9f1d30b.webp,https://www.hainaautochina.com/api/vehicle-image/hainaauto/723613657/col_9c19f13ea596ce95.webp",Maquinaria y camiones > 2023 model Dongfeng,2023 model Dongfeng,Venezuela,Dongfeng
hainaauto-577129331,2023 Starry 5 2023 - Importacion desde China a Venezuela,"JAC 2023 · 2023 Starry 5 · 28.333 km · White · Manual · Disponible en Sichuan. Vehiculo disponible para compradores en Venezuela, con inspeccion, documentos de exportacion y apoyo logistico de HainaAuto. Stock HA-577129331.",in stock,used,13071.98 USD,https://www.hainaautochina.com/vehicles/hainaauto-577129331,https://www.hainaautochina.com/api/vehicle-image/hainaauto/577129331/col_947e6cdec45f92ae.webp,JAC,"https://www.hainaautochina.com/api/vehicle-image/hainaauto/577129331/col_48dbefecc05acbc6.webp,https://www.hainaautochina.com/api/vehicle-image/hainaauto/577129331/col_5906a0bfe92308fe.webp,https://www.hainaautochina.com/api/vehicle-image/hainaauto/577129331/col_7b70b6b004d3df3b.webp",Maquinaria y camiones > 2023 Starry 5,2023 Starry 5,Venezuela,JAC
cntransit-069412980,GT 2023 Model 2023 - Importacion desde China a Venezuela,"Nata 2023 · GT 2023 Model · 29.167 km · Blue · Automatic · Disponible en Tianjin. Vehiculo disponible para compradores en Venezuela, con inspeccion, documentos de exportacion y apoyo logistico de HainaAuto. Stock CN-069412980.",in stock,used,13238.78 USD,https://www.hainaautochina.com/vehicles/cntransit-069412980,https://www.hainaautochina.com/api/vehicle-image/cntransit/069412980/col_9ccde499afac145a.jpg,Nata,"https://www.hainaautochina.com/api/vehicle-image/cntransit/069412980/col_aee149837d94c717.jpg,https://www.hainaautochina.com/api/vehicle-image/cntransit/069412980/col_1929bfbc3fcf7bac.jpg,https://www.hainaautochina.com/api/vehicle-image/cntransit/069412980/col_3f8eb04425b5c02c.jpg",Superautos y deportivos > GT 2023 Model,GT 2023 Model,Venezuela,Nata
hainaauto-174129883,2023 Xingrui 5 2023 - Importacion desde China a Venezuela,"JAC 2023 · 2023 Xingrui 5 · 25.000 km · grey · Manual · Disponible en Hunan. Vehiculo disponible para compradores en Venezuela, con inspeccion, documentos de exportacion y apoyo logistico de HainaAuto. Stock HA-174129883.",in stock,used,13405.58 USD,https://www.hainaautochina.com/vehicles/hainaauto-174129883,https://www.hainaautochina.com/api/vehicle-image/hainaauto/174129883/col_4dec31e684b0b482.webp,JAC,"https://www.hainaautochina.com/api/vehicle-image/hainaauto/174129883/col_72f2c72f88bd48a2.webp,https://www.hainaautochina.com/api/vehicle-image/hainaauto/174129883/col_118d440c6bdfdc23.webp,https://www.hainaautochina.com/api/vehicle-image/hainaauto/174129883/col_94f59d920c60b0a7.webp",Maquinaria y camiones > 2023 Xingrui 5,2023 Xingrui 5,Venezuela,JAC
hainaauto-254325151,GT 2023 660 2023 - Importacion desde China a Venezuela,"Nata 2023 · GT 2023 660 · 19.167 km · pink · automatic · Disponible en Guangdong. Vehiculo disponible para compradores en Venezuela, con inspeccion, documentos de exportacion y apoyo logistico de HainaAuto. Stock HA-254325151.",in stock,used,13505.66 USD,https://www.hainaautochina.com/vehicles/hainaauto-254325151,https://www.hainaautochina.com/api/vehicle-image/hainaauto/254325151/col_37093625d75dbd7e.webp,Nata,"https://www.hainaautochina.com/api/vehicle-image/hainaauto/254325151/col_899e5e481b5d7afb.webp,https://www.hainaautochina.com/api/vehicle-image/hainaauto/254325151/col_1e6977d4b78e1270.webp,https://www.hainaautochina.com/api/vehicle-image/hainaauto/254325151/col_041c34251c722d54.webp",Superautos y deportivos > GT 2023 660,GT 2023 660,Venezuela,Nata
hainaauto-049528706,K3 1.4T Base 2023 - Importacion desde China a Venezuela,"Kia 2023 · K3 1.4T Base · 18.333 km · White · 7-speed dry dual-clutch · Disponible en Sichuan. Vehiculo disponible para compradores en Venezuela, con inspeccion, documentos de exportacion y apoyo logistico de HainaAuto. Stock HA-049528706.",in stock,used,13889.30 USD,https://www.hainaautochina.com/vehicles/hainaauto-049528706,https://www.hainaautochina.com/api/vehicle-image/hainaauto/049528706/col_e9e238815c439209.webp,Kia,"https://www.hainaautochina.com/api/vehicle-image/hainaauto/049528706/col_6f59a8ec34aa85a0.webp,https://www.hainaautochina.com/api/vehicle-image/hainaauto/049528706/col_20acfd32013a476d.webp,https://www.hainaautochina.com/api/vehicle-image/hainaauto/049528706/col_a5b00ce2c8ff4deb.webp",Sedanes y hatchbacks > K3 1.4T Base,K3 1.4T Base,Venezuela,Kia
hainaauto-222118039,New Kaiyun Manual 2023 - Importacion desde China a Venezuela,"Jiangling 2023 · New Kaiyun Manual · 87.500 km · White · Manual · Disponible en Hebei. Vehiculo disponible para compradores en Venezuela, con inspeccion, documentos de exportacion y apoyo logistico de HainaAuto. Stock HA-222118039.",in stock,used,13905.98 USD,https://www.hainaautochina.com/vehicles/hainaauto-222118039,https://www.hainaautochina.com/api/vehicle-image/hainaauto/222118039/col_f55df9cb66f04676.webp,Jiangling,"https://www.hainaautochina.com/api/vehicle-image/hainaauto/222118039/col_40368dfa69c51749.webp,https://www.hainaautochina.com/api/vehicle-image/hainaauto/222118039/col_c1f889621f64dd16.webp,https://www.hainaautochina.com/api/vehicle-image/hainaauto/222118039/col_5604bf5695eb0d89.webp",Maquinaria y camiones > New Kaiyun Manual,New Kaiyun Manual,Venezuela,Jiangling
hainaauto-071933364,GT 2023 580 2023 - Importacion desde China a Venezuela,"Nata 2023 · GT 2023 580 · 3.333 km · grey · automatic · Disponible en Guangdong. Vehiculo disponible para compradores en Venezuela, con inspeccion, documentos de exportacion y apoyo logistico de HainaAuto. Stock HA-071933364.",in stock,used,13922.66 USD,https://www.hainaautochina.com/vehicles/hainaauto-071933364,https://www.hainaautochina.com/api/vehicle-image/hainaauto/071933364/col_12670d99c7f293d4.webp,Nata,"https://www.hainaautochina.com/api/vehicle-image/hainaauto/071933364/col_8616fd9269e9114d.webp,https://www.hainaautochina.com/api/vehicle-image/hainaauto/071933364/col_ef3f9bdf09207bbd.webp,https://www.hainaautochina.com/api/vehicle-image/hainaauto/071933364/col_958ce852abae115a.webp",Superautos y deportivos > GT 2023 580,GT 2023 580,Venezuela,Nata
hainaauto-699928796,2023 Tuyao Da 2023 - Importacion desde China a Venezuela,"Foton 2023 · 2023 Tuyao Da · 32.500 km · green · Manual · Disponible en Anhui. Vehiculo disponible para compradores en Venezuela, con inspeccion, documentos de exportacion y apoyo logistico de HainaAuto. Stock HA-699928796.",in stock,used,13989.38 USD,https://www.hainaautochina.com/vehicles/hainaauto-699928796,https://www.hainaautochina.com/api/vehicle-image/hainaauto/699928796/col_96684f5502a874d7.webp,Foton,"https://www.hainaautochina.com/api/vehicle-image/hainaauto/699928796/col_d66016b3f5cc96b6.webp,https://www.hainaautochina.com/api/vehicle-image/hainaauto/699928796/col_9382eade1d350736.webp,https://www.hainaautochina.com/api/vehicle-image/hainaauto/699928796/col_20802df407e55198.webp",Maquinaria y camiones > 2023 Tuyao Da,2023 Tuyao Da,Venezuela,Foton
hainaauto-060124098,GT 2023 580 2023 - Importacion desde China a Venezuela,"Nezha 2023 · GT 2023 580 · 9.167 km · grey · automatic · Disponible en Shanxi. Vehiculo disponible para compradores en Venezuela, con inspeccion, documentos de exportacion y apoyo logistico de HainaAuto. Stock HA-060124098.",in stock,used,14172.86 USD,https://www.hainaautochina.com/vehicles/hainaauto-060124098,https://www.hainaautochina.com/api/vehicle-image/hainaauto/060124098/col_490e14ab61e0fe7d.webp,Nezha,"https://www.hainaautochina.com/api/vehicle-image/hainaauto/060124098/col_88da6aa60c3ee20f.webp,https://www.hainaautochina.com/api/vehicle-image/hainaauto/060124098/col_a9c2dfae0d740bc0.webp,https://www.hainaautochina.com/api/vehicle-image/hainaauto/060124098/col_4acd1606bfbc838a.webp",Superautos y deportivos > GT 2023 580,GT 2023 580,Venezuela,Nezha
cntransit-531714183,2023 New Transit 2023 - Importacion desde China a Venezuela,"Ford 2023 · 2023 New Transit · 19.167 km · White · Manual · Disponible en Hubei. Vehiculo disponible para compradores en Venezuela, con inspeccion, documentos de exportacion y apoyo logistico de HainaAuto. Stock CN-531714183.",in stock,used,14723.30 USD,https://www.hainaautochina.com/vehicles/cntransit-531714183,https://www.hainaautochina.com/api/vehicle-image/cntransit/531714183/col_bec45771c3339aa2.jpg,Ford,"https://www.hainaautochina.com/api/vehicle-image/cntransit/531714183/col_379920c3579621f2.jpg,https://www.hainaautochina.com/api/vehicle-image/cntransit/531714183/col_6062491d94d6f5d6.jpg,https://www.hainaautochina.com/api/vehicle-image/cntransit/531714183/col_dfd9693dfc5b8994.jpg",Maquinaria y camiones > 2023 New Transit,2023 New Transit,Venezuela,Ford
hainaauto-123311738,K3 1.4T DCT 2023 - Importacion desde China a Venezuela,"Kia 2023 · K3 1.4T DCT · 5.667 km · White · 7-speed dry dual-clutch · Disponible en Jilin. Vehiculo disponible para compradores en Venezuela, con inspeccion, documentos de exportacion y apoyo logistico de HainaAuto. Stock HA-123311738.",in stock,used,14739.98 USD,https://www.hainaautochina.com/vehicles/hainaauto-123311738,https://www.hainaautochina.com/api/vehicle-image/hainaauto/123311738/col_3f9e1df9980a1798.webp,Kia,"https://www.hainaautochina.com/api/vehicle-image/hainaauto/123311738/col_cf4dd66c40c10d6a.webp,https://www.hainaautochina.com/api/vehicle-image/hainaauto/123311738/col_481ae2f05e72be90.webp,https://www.hainaautochina.com/api/vehicle-image/hainaauto/123311738/col_dd40bba3402587e7.webp",Sedanes y hatchbacks > K3 1.4T DCT,K3 1.4T DCT,Venezuela,Kia
cntransit-25312904,Sylphy Super Hybrid 2023 - Importacion desde China a Venezuela,"Nissan 2023 · Sylphy Super Hybrid · 3.750 km · Gray · Single-speed transmission for electric vehicles · Disponible en Hebei. Vehiculo disponible para compradores en Venezuela, con inspeccion, documentos de exportacion y apoyo logistico de HainaAuto. Stock CN-25312904.",in stock,used,14756.66 USD,https://www.hainaautochina.com/vehicles/cntransit-25312904,https://www.hainaautochina.com/api/vehicle-image/cntransit/25312904/col_ea5ac2890af7f10c.jpg,Nissan,"https://www.hainaautochina.com/api/vehicle-image/cntransit/25312904/col_9444de3094b29eac.jpg,https://www.hainaautochina.com/api/vehicle-image/cntransit/25312904/col_a759f1bd3fe60b19.jpg,https://www.hainaautochina.com/api/vehicle-image/cntransit/25312904/col_3530ad583788bc2e.jpg",Sedanes y hatchbacks > Sylphy Super Hybrid,Sylphy Super Hybrid,Venezuela,Nissan
hainaauto-583819775,Transit 2.0T Diesel 2023 - Importacion desde China a Venezuela,"Ford 2023 · Transit 2.0T Diesel · 33.333 km · White · Manual · Disponible en Hunan. Vehiculo disponible para compradores en Venezuela, con inspeccion, documentos de exportacion y apoyo logistico de HainaAuto. Stock HA-583819775.",in stock,used,14840.06 USD,https://www.hainaautochina.com/vehicles/hainaauto-583819775,https://www.hainaautochina.com/api/vehicle-image/hainaauto/583819775/col_7e23bbd0c9ba30b0.webp,Ford,"https://www.hainaautochina.com/api/vehicle-image/hainaauto/583819775/col_c4ff89b85b938351.webp,https://www.hainaautochina.com/api/vehicle-image/hainaauto/583819775/col_cba8258d60be60cf.webp,https://www.hainaautochina.com/api/vehicle-image/hainaauto/583819775/col_489e191f142eb7c1.webp",Maquinaria y camiones > Transit 2.0T Diesel,Transit 2.0T Diesel,Venezuela,Ford
hainaauto-889246409,2023 Juxing EV 2023 - Importacion desde China a Venezuela,"Iveco 2023 · 2023 Juxing EV · 16.667 km · White · automatic · Disponible en Jiangsu. Vehiculo disponible para compradores en Venezuela, con inspeccion, documentos de exportacion y apoyo logistico de HainaAuto. Stock HA-889246409.",in stock,used,15657.38 USD,https://www.hainaautochina.com/vehicles/hainaauto-889246409,https://www.hainaautochina.com/api/vehicle-image/hainaauto/889246409/col_3d0a775965944446.webp,Iveco,"https://www.hainaautochina.com/api/vehicle-image/hainaauto/889246409/col_55c000b2cc6cd1c6.webp,https://www.hainaautochina.com/api/vehicle-image/hainaauto/889246409/col_54278fa99e9970c2.webp,https://www.hainaautochina.com/api/vehicle-image/hainaauto/889246409/col_0f404c7b428d6054.webp",Maquinaria y camiones > 2023 Juxing EV,2023 Juxing EV,Venezuela,Iveco
hainaauto-154151698,2023 Transit 2.0T 2023 - Importacion desde China a Venezuela,"Ford 2023 · 2023 Transit 2.0T · 34.167 km · grey · automatic · Disponible en Shanghai. Vehiculo disponible para compradores en Venezuela, con inspeccion, documentos de exportacion y apoyo logistico de HainaAuto. Stock HA-154151698.",in stock,used,16925.06 USD,https://www.hainaautochina.com/vehicles/hainaauto-154151698,https://www.hainaautochina.com/api/vehicle-image/hainaauto/154151698/col_0d0866db657fb6c3.webp,Ford,"https://www.hainaautochina.com/api/vehicle-image/hainaauto/154151698/col_b0b172a7b7d3d54e.webp,https://www.hainaautochina.com/api/vehicle-image/hainaauto/154151698/col_347e38ff49ba380c.webp,https://www.hainaautochina.com/api/vehicle-image/hainaauto/154151698/col_94f60366611d8db2.webp",Maquinaria y camiones > 2023 Transit 2.0T,2023 Transit 2.0T,Venezuela,Ford
hainaauto-163521652,Transit 2.0T Petrol 2023 - Importacion desde China a Venezuela,"Ford 2023 · Transit 2.0T Petrol · 2.917 km · black · automatic · Disponible en Jiangsu. Vehiculo disponible para compradores en Venezuela, con inspeccion, documentos de exportacion y apoyo logistico de HainaAuto. Stock HA-163521652.",in stock,used,18159.38 USD,https://www.hainaautochina.com/vehicles/hainaauto-163521652,https://www.hainaautochina.com/api/vehicle-image/hainaauto/163521652/col_a3c8297156ea7996.webp,Ford,"https://www.hainaautochina.com/api/vehicle-image/hainaauto/163521652/col_94fe27aa665d9ccd.webp,https://www.hainaautochina.com/api/vehicle-image/hainaauto/163521652/col_b93aff9134916d4b.webp,https://www.hainaautochina.com/api/vehicle-image/hainaauto/163521652/col_334e13fa4f36b594.webp",Maquinaria y camiones > Transit 2.0T Petrol,Transit 2.0T Petrol,Venezuela,Ford
hainaauto-011421460,2023 Fushun 2.0T 2023 - Importacion desde China a Venezuela,"Jiangling 2023 · 2023 Fushun 2.0T · 625 km · White · Manual · Disponible en Liaoning. Vehiculo disponible para compradores en Venezuela, con inspeccion, documentos de exportacion y apoyo logistico de HainaAuto. Stock HA-011421460.",in stock,used,18593.06 USD,https://www.hainaautochina.com/vehicles/hainaauto-011421460,https://www.hainaautochina.com/api/vehicle-image/hainaauto/011421460/col_85a0d9adf45d9a1a.webp,Jiangling,"https://www.hainaautochina.com/api/vehicle-image/hainaauto/011421460/col_6b9ef18a5eadc6ac.webp,https://www.hainaautochina.com/api/vehicle-image/hainaauto/011421460/col_80fd44abdb85c76a.webp,https://www.hainaautochina.com/api/vehicle-image/hainaauto/011421460/col_9274422bdc76378e.webp",Maquinaria y camiones > 2023 Fushun 2.0T,2023 Fushun 2.0T,Venezuela,Jiangling
hainaauto-280246898,2023 Time Pioneer 2023 - Importacion desde China a Venezuela,"Foton 2023 · 2023 Time Pioneer · 4.042 km · White · automatic · Disponible en Heilongjiang. Vehiculo disponible para compradores en Venezuela, con inspeccion, documentos de exportacion y apoyo logistico de HainaAuto. Stock HA-280246898.",in stock,used,18843.26 USD,https://www.hainaautochina.com/vehicles/hainaauto-280246898,https://www.hainaautochina.com/api/vehicle-image/hainaauto/280246898/col_cba7d0b452c1dfea.webp,Foton,"https://www.hainaautochina.com/api/vehicle-image/hainaauto/280246898/col_f0d6284cf4f8f90c.webp,https://www.hainaautochina.com/api/vehicle-image/hainaauto/280246898/col_02e334121c184e19.webp,https://www.hainaautochina.com/api/vehicle-image/hainaauto/280246898/col_7b6405c945379d14.webp",Maquinaria y camiones > 2023 Time Pioneer,2023 Time Pioneer,Venezuela,Foton
cntransit-35716007,2023 D-MAX 1.9T 2023 - Importacion desde China a Venezuela,"Isuzu 2023 · 2023 D-MAX 1.9T · 19.583 km · Blue · Automatic · Disponible en Shandong. Vehiculo disponible para compradores en Venezuela, con inspeccion, documentos de exportacion y apoyo logistico de HainaAuto. Stock CN-35716007.",in stock,used,19010.06 USD,https://www.hainaautochina.com/vehicles/cntransit-35716007,https://www.hainaautochina.com/api/vehicle-image/cntransit/35716007/col_8c7167cb92275440.jpg,Isuzu,"https://www.hainaautochina.com/api/vehicle-image/cntransit/35716007/col_c45b39d24265faf0.jpg,https://www.hainaautochina.com/api/vehicle-image/cntransit/35716007/col_9bfd955c6bf9d336.jpg,https://www.hainaautochina.com/api/vehicle-image/cntransit/35716007/col_d7738ead0687b499.jpg",Maquinaria y camiones > 2023 D-MAX 1.9T,2023 D-MAX 1.9T,Venezuela,Isuzu
cntransit-96212682,2 Series 225i 2023 - Importacion desde China a Venezuela,"BMW 2023 · 2 Series 225i · 26.250 km · Purple · 8-speed automatic transmission with manual mode · Disponible en Jiangsu. Vehiculo disponible para compradores en Venezuela, con inspeccion, documentos de exportacion y apoyo logistico de HainaAuto. Stock CN-96212682.",in stock,used,19076.78 USD,https://www.hainaautochina.com/vehicles/cntransit-96212682,https://www.hainaautochina.com/api/vehicle-image/cntransit/96212682/col_a3f45eccc15351dc.jpg,BMW,"https://www.hainaautochina.com/api/vehicle-image/cntransit/96212682/col_f877f6fe63276a05.jpg,https://www.hainaautochina.com/api/vehicle-image/cntransit/96212682/col_add4c4edcf7c88cf.jpg,https://www.hainaautochina.com/api/vehicle-image/cntransit/96212682/col_d42f5400590618a0.jpg",Superautos y deportivos > 2 Series 225i,2 Series 225i,Venezuela,BMW
cntransit-591617052,C-Class (Imported) 2023 2023 - Importacion desde China a Venezuela,"Mercedes-Benz 2023 · C-Class (Imported) 2023 · 7.917 km · Silver · Automatic · Disponible en Jiangsu. Vehiculo disponible para compradores en Venezuela, con inspeccion, documentos de exportacion y apoyo logistico de HainaAuto. Stock CN-591617052.",in stock,used,19852.40 USD,https://www.hainaautochina.com/vehicles/cntransit-591617052,https://www.hainaautochina.com/api/vehicle-image/cntransit/591617052/col_38f6523c3771fd4f.jpg,Mercedes-Benz,"https://www.hainaautochina.com/api/vehicle-image/cntransit/591617052/col_02a4d8fe92cd554b.jpg,https://www.hainaautochina.com/api/vehicle-image/cntransit/591617052/col_3ca075a54faed131.jpg,https://www.hainaautochina.com/api/vehicle-image/cntransit/591617052/col_f32584ac669c6bf0.jpg",Superautos y deportivos > C-Class (Imported) 2023,C-Class (Imported) 2023,Venezuela,Mercedes-Benz
hainaauto-395550690,A5 Coupe 40 2023 - Importacion desde China a Venezuela,"Audi 2023 · A5 Coupe 40 · 4.167 km · grey · 7-speed wet dual-clutch · Disponible en Jiangsu. Vehiculo disponible para compradores en Venezuela, con inspeccion, documentos de exportacion y apoyo logistico de HainaAuto. Stock HA-395550690.",in stock,used,20828.18 USD,https://www.hainaautochina.com/vehicles/hainaauto-395550690,https://www.hainaautochina.com/api/vehicle-image/hainaauto/395550690/col_1ee77ce6d89b8199.webp,Audi,"https://www.hainaautochina.com/api/vehicle-image/hainaauto/395550690/col_03e0cfe584660d5d.webp,https://www.hainaautochina.com/api/vehicle-image/hainaauto/395550690/col_a88d04d9dcf0d91e.webp,https://www.hainaautochina.com/api/vehicle-image/hainaauto/395550690/col_5a3fd3bd14b7c43e.webp",Superautos y deportivos > A5 Coupe 40,A5 Coupe 40,Venezuela,Audi
cntransit-225715678,Z4 (Imported) 2023 2023 - Importacion desde China a Venezuela,"BMW 2023 · Z4 (Imported) 2023 · 15.833 km · Purple · Automatic · Disponible en Zhejiang. Vehiculo disponible para compradores en Venezuela, con inspeccion, documentos de exportacion y apoyo logistico de HainaAuto. Stock CN-225715678.",in stock,used,21678.86 USD,https://www.hainaautochina.com/vehicles/cntransit-225715678,https://www.hainaautochina.com/api/vehicle-image/cntransit/225715678/col_2ad12b6d4e94c289.jpg,BMW,"https://www.hainaautochina.com/api/vehicle-image/cntransit/225715678/col_dfd16cf5e88ebd97.jpg,https://www.hainaautochina.com/api/vehicle-image/cntransit/225715678/col_a21102e7a12082ab.jpg,https://www.hainaautochina.com/api/vehicle-image/cntransit/225715678/col_7cd229015502e107.jpg",Superautos y deportivos > Z4 (Imported) 2023,Z4 (Imported) 2023,Venezuela,BMW
hainaauto-982727317,BRZ (Imported) 2023 2023 - Importacion desde China a Venezuela,"Subaru 2023 · BRZ (Imported) 2023 · 6.250 km · grey · Manual · Disponible en Guangdong. Vehiculo disponible para compradores en Venezuela, con inspeccion, documentos de exportacion y apoyo logistico de HainaAuto. Stock HA-982727317.",in stock,used,22913.18 USD,https://www.hainaautochina.com/vehicles/hainaauto-982727317,https://www.hainaautochina.com/api/vehicle-image/hainaauto/982727317/col_5b979b99e8d2c716.webp,Subaru,"https://www.hainaautochina.com/api/vehicle-image/hainaauto/982727317/col_71580bd8074c432c.webp,https://www.hainaautochina.com/api/vehicle-image/hainaauto/982727317/col_549c3f3e519d0564.webp,https://www.hainaautochina.com/api/vehicle-image/hainaauto/982727317/col_0502254a9eb64ef3.webp",Superautos y deportivos > BRZ (Imported) 2023,BRZ (Imported) 2023,Venezuela,Subaru
cntransit-770812020,MX-5 (Imported) 2023 2023 - Importacion desde China a Venezuela,"Mazda 2023 · MX-5 (Imported) 2023 · 4.167 km · Gray · Manual · Disponible en Guangdong. Vehiculo disponible para compradores en Venezuela, con inspeccion, documentos de exportacion y apoyo logistico de HainaAuto. Stock CN-770812020.",in stock,used,23180.06 USD,https://www.hainaautochina.com/vehicles/cntransit-770812020,https://www.hainaautochina.com/api/vehicle-image/cntransit/770812020/col_ea3a0bad29dc3c14.jpg,Mazda,"https://www.hainaautochina.com/api/vehicle-image/cntransit/770812020/col_e611836fd952108a.jpg,https://www.hainaautochina.com/api/vehicle-image/cntransit/770812020/col_4512ece4bf6cbf3c.jpg,https://www.hainaautochina.com/api/vehicle-image/cntransit/770812020/col_430080e5285b9a51.jpg",Superautos y deportivos > MX-5 (Imported) 2023,MX-5 (Imported) 2023,Venezuela,Mazda
cntransit-541316604,2 Series M240i 2023 - Importacion desde China a Venezuela,"BMW 2023 · 2 Series M240i · 8.333 km · Black · 8-speed automatic transmission with manual mode · Disponible en Guangdong. Vehiculo disponible para compradores en Venezuela, con inspeccion, documentos de exportacion y apoyo logistico de HainaAuto. Stock CN-541316604.",in stock,used,28934.66 USD,https://www.hainaautochina.com/vehicles/cntransit-541316604,https://www.hainaautochina.com/api/vehicle-image/cntransit/541316604/col_925a333d6226481e.jpg,BMW,"https://www.hainaautochina.com/api/vehicle-image/cntransit/541316604/col_6e227ebb4aff1ff4.jpg,https://www.hainaautochina.com/api/vehicle-image/cntransit/541316604/col_4a311fc82bf5e7db.jpg,https://www.hainaautochina.com/api/vehicle-image/cntransit/541316604/col_54c8444a464c296a.jpg",Superautos y deportivos > 2 Series M240i,2 Series M240i,Venezuela,BMW
hainaauto-776532718,E-Class (Imported) E 2023 - Importacion desde China a Venezuela,"Mercedes-Benz 2023 · E-Class (Imported) E · 12.917 km · White · 9-speed automatic transmission · Disponible en Sichuan. Vehiculo disponible para compradores en Venezuela, con inspeccion, documentos de exportacion y apoyo logistico de HainaAuto. Stock HA-776532718.",in stock,used,30519.26 USD,https://www.hainaautochina.com/vehicles/hainaauto-776532718,https://www.hainaautochina.com/api/vehicle-image/hainaauto/776532718/col_efc00db346c63e0e.webp,Mercedes-Benz,"https://www.hainaautochina.com/api/vehicle-image/hainaauto/776532718/col_7488445bbe588444.webp,https://www.hainaautochina.com/api/vehicle-image/hainaauto/776532718/col_e43df3628f75a1af.webp,https://www.hainaautochina.com/api/vehicle-image/hainaauto/776532718/col_66e95456fe59d61c.webp",Superautos y deportivos > E-Class (Imported) E,E-Class (Imported) E,Venezuela,Mercedes-Benz
hainaauto-497124273,E-Class (Imported) 2023 2023 - Importacion desde China a Venezuela,"Mercedes-Benz 2023 · E-Class (Imported) 2023 · 7.500 km · White · automatic · Disponible en Shanghai. Vehiculo disponible para compradores en Venezuela, con inspeccion, documentos de exportacion y apoyo logistico de HainaAuto. Stock HA-497124273.",in stock,used,33938.66 USD,https://www.hainaautochina.com/vehicles/hainaauto-497124273,https://www.hainaautochina.com/api/vehicle-image/hainaauto/497124273/col_aecf6f75e8cccfe3.webp,Mercedes-Benz,"https://www.hainaautochina.com/api/vehicle-image/hainaauto/497124273/col_232accdf0c47c5a2.webp,https://www.hainaautochina.com/api/vehicle-image/hainaauto/497124273/col_37bfb10c086a5257.webp,https://www.hainaautochina.com/api/vehicle-image/hainaauto/497124273/col_6f2313c743395a87.webp",Superautos y deportivos > E-Class (Imported) 2023,E-Class (Imported) 2023,Venezuela,Mercedes-Benz
cntransit-749618476,CLS (Imported) 2023 2023 - Importacion desde China a Venezuela,"Mercedes-Benz 2023 · CLS (Imported) 2023 · 4.583 km · White · Automatic · Disponible en Zhejiang. Vehiculo disponible para compradores en Venezuela, con inspeccion, documentos de exportacion y apoyo logistico de HainaAuto. Stock CN-749618476.",in stock,used,34355.66 USD,https://www.hainaautochina.com/vehicles/cntransit-749618476,https://www.hainaautochina.com/api/vehicle-image/cntransit/749618476/col_fd0adf1dbb00b95b.jpg,Mercedes-Benz,"https://www.hainaautochina.com/api/vehicle-image/cntransit/749618476/col_14701b31cfba4ca6.jpg,https://www.hainaautochina.com/api/vehicle-image/cntransit/749618476/col_edbc3e3eb5c1eb60.jpg,https://www.hainaautochina.com/api/vehicle-image/cntransit/749618476/col_890983b7aa15d33a.jpg",Superautos y deportivos > CLS (Imported) 2023,CLS (Imported) 2023,Venezuela,Mercedes-Benz
hainaauto-264836989,718 (Imported) 2023 2023 - Importacion desde China a Venezuela,"Porsche 2023 · 718 (Imported) 2023 · 4.167 km · White · automatic · Disponible en Sichuan. Vehiculo disponible para compradores en Venezuela, con inspeccion, documentos de exportacion y apoyo logistico de HainaAuto. Stock HA-264836989.",in stock,used,34439.06 USD,https://www.hainaautochina.com/vehicles/hainaauto-264836989,https://www.hainaautochina.com/api/vehicle-image/hainaauto/264836989/col_e7227bc8b7c54067.webp,Porsche,"https://www.hainaautochina.com/api/vehicle-image/hainaauto/264836989/col_60dfc27af12aee7d.webp,https://www.hainaautochina.com/api/vehicle-image/hainaauto/264836989/col_e0c6e0ddca66a186.webp,https://www.hainaautochina.com/api/vehicle-image/hainaauto/264836989/col_0d916b378ddff01b.webp",Superautos y deportivos > 718 (Imported) 2023,718 (Imported) 2023,Venezuela,Porsche
cntransit-01346024,2.9T 2023 - Importacion desde China a Venezuela,"Panamera 2023 · 2.9T · 33.333 km · White · 8-speed wet dual-clutch transmission · Disponible en Shandong. Vehiculo disponible para compradores en Venezuela, con inspeccion, documentos de exportacion y apoyo logistico de HainaAuto. Stock CN-01346024.",in stock,used,40769.12 USD,https://www.hainaautochina.com/vehicles/cntransit-01346024,https://www.hainaautochina.com/api/vehicle-image/cntransit/01346024/col_8e73d23a64d06049.jpg,Panamera,"https://www.hainaautochina.com/api/vehicle-image/cntransit/01346024/col_b1d238bdea6f4878.jpg,https://www.hainaautochina.com/api/vehicle-image/cntransit/01346024/col_d0957b3775120a27.jpg,https://www.hainaautochina.com/api/vehicle-image/cntransit/01346024/col_c25d30595a2957d1.jpg",Superautos y deportivos > 2.9T,2.9T,Venezuela,Panamera
hainaauto-325149150,Z4 M40i M 2023 - Importacion desde China a Venezuela,"BMW 2023 · Z4 M40i M · 3.458 km · blue · automatic · Disponible en Shanghai. Vehiculo disponible para compradores en Venezuela, con inspeccion, documentos de exportacion y apoyo logistico de HainaAuto. Stock HA-325149150.",in stock,used,41945.06 USD,https://www.hainaautochina.com/vehicles/hainaauto-325149150,https://www.hainaautochina.com/api/vehicle-image/hainaauto/325149150/col_ed5f5d7d743ba2d0.webp,BMW,"https://www.hainaautochina.com/api/vehicle-image/hainaauto/325149150/col_8a2bba85e62a1324.webp,https://www.hainaautochina.com/api/vehicle-image/hainaauto/325149150/col_31c1439fff6b3b10.webp,https://www.hainaautochina.com/api/vehicle-image/hainaauto/325149150/col_243f231f404dacf5.webp",Superautos y deportivos > Z4 M40i M,Z4 M40i M,Venezuela,BMW
hainaauto-265948755,M2 Coupe (Imported) 2023 - Importacion desde China a Venezuela,"BMW 2023 · M2 Coupe (Imported) · 7.917 km · White · automatic · Disponible en Sichuan. Vehiculo disponible para compradores en Venezuela, con inspeccion, documentos de exportacion y apoyo logistico de HainaAuto. Stock HA-265948755.",in stock,used,45614.66 USD,https://www.hainaautochina.com/vehicles/hainaauto-265948755,https://www.hainaautochina.com/api/vehicle-image/hainaauto/265948755/col_901f51743f09e150.webp,BMW,"https://www.hainaautochina.com/api/vehicle-image/hainaauto/265948755/col_5c3f98be42d7f502.webp,https://www.hainaautochina.com/api/vehicle-image/hainaauto/265948755/col_0ebcdcd125085776.webp,https://www.hainaautochina.com/api/vehicle-image/hainaauto/265948755/col_a82c70f2d7407ec7.webp",Superautos y deportivos > M2 Coupe (Imported),M2 Coupe (Imported),Venezuela,BMW
hainaauto-041521630,4 E-Hybrid 2023 2023 - Importacion desde China a Venezuela,"Panamera 2023 · 4 E-Hybrid 2023 · 13.750 km · grey · 8-speed wet dual-clutch · Disponible en Tianjin. Vehiculo disponible para compradores en Venezuela, con inspeccion, documentos de exportacion y apoyo logistico de HainaAuto. Stock HA-041521630.",in stock,used,45948.26 USD,https://www.hainaautochina.com/vehicles/hainaauto-041521630,https://www.hainaautochina.com/api/vehicle-image/hainaauto/041521630/col_b2afe8efc85c16d1.webp,Panamera,"https://www.hainaautochina.com/api/vehicle-image/hainaauto/041521630/col_00e484c56e1d1325.webp,https://www.hainaautochina.com/api/vehicle-image/hainaauto/041521630/col_46d14e68497c653b.webp,https://www.hainaautochina.com/api/vehicle-image/hainaauto/041521630/col_31a227526d4c459b.webp",Superautos y deportivos > 4 E-Hybrid 2023,4 E-Hybrid 2023,Venezuela,Panamera
hainaauto-816334546,M3 M4 Sedan 2023 - Importacion desde China a Venezuela,"BMW 2023 · M3 M4 Sedan · 20.833 km · yellow · 8-speed automatic transmission · Disponible en Anhui. Vehiculo disponible para compradores en Venezuela, con inspeccion, documentos de exportacion y apoyo logistico de HainaAuto. Stock HA-816334546.",in stock,used,46365.26 USD,https://www.hainaautochina.com/vehicles/hainaauto-816334546,https://www.hainaautochina.com/api/vehicle-image/hainaauto/816334546/col_d63931abc68ed484.webp,BMW,"https://www.hainaautochina.com/api/vehicle-image/hainaauto/816334546/col_e61845bf8f2a1a49.webp,https://www.hainaautochina.com/api/vehicle-image/hainaauto/816334546/col_dbb988225d7e332d.webp,https://www.hainaautochina.com/api/vehicle-image/hainaauto/816334546/col_f74ac7733f6959d4.webp",Superautos y deportivos > M3 M4 Sedan,M3 M4 Sedan,Venezuela,BMW
hainaauto-496332019,2023 model Panamera 2023 - Importacion desde China a Venezuela,"Panamera 2023 · 2023 model Panamera · 12.500 km · black · 8-speed wet dual-clutch · Disponible en Jiangxi. Vehiculo disponible para compradores en Venezuela, con inspeccion, documentos de exportacion y apoyo logistico de HainaAuto. Stock HA-496332019.",in stock,used,48200.06 USD,https://www.hainaautochina.com/vehicles/hainaauto-496332019,https://www.hainaautochina.com/api/vehicle-image/hainaauto/496332019/col_56407e35a9650e71.webp,Panamera,"https://www.hainaautochina.com/api/vehicle-image/hainaauto/496332019/col_29140478c71de84c.webp,https://www.hainaautochina.com/api/vehicle-image/hainaauto/496332019/col_dd88db44d499e292.webp,https://www.hainaautochina.com/api/vehicle-image/hainaauto/496332019/col_df0db9d1e7170a66.webp",Superautos y deportivos > 2023 model Panamera,2023 model Panamera,Venezuela,Panamera
hainaauto-474135142,M4 M4 Coupe 2023 - Importacion desde China a Venezuela,"BMW 2023 · M4 M4 Coupe · 33.333 km · yellow · 8-speed automatic transmission · Disponible en Anhui. Vehiculo disponible para compradores en Venezuela, con inspeccion, documentos de exportacion y apoyo logistico de HainaAuto. Stock HA-474135142.",in stock,used,49701.26 USD,https://www.hainaautochina.com/vehicles/hainaauto-474135142,https://www.hainaautochina.com/api/vehicle-image/hainaauto/474135142/col_03a1bce7c29776c7.webp,BMW,"https://www.hainaautochina.com/api/vehicle-image/hainaauto/474135142/col_b41f946f7edfc806.webp,https://www.hainaautochina.com/api/vehicle-image/hainaauto/474135142/col_cba62fc68146890e.webp,https://www.hainaautochina.com/api/vehicle-image/hainaauto/474135142/col_cf77525d11191c99.webp",Superautos y deportivos > M4 M4 Coupe,M4 M4 Coupe,Venezuela,BMW
cntransit-524315570,New Energy 2023 2023 - Importacion desde China a Venezuela,"Panamera 2023 · New Energy 2023 · 9.167 km · Black · 8-speed wet dual-clutch transmission · Disponible en Jilin. Vehiculo disponible para compradores en Venezuela, con inspeccion, documentos de exportacion y apoyo logistico de HainaAuto. Stock CN-524315570.",in stock,used,53287.46 USD,https://www.hainaautochina.com/vehicles/cntransit-524315570,https://www.hainaautochina.com/api/vehicle-image/cntransit/524315570/col_30b8c6b56262566b.jpg,Panamera,"https://www.hainaautochina.com/api/vehicle-image/cntransit/524315570/col_5fcb037a37d82896.jpg,https://www.hainaautochina.com/api/vehicle-image/cntransit/524315570/col_c0a9113d1f5fd49b.jpg,https://www.hainaautochina.com/api/vehicle-image/cntransit/524315570/col_ea209dc701dc17a3.jpg",Superautos y deportivos > New Energy 2023,New Energy 2023,Venezuela,Panamera
hainaauto-811942446,AMG GT (Imported) 2023 - Importacion desde China a Venezuela,"Mercedes-Benz 2023 · AMG GT (Imported) · 8.333 km · grey · automatic · Disponible en Fujian. Vehiculo disponible para compradores en Venezuela, con inspeccion, documentos de exportacion y apoyo logistico de HainaAuto. Stock HA-811942446.",in stock,used,56373.26 USD,https://www.hainaautochina.com/vehicles/hainaauto-811942446,https://www.hainaautochina.com/api/vehicle-image/hainaauto/811942446/col_4639a5ff98639d4a.webp,Mercedes-Benz,"https://www.hainaautochina.com/api/vehicle-image/hainaauto/811942446/col_b177e543b88c50cb.webp,https://www.hainaautochina.com/api/vehicle-image/hainaauto/811942446/col_c56efed94aaebe6a.webp,https://www.hainaautochina.com/api/vehicle-image/hainaauto/811942446/col_e78243d644d8d8c0.webp",Superautos y deportivos > AMG GT (Imported),AMG GT (Imported),Venezuela,Mercedes-Benz
cntransit-515817699,Executive Long-Wheelbase 2.9T 2023 - Importacion desde China a Venezuela,"Panamera 2023 · Executive Long-Wheelbase 2.9T · 25.000 km · Gray · 8-speed wet dual-clutch transmission · Disponible en Zhejiang. Vehiculo disponible para compradores en Venezuela, con inspeccion, documentos de exportacion y apoyo logistico de HainaAuto. Stock CN-515817699.",in stock,used,57290.66 USD,https://www.hainaautochina.com/vehicles/cntransit-515817699,https://www.hainaautochina.com/api/vehicle-image/cntransit/515817699/col_7008c00aa784b7b7.jpg,Panamera,"https://www.hainaautochina.com/api/vehicle-image/cntransit/515817699/col_20cc50503c1efdf5.jpg,https://www.hainaautochina.com/api/vehicle-image/cntransit/515817699/col_6c9fc8c88154b8d8.jpg,https://www.hainaautochina.com/api/vehicle-image/cntransit/515817699/col_171276cb5e8a6897.jpg",Superautos y deportivos > Executive Long-Wheelbase 2.9T,Executive Long-Wheelbase 2.9T,Venezuela,Panamera
hainaauto-401942461,2.9T Platinum Edition 2023 - Importacion desde China a Venezuela,"Panamera 2023 · 2.9T Platinum Edition · 10.417 km · White · 8-speed wet dual-clutch · Disponible en Shandong. Vehiculo disponible para compradores en Venezuela, con inspeccion, documentos de exportacion y apoyo logistico de HainaAuto. Stock HA-401942461.",in stock,used,58041.26 USD,https://www.hainaautochina.com/vehicles/hainaauto-401942461,https://www.hainaautochina.com/api/vehicle-image/hainaauto/401942461/col_1f394d1099ce6748.webp,Panamera,"https://www.hainaautochina.com/api/vehicle-image/hainaauto/401942461/col_f42e3544e8308155.webp,https://www.hainaautochina.com/api/vehicle-image/hainaauto/401942461/col_3bc34e1ac61e2620.webp,https://www.hainaautochina.com/api/vehicle-image/hainaauto/401942461/col_ea68dd43581550e6.webp",Superautos y deportivos > 2.9T Platinum Edition,2.9T Platinum Edition,Venezuela,Panamera
hainaauto-210218694,M4 Coupe M 2023 - Importacion desde China a Venezuela,"BMW 2023 · M4 Coupe M · 16.667 km · grey · 8-speed automatic transmission · Disponible en Guangdong. Vehiculo disponible para compradores en Venezuela, con inspeccion, documentos de exportacion y apoyo logistico de HainaAuto. Stock HA-210218694.",in stock,used,59709.26 USD,https://www.hainaautochina.com/vehicles/hainaauto-210218694,https://www.hainaautochina.com/api/vehicle-image/hainaauto/210218694/col_28444e2a6b8c57c7.webp,BMW,"https://www.hainaautochina.com/api/vehicle-image/hainaauto/210218694/col_7646ea9ad3ce3c8b.webp,https://www.hainaautochina.com/api/vehicle-image/hainaauto/210218694/col_e869758ef34a8f4b.webp,https://www.hainaautochina.com/api/vehicle-image/hainaauto/210218694/col_d173b5e66c677e35.webp",Superautos y deportivos > M4 Coupe M,M4 Coupe M,Venezuela,BMW
hainaauto-823818090,Facelift: Panamera Executive 2023 - Importacion desde China a Venezuela,"Panamera 2023 · Facelift: Panamera Executive · 10.000 km · White · 8-speed wet dual-clutch · Disponible en Fujian. Vehiculo disponible para compradores en Venezuela, con inspeccion, documentos de exportacion y apoyo logistico de HainaAuto. Stock HA-823818090.",in stock,used,63945.98 USD,https://www.hainaautochina.com/vehicles/hainaauto-823818090,https://www.hainaautochina.com/api/vehicle-image/hainaauto/823818090/col_8042c7e906220d75.webp,Panamera,"https://www.hainaautochina.com/api/vehicle-image/hainaauto/823818090/col_5b8ec3dac5712ee5.webp,https://www.hainaautochina.com/api/vehicle-image/hainaauto/823818090/col_c7ff5551d258ef76.webp,https://www.hainaautochina.com/api/vehicle-image/hainaauto/823818090/col_030d27eeaa026907.webp",Superautos y deportivos > Facelift: Panamera Executive,Facelift: Panamera Executive,Venezuela,Panamera
hainaauto-136542449,Panamera 4 Executive 2023 - Importacion desde China a Venezuela,"Panamera 2023 · Panamera 4 Executive · 12.083 km · Beige · 8-speed wet dual-clutch · Disponible en Jiangsu. Vehiculo disponible para compradores en Venezuela, con inspeccion, documentos de exportacion y apoyo logistico de HainaAuto. Stock HA-136542449.",in stock,used,69050.06 USD,https://www.hainaautochina.com/vehicles/hainaauto-136542449,https://www.hainaautochina.com/api/vehicle-image/hainaauto/136542449/col_bcc966159c2abb56.webp,Panamera,"https://www.hainaautochina.com/api/vehicle-image/hainaauto/136542449/col_4b29ecb5f5a1f59d.webp,https://www.hainaautochina.com/api/vehicle-image/hainaauto/136542449/col_d9fd2a1c3e4a27e3.webp,https://www.hainaautochina.com/api/vehicle-image/hainaauto/136542449/col_513b089d788de937.webp",Superautos y deportivos > Panamera 4 Executive,Panamera 4 Executive,Venezuela,Panamera
hainaauto-250923113,Facelift: Panamera 4 2023 - Importacion desde China a Venezuela,"Panamera 2023 · Facelift: Panamera 4 · 17.500 km · Beige · 8-speed wet dual-clutch · Disponible en Guangdong. Vehiculo disponible para compradores en Venezuela, con inspeccion, documentos de exportacion y apoyo logistico de HainaAuto. Stock HA-250923113.",in stock,used,69050.06 USD,https://www.hainaautochina.com/vehicles/hainaauto-250923113,https://www.hainaautochina.com/api/vehicle-image/hainaauto/250923113/col_f5ddf9999b66f49e.webp,Panamera,"https://www.hainaautochina.com/api/vehicle-image/hainaauto/250923113/col_454def18ce4cef76.webp,https://www.hainaautochina.com/api/vehicle-image/hainaauto/250923113/col_3f52940c3c870969.webp,https://www.hainaautochina.com/api/vehicle-image/hainaauto/250923113/col_2a28a12824080ef2.webp",Superautos y deportivos > Facelift: Panamera 4,Facelift: Panamera 4,Venezuela,Panamera
hainaauto-575124555,M3 M4-Door Sedan 2023 - Importacion desde China a Venezuela,"BMW 2023 · M3 M4-Door Sedan · 1.250 km · green · 8-speed automatic transmission · Disponible en Shanghai. Vehiculo disponible para compradores en Venezuela, con inspeccion, documentos de exportacion y apoyo logistico de HainaAuto. Stock HA-575124555.",in stock,used,71385.26 USD,https://www.hainaautochina.com/vehicles/hainaauto-575124555,https://www.hainaautochina.com/api/vehicle-image/hainaauto/575124555/col_2b62e68a1ded407a.webp,BMW,"https://www.hainaautochina.com/api/vehicle-image/hainaauto/575124555/col_7912dec31e70e10b.webp,https://www.hainaautochina.com/api/vehicle-image/hainaauto/575124555/col_ce7f52fc92585cd1.webp,https://www.hainaautochina.com/api/vehicle-image/hainaauto/575124555/col_9a007fb6bc8c4518.webp",Superautos y deportivos > M3 M4-Door Sedan,M3 M4-Door Sedan,Venezuela,BMW
hainaauto-275725999,Facelift Panamera 4 2023 - Importacion desde China a Venezuela,"Panamera 2023 · Facelift Panamera 4 · 21.667 km · White · 8-speed wet dual-clutch · Disponible en Sichuan. Vehiculo disponible para compradores en Venezuela, con inspeccion, documentos de exportacion y apoyo logistico de HainaAuto. Stock HA-275725999.",in stock,used,74721.26 USD,https://www.hainaautochina.com/vehicles/hainaauto-275725999,https://www.hainaautochina.com/api/vehicle-image/hainaauto/275725999/col_ea261ddf7938baf9.webp,Panamera,"https://www.hainaautochina.com/api/vehicle-image/hainaauto/275725999/col_562c0d933bbc8ddb.webp,https://www.hainaautochina.com/api/vehicle-image/hainaauto/275725999/col_5b92522e3fb24f0b.webp,https://www.hainaautochina.com/api/vehicle-image/hainaauto/275725999/col_5005f3640676ea8b.webp",Superautos y deportivos > Facelift Panamera 4,Facelift Panamera 4,Venezuela,Panamera
cntransit-445718413,911 Carrera 3.0T 2023 - Importacion desde China a Venezuela,"Porsche 2023 · 911 Carrera 3.0T · 9.167 km · Beige · 8-speed wet dual-clutch transmission · Disponible en Guangdong. Vehiculo disponible para compradores en Venezuela, con inspeccion, documentos de exportacion y apoyo logistico de HainaAuto. Stock CN-445718413.",in stock,used,83144.66 USD,https://www.hainaautochina.com/vehicles/cntransit-445718413,https://www.hainaautochina.com/api/vehicle-image/cntransit/445718413/col_9431deeba05bcd94.jpg,Porsche,"https://www.hainaautochina.com/api/vehicle-image/cntransit/445718413/col_7a02be3aa49b7f7a.jpg,https://www.hainaautochina.com/api/vehicle-image/cntransit/445718413/col_68104b2e6662e240.jpg,https://www.hainaautochina.com/api/vehicle-image/cntransit/445718413/col_a78f2aaee1bda4c0.jpg",Superautos y deportivos > 911 Carrera 3.0T,911 Carrera 3.0T,Venezuela,Porsche
cntransit-76748790,911 (Imported) 2023 2023 - Importacion desde China a Venezuela,"Porsche 2023 · 911 (Imported) 2023 · 8.333 km · Black · Automatic · Disponible en Chongqing. Vehiculo disponible para compradores en Venezuela, con inspeccion, documentos de exportacion y apoyo logistico de HainaAuto. Stock CN-76748790.",in stock,used,83978.66 USD,https://www.hainaautochina.com/vehicles/cntransit-76748790,https://www.hainaautochina.com/api/vehicle-image/cntransit/76748790/col_e125bedb3fbecf01.jpg,Porsche,"https://www.hainaautochina.com/api/vehicle-image/cntransit/76748790/col_5e6b9f39650fd8ee.jpg,https://www.hainaautochina.com/api/vehicle-image/cntransit/76748790/col_9b7543759387103e.jpg,https://www.hainaautochina.com/api/vehicle-image/cntransit/76748790/col_8fff9ac767abb17a.jpg",Superautos y deportivos > 911 (Imported) 2023,911 (Imported) 2023,Venezuela,Porsche
hainaauto-748634537,Sprinter (Imported) 2023 2023 - Importacion desde China a Venezuela,"Mercedes-Benz 2023 · Sprinter (Imported) 2023 · 5.000 km · black · automatic · Disponible en Hunan. Vehiculo disponible para compradores en Venezuela, con inspeccion, documentos de exportacion y apoyo logistico de HainaAuto. Stock HA-748634537.",in stock,used,88899.26 USD,https://www.hainaautochina.com/vehicles/hainaauto-748634537,https://www.hainaautochina.com/api/vehicle-image/hainaauto/748634537/col_5cda5ecf872777c4.webp,Mercedes-Benz,"https://www.hainaautochina.com/api/vehicle-image/hainaauto/748634537/col_23d6a6525963ec4a.webp,https://www.hainaautochina.com/api/vehicle-image/hainaauto/748634537/col_3973168fce7ffe8a.webp,https://www.hainaautochina.com/api/vehicle-image/hainaauto/748634537/col_c632da5b0eda64fd.webp",Maquinaria y camiones > Sprinter (Imported) 2023,Sprinter (Imported) 2023,Venezuela,Mercedes-Benz
cntransit-900016275,GT 4.0T Standard 2023 - Importacion desde China a Venezuela,"McLaren 2023 · GT 4.0T Standard · 3.958 km · Blue · 7-speed wet dual-clutch transmission · Disponible en Guangdong. Vehiculo disponible para compradores en Venezuela, con inspeccion, documentos de exportacion y apoyo logistico de HainaAuto. Stock CN-900016275.",in stock,used,119840.66 USD,https://www.hainaautochina.com/vehicles/cntransit-900016275,https://www.hainaautochina.com/api/vehicle-image/cntransit/900016275/col_3eedbf3c765bdc8e.jpg,McLaren,"https://www.hainaautochina.com/api/vehicle-image/cntransit/900016275/col_aad08e77a49c62a5.jpg,https://www.hainaautochina.com/api/vehicle-image/cntransit/900016275/col_4d31932b0cf5c986.jpg,https://www.hainaautochina.com/api/vehicle-image/cntransit/900016275/col_f7939596847599f2.jpg",Superautos y deportivos > GT 4.0T Standard,GT 4.0T Standard,Venezuela,McLaren
hainaauto-437414140,911 Targa 4 2023 - Importacion desde China a Venezuela,"Porsche 2023 · 911 Targa 4 · 2.917 km · black · 8-speed wet dual-clutch · Disponible en Chongqing. Vehiculo disponible para compradores en Venezuela, con inspeccion, documentos de exportacion y apoyo logistico de HainaAuto. Stock HA-437414140.",in stock,used,129765.26 USD,https://www.hainaautochina.com/vehicles/hainaauto-437414140,https://www.hainaautochina.com/api/vehicle-image/hainaauto/437414140/col_a7b4e1283900f5da.webp,Porsche,"https://www.hainaautochina.com/api/vehicle-image/hainaauto/437414140/col_48eee1999feced0d.webp,https://www.hainaautochina.com/api/vehicle-image/hainaauto/437414140/col_9670248f566d586f.webp,https://www.hainaautochina.com/api/vehicle-image/hainaauto/437414140/col_a8243f250a4dc940.webp",Superautos y deportivos > 911 Targa 4,911 Targa 4,Venezuela,Porsche
hainaauto-441421805,2023 Hurricane Technique 2023 - Importacion desde China a Venezuela,"Hurricane 2023 · 2023 Hurricane Technique · 2.500 km · White · 7-speed wet dual-clutch · Disponible en Zhejiang. Vehiculo disponible para compradores en Venezuela, con inspeccion, documentos de exportacion y apoyo logistico de HainaAuto. Stock HA-441421805.",in stock,used,218169.26 USD,https://www.hainaautochina.com/vehicles/hainaauto-441421805,https://www.hainaautochina.com/api/vehicle-image/hainaauto/441421805/col_980712058cea599c.webp,Hurricane,"https://www.hainaautochina.com/api/vehicle-image/hainaauto/441421805/col_e66f4c5f003fd82f.webp,https://www.hainaautochina.com/api/vehicle-image/hainaauto/441421805/col_47bfe07eb2cb2a4c.webp,https://www.hainaautochina.com/api/vehicle-image/hainaauto/441421805/col_93f0e4da01949e31.webp",Superautos y deportivos > 2023 Hurricane Technique,2023 Hurricane Technique,Venezuela,Hurricane
hainaauto-891734886,2026 Crown Land 2026 - Importacion desde China a Venezuela,"Toyota 2026 · 2026 Crown Land · 42 km · White · automatic · Disponible en Ningxia. Vehiculo disponible para compradores en Venezuela, con inspeccion, documentos de exportacion y apoyo logistico de HainaAuto. Stock HA-891734886.",in stock,new,28851.26 USD,https://www.hainaautochina.com/vehicles/hainaauto-891734886,https://www.hainaautochina.com/api/vehicle-image/hainaauto/891734886/col_e34e7a5f5eacc696.webp,Toyota,"https://www.hainaautochina.com/api/vehicle-image/hainaauto/891734886/col_e3663d571d6f8ff4.webp,https://www.hainaautochina.com/api/vehicle-image/hainaauto/891734886/col_bc3b1f21d130639c.webp,https://www.hainaautochina.com/api/vehicle-image/hainaauto/891734886/col_3b87d3c8241d233d.webp",SUV y todoterrenos > 2026 Crown Land,2026 Crown Land,Venezuela,Toyota
cntransit-940515224,2023 Crown Land 2023 - Importacion desde China a Venezuela,"Toyota 2023 · 2023 Crown Land · 23.333 km · Black · Automatic · Disponible en Guangdong. Vehiculo disponible para compradores en Venezuela, con inspeccion, documentos de exportacion y apoyo logistico de HainaAuto. Stock CN-940515224.",in stock,used,20594.66 USD,https://www.hainaautochina.com/vehicles/cntransit-940515224,https://www.hainaautochina.com/api/vehicle-image/cntransit/940515224/col_6c51a9dbd702066e.jpg,Toyota,"https://www.hainaautochina.com/api/vehicle-image/cntransit/940515224/col_6291c76d7e49eb4c.jpg,https://www.hainaautochina.com/api/vehicle-image/cntransit/940515224/col_05fdea20431a9d6d.jpg,https://www.hainaautochina.com/api/vehicle-image/cntransit/940515224/col_12d529c1e3b32667.jpg",SUV y todoterrenos > 2023 Crown Land,2023 Crown Land,Venezuela,Toyota
hainaauto-236228369,Crown Land Cruiser 2026 - Importacion desde China a Venezuela,"Toyota 2026 · Crown Land Cruiser · 5.833 km · black · automatic · Disponible en Shanxi. Vehiculo disponible para compradores en Venezuela, con inspeccion, documentos de exportacion y apoyo logistico de HainaAuto. Stock HA-236228369.",in stock,used,27266.66 USD,https://www.hainaautochina.com/vehicles/hainaauto-236228369,https://www.hainaautochina.com/api/vehicle-image/hainaauto/236228369/col_8ada534b7e4f1fe4.webp,Toyota,"https://www.hainaautochina.com/api/vehicle-image/hainaauto/236228369/col_ed1ace3f4f7bb012.webp,https://www.hainaautochina.com/api/vehicle-image/hainaauto/236228369/col_d654983b0b524f02.webp,https://www.hainaautochina.com/api/vehicle-image/hainaauto/236228369/col_32f303830079675e.webp",SUV y todoterrenos > Crown Land Cruiser,Crown Land Cruiser,Venezuela,Toyota
hainaauto-815912884,Prado HEV 2.4T 2025 - Importacion desde China a Venezuela,"Toyota 2025 · Prado HEV 2.4T · 6.250 km · White · automatic · Disponible en Heilongjiang. Vehiculo disponible para compradores en Venezuela, con inspeccion, documentos de exportacion y apoyo logistico de HainaAuto. Stock HA-815912884.",in stock,used,40527.26 USD,https://www.hainaautochina.com/vehicles/hainaauto-815912884,https://www.hainaautochina.com/api/vehicle-image/hainaauto/815912884/col_4221e755e55fc8fd.webp,Toyota,"https://www.hainaautochina.com/api/vehicle-image/hainaauto/815912884/col_83d49d9de00033f8.webp,https://www.hainaautochina.com/api/vehicle-image/hainaauto/815912884/col_639ebc6ccace4b74.webp,https://www.hainaautochina.com/api/vehicle-image/hainaauto/815912884/col_8f3a3d25278bd36c.webp",SUV y todoterrenos > Prado HEV 2.4T,Prado HEV 2.4T,Venezuela,Toyota
hainaauto-610416281,2025 Toyota Land 2025 - Importacion desde China a Venezuela,"Toyota 2025 · 2025 Toyota Land · 7.500 km · White · automatic · Disponible en Zhejiang. Vehiculo disponible para compradores en Venezuela, con inspeccion, documentos de exportacion y apoyo logistico de HainaAuto. Stock HA-610416281.",in stock,used,13989.38 USD,https://www.hainaautochina.com/vehicles/hainaauto-610416281,https://www.hainaautochina.com/api/vehicle-image/hainaauto/610416281/col_4ce2ab0b08ad4482.webp,Toyota,"https://www.hainaautochina.com/api/vehicle-image/hainaauto/610416281/col_79f30fef9d70d1e9.webp,https://www.hainaautochina.com/api/vehicle-image/hainaauto/610416281/col_4ca188048822d9b3.webp,https://www.hainaautochina.com/api/vehicle-image/hainaauto/610416281/col_7f3682d25cd1fa36.webp",SUV y todoterrenos > 2025 Toyota Land,2025 Toyota Land,Venezuela,Toyota
hainaauto-255434664,2025 Prado HEV 2025 - Importacion desde China a Venezuela,"Toyota 2025 · 2025 Prado HEV · 8.333 km · White · automatic · Disponible en Guangxi. Vehiculo disponible para compradores en Venezuela, con inspeccion, documentos de exportacion y apoyo logistico de HainaAuto. Stock HA-255434664.",in stock,used,39693.26 USD,https://www.hainaautochina.com/vehicles/hainaauto-255434664,https://www.hainaautochina.com/api/vehicle-image/hainaauto/255434664/col_a08e98b0dc4ee525.webp,Toyota,"https://www.hainaautochina.com/api/vehicle-image/hainaauto/255434664/col_0fd88daca6b12ef5.webp,https://www.hainaautochina.com/api/vehicle-image/hainaauto/255434664/col_6be6c23f9b233270.webp,https://www.hainaautochina.com/api/vehicle-image/hainaauto/255434664/col_2fd076bd06da0097.webp",SUV y todoterrenos > 2025 Prado HEV,2025 Prado HEV,Venezuela,Toyota
hainaauto-978748306,Land Cruiser (Imported) 2024 - Importacion desde China a Venezuela,"Toyota 2024 · Land Cruiser (Imported) · 1.667 km · White · automatic · Disponible en Henan. Vehiculo disponible para compradores en Venezuela, con inspeccion, documentos de exportacion y apoyo logistico de HainaAuto. Stock HA-978748306.",in stock,used,80559.26 USD,https://www.hainaautochina.com/vehicles/hainaauto-978748306,https://www.hainaautochina.com/api/vehicle-image/hainaauto/978748306/col_4ea2be9ba0dee17b.webp,Toyota,"https://www.hainaautochina.com/api/vehicle-image/hainaauto/978748306/col_e0363e6544ed25da.webp,https://www.hainaautochina.com/api/vehicle-image/hainaauto/978748306/col_7ec50c8db58f1f3b.webp,https://www.hainaautochina.com/api/vehicle-image/hainaauto/978748306/col_3a01d7b301fa0e32.webp",SUV y todoterrenos > Land Cruiser (Imported),Land Cruiser (Imported),Venezuela,Toyota
cntransit-03099800,2024 Crown Land 2024 - Importacion desde China a Venezuela,"Toyota 2024 · 2024 Crown Land · 16.667 km · White · Automatic · Disponible en Shandong. Vehiculo disponible para compradores en Venezuela, con inspeccion, documentos de exportacion y apoyo logistico de HainaAuto. Stock CN-03099800.",in stock,used,19760.66 USD,https://www.hainaautochina.com/vehicles/cntransit-03099800,https://www.hainaautochina.com/api/vehicle-image/cntransit/03099800/col_87741917d659fb84.jpg,Toyota,"https://www.hainaautochina.com/api/vehicle-image/cntransit/03099800/col_220d5713f68a9d7b.jpg,https://www.hainaautochina.com/api/vehicle-image/cntransit/03099800/col_2f684119aaa359e1.jpg,https://www.hainaautochina.com/api/vehicle-image/cntransit/03099800/col_8bc5f514056a81f2.jpg",SUV y todoterrenos > 2024 Crown Land,2024 Crown Land,Venezuela,Toyota
hainaauto-919146658,2024 Prado HEV 2024 - Importacion desde China a Venezuela,"Toyota 2024 · 2024 Prado HEV · 3.375 km · White · automatic · Disponible en Hunan. Vehiculo disponible para compradores en Venezuela, con inspeccion, documentos de exportacion y apoyo logistico de HainaAuto. Stock HA-919146658.",in stock,used,38692.46 USD,https://www.hainaautochina.com/vehicles/hainaauto-919146658,https://www.hainaautochina.com/api/vehicle-image/hainaauto/919146658/col_55452bc78eef9331.webp,Toyota,"https://www.hainaautochina.com/api/vehicle-image/hainaauto/919146658/col_0e572fd16f239df7.webp,https://www.hainaautochina.com/api/vehicle-image/hainaauto/919146658/col_2557ee1c80b17f6d.webp,https://www.hainaautochina.com/api/vehicle-image/hainaauto/919146658/col_3e4aa3856d8c24bc.webp",SUV y todoterrenos > 2024 Prado HEV,2024 Prado HEV,Venezuela,Toyota
hainaauto-563219613,Prado (Imported) 4.0 2023 - Importacion desde China a Venezuela,"Toyota 2023 · Prado (Imported) 4.0 · 24.167 km · White · automatic · Disponible en Anhui. Vehiculo disponible para compradores en Venezuela, con inspeccion, documentos de exportacion y apoyo logistico de HainaAuto. Stock HA-563219613.",in stock,used,64779.98 USD,https://www.hainaautochina.com/vehicles/hainaauto-563219613,https://www.hainaautochina.com/api/vehicle-image/hainaauto/563219613/col_8323ba4ee606b971.webp,Toyota,"https://www.hainaautochina.com/api/vehicle-image/hainaauto/563219613/col_ade4b01528fa0458.webp,https://www.hainaautochina.com/api/vehicle-image/hainaauto/563219613/col_2947e1baecf5bd28.webp,https://www.hainaautochina.com/api/vehicle-image/hainaauto/563219613/col_781eab639a13154d.webp",SUV y todoterrenos > Prado (Imported) 4.0,Prado (Imported) 4.0,Venezuela,Toyota
cntransit-364914520,2026 Corolla Cross 2026 - Importacion desde China a Venezuela,"Toyota 2026 · 2026 Corolla Cross · 0 km · White · Automatic · Disponible en Guangdong. Vehiculo disponible para compradores en Venezuela, con inspeccion, documentos de exportacion y apoyo logistico de HainaAuto. Stock CN-364914520.",in stock,new,14006.06 USD,https://www.hainaautochina.com/vehicles/cntransit-364914520,https://www.hainaautochina.com/api/vehicle-image/cntransit/364914520/col_7c88342cb75c770e.jpg,Toyota,"https://www.hainaautochina.com/api/vehicle-image/cntransit/364914520/col_5164ba54b9a8abd7.jpg,https://www.hainaautochina.com/api/vehicle-image/cntransit/364914520/col_4d54b1c56ca1c846.jpg,https://www.hainaautochina.com/api/vehicle-image/cntransit/364914520/col_c6a79ca68ae54fd2.jpg",SUV y todoterrenos > 2026 Corolla Cross,2026 Corolla Cross,Venezuela,Toyota
hainaauto-573620742,Corolla R-Line 2.0 2026 - Importacion desde China a Venezuela,"Toyota 2026 · Corolla R-Line 2.0 · 750 km · grey · automatic · Disponible en Anhui. Vehiculo disponible para compradores en Venezuela, con inspeccion, documentos de exportacion y apoyo logistico de HainaAuto. Stock HA-573620742.",in stock,used,12821.78 USD,https://www.hainaautochina.com/vehicles/hainaauto-573620742,https://www.hainaautochina.com/api/vehicle-image/hainaauto/573620742/col_b358dc70edc95d84.webp,Toyota,"https://www.hainaautochina.com/api/vehicle-image/hainaauto/573620742/col_8302186c2c831d68.webp,https://www.hainaautochina.com/api/vehicle-image/hainaauto/573620742/col_40b130e0299f7022.webp,https://www.hainaautochina.com/api/vehicle-image/hainaauto/573620742/col_57c07d3c28f398c5.webp",SUV y todoterrenos > Corolla R-Line 2.0,Corolla R-Line 2.0,Venezuela,Toyota
hainaauto-070217106,2026 Corolla Hybrid 2026 - Importacion desde China a Venezuela,"Toyota 2026 · 2026 Corolla Hybrid · 1.250 km · grey · automatic · Disponible en Hubei. Vehiculo disponible para compradores en Venezuela, con inspeccion, documentos de exportacion y apoyo logistico de HainaAuto. Stock HA-070217106.",in stock,used,14072.78 USD,https://www.hainaautochina.com/vehicles/hainaauto-070217106,https://www.hainaautochina.com/api/vehicle-image/hainaauto/070217106/col_db1dbfbd479e531d.webp,Toyota,"https://www.hainaautochina.com/api/vehicle-image/hainaauto/070217106/col_5b05657c36ade91a.webp,https://www.hainaautochina.com/api/vehicle-image/hainaauto/070217106/col_618c0a024ce9ff1a.webp,https://www.hainaautochina.com/api/vehicle-image/hainaauto/070217106/col_ff709563851389c7.webp",SUV y todoterrenos > 2026 Corolla Hybrid,2026 Corolla Hybrid,Venezuela,Toyota
hainaauto-605653576,2024 Corolla Rui 2024 - Importacion desde China a Venezuela,"Toyota 2024 · 2024 Corolla Rui · 5.417 km · White · automatic · Disponible en Guangdong. Vehiculo disponible para compradores en Venezuela, con inspeccion, documentos de exportacion y apoyo logistico de HainaAuto. Stock HA-605653576.",in stock,used,11587.46 USD,https://www.hainaautochina.com/vehicles/hainaauto-605653576,https://www.hainaautochina.com/api/vehicle-image/hainaauto/605653576/col_6aa3f970ec0768e2.webp,Toyota,"https://www.hainaautochina.com/api/vehicle-image/hainaauto/605653576/col_e034e0142880150f.webp,https://www.hainaautochina.com/api/vehicle-image/hainaauto/605653576/col_8e9df9aee28f42ad.webp,https://www.hainaautochina.com/api/vehicle-image/hainaauto/605653576/col_255b4493a417d03c.webp",SUV y todoterrenos > 2024 Corolla Rui,2024 Corolla Rui,Venezuela,Toyota
hainaauto-888127831,Corolla Altis 2.0L 2025 - Importacion desde China a Venezuela,"Toyota 2025 · Corolla Altis 2.0L · 15.000 km · White · automatic · Disponible en Guangdong. Vehiculo disponible para compradores en Venezuela, con inspeccion, documentos de exportacion y apoyo logistico de HainaAuto. Stock HA-888127831.",in stock,used,12738.38 USD,https://www.hainaautochina.com/vehicles/hainaauto-888127831,https://www.hainaautochina.com/api/vehicle-image/hainaauto/888127831/col_2f04ba47629f9499.webp,Toyota,"https://www.hainaautochina.com/api/vehicle-image/hainaauto/888127831/col_df06b0afbea34b66.webp,https://www.hainaautochina.com/api/vehicle-image/hainaauto/888127831/col_b396c75c915e9fa5.webp,https://www.hainaautochina.com/api/vehicle-image/hainaauto/888127831/col_221a8ee037a020ea.webp",SUV y todoterrenos > Corolla Altis 2.0L,Corolla Altis 2.0L,Venezuela,Toyota
cntransit-66802795,2025 Corolla Cross 2025 - Importacion desde China a Venezuela,"Toyota 2025 · 2025 Corolla Cross · 5.417 km · White · Automatic · Disponible en Zhejiang. Vehiculo disponible para compradores en Venezuela, con inspeccion, documentos de exportacion y apoyo logistico de HainaAuto. Stock CN-66802795.",in stock,used,12838.46 USD,https://www.hainaautochina.com/vehicles/cntransit-66802795,https://www.hainaautochina.com/api/vehicle-image/cntransit/66802795/col_ecba3621b2e6f7da.jpg,Toyota,"https://www.hainaautochina.com/api/vehicle-image/cntransit/66802795/col_43d9a13f7914de64.jpg,https://www.hainaautochina.com/api/vehicle-image/cntransit/66802795/col_4d8430438e716b52.jpg,https://www.hainaautochina.com/api/vehicle-image/cntransit/66802795/col_43ec92ac02e7ef06.jpg",SUV y todoterrenos > 2025 Corolla Cross,2025 Corolla Cross,Venezuela,Toyota
hainaauto-781238108,Corolla Rui Fang 2024 - Importacion desde China a Venezuela,"Toyota 2024 · Corolla Rui Fang · 2.917 km · black · automatic · Disponible en Chongqing. Vehiculo disponible para compradores en Venezuela, con inspeccion, documentos de exportacion y apoyo logistico de HainaAuto. Stock HA-781238108.",in stock,used,10986.98 USD,https://www.hainaautochina.com/vehicles/hainaauto-781238108,https://www.hainaautochina.com/api/vehicle-image/hainaauto/781238108/col_d8d15dbdd7479447.webp,Toyota,"https://www.hainaautochina.com/api/vehicle-image/hainaauto/781238108/col_efd47a45d7e9fbbb.webp,https://www.hainaautochina.com/api/vehicle-image/hainaauto/781238108/col_49acc0228059a0a8.webp,https://www.hainaautochina.com/api/vehicle-image/hainaauto/781238108/col_d4fcf9fe6e10ac7e.webp",SUV y todoterrenos > Corolla Rui Fang,Corolla Rui Fang,Venezuela,Toyota
cntransit-742314624,2024 Corolla Cross 2024 - Importacion desde China a Venezuela,"Toyota 2024 · 2024 Corolla Cross · 7.917 km · White · Automatic · Disponible en Hunan. Vehiculo disponible para compradores en Venezuela, con inspeccion, documentos de exportacion y apoyo logistico de HainaAuto. Stock CN-742314624.",in stock,used,12404.78 USD,https://www.hainaautochina.com/vehicles/cntransit-742314624,https://www.hainaautochina.com/api/vehicle-image/cntransit/742314624/col_faa3cf2cca671b65.jpg,Toyota,"https://www.hainaautochina.com/api/vehicle-image/cntransit/742314624/col_5272d1b376afce43.jpg,https://www.hainaautochina.com/api/vehicle-image/cntransit/742314624/col_df90d8cdba764e08.jpg,https://www.hainaautochina.com/api/vehicle-image/cntransit/742314624/col_8b957b0eb382def7.jpg",SUV y todoterrenos > 2024 Corolla Cross,2024 Corolla Cross,Venezuela,Toyota
hainaauto-733253604,2024 Corolla Hybrid 2024 - Importacion desde China a Venezuela,"Toyota 2024 · 2024 Corolla Hybrid · 25.000 km · black · automatic · Disponible en Henan. Vehiculo disponible para compradores en Venezuela, con inspeccion, documentos de exportacion y apoyo logistico de HainaAuto. Stock HA-733253604.",in stock,used,11754.26 USD,https://www.hainaautochina.com/vehicles/hainaauto-733253604,https://www.hainaautochina.com/api/vehicle-image/hainaauto/733253604/col_f8fca19e0be0d4e1.webp,Toyota,"https://www.hainaautochina.com/api/vehicle-image/hainaauto/733253604/col_63eea8b985490427.webp,https://www.hainaautochina.com/api/vehicle-image/hainaauto/733253604/col_62859b462f7658ea.webp,https://www.hainaautochina.com/api/vehicle-image/hainaauto/733253604/col_cbe7c8723aea8696.webp",SUV y todoterrenos > 2024 Corolla Hybrid,2024 Corolla Hybrid,Venezuela,Toyota
cntransit-255214633,2023 Corolla Cross 2023 - Importacion desde China a Venezuela,"Toyota 2023 · 2023 Corolla Cross · 8.333 km · White · Automatic · Disponible en Zhejiang. Vehiculo disponible para compradores en Venezuela, con inspeccion, documentos de exportacion y apoyo logistico de HainaAuto. Stock CN-255214633.",in stock,used,10745.12 USD,https://www.hainaautochina.com/vehicles/cntransit-255214633,https://www.hainaautochina.com/api/vehicle-image/cntransit/255214633/col_850ff127bcbe72ea.jpg,Toyota,"https://www.hainaautochina.com/api/vehicle-image/cntransit/255214633/col_28074995e9b00dd8.jpg,https://www.hainaautochina.com/api/vehicle-image/cntransit/255214633/col_fe43891ff46535fb.jpg,https://www.hainaautochina.com/api/vehicle-image/cntransit/255214633/col_7ff57f40e0fcc836.jpg",SUV y todoterrenos > 2023 Corolla Cross,2023 Corolla Cross,Venezuela,Toyota
cntransit-095617104,2023 Corolla Hybrid 2023 - Importacion desde China a Venezuela,"Toyota 2023 · 2023 Corolla Hybrid · 24.167 km · Gray · Automatic · Disponible en Guangdong. Vehiculo disponible para compradores en Venezuela, con inspeccion, documentos de exportacion y apoyo logistico de HainaAuto. Stock CN-095617104.",in stock,used,13672.46 USD,https://www.hainaautochina.com/vehicles/cntransit-095617104,https://www.hainaautochina.com/api/vehicle-image/cntransit/095617104/col_fcae8d8200a64e21.jpg,Toyota,"https://www.hainaautochina.com/api/vehicle-image/cntransit/095617104/col_5f01b3ca1a53e45e.jpg,https://www.hainaautochina.com/api/vehicle-image/cntransit/095617104/col_cbe100224c481d2a.jpg,https://www.hainaautochina.com/api/vehicle-image/cntransit/095617104/col_cb3ab8055ab3fd89.jpg",SUV y todoterrenos > 2023 Corolla Hybrid,2023 Corolla Hybrid,Venezuela,Toyota
hainaauto-071032111,2023 Corolla Rui 2023 - Importacion desde China a Venezuela,"Toyota 2023 · 2023 Corolla Rui · 12.083 km · White · automatic · Disponible en Zhejiang. Vehiculo disponible para compradores en Venezuela, con inspeccion, documentos de exportacion y apoyo logistico de HainaAuto. Stock HA-071032111.",in stock,used,11987.78 USD,https://www.hainaautochina.com/vehicles/hainaauto-071032111,https://www.hainaautochina.com/api/vehicle-image/hainaauto/071032111/col_d0b65e5457d68ce7.webp,Toyota,"https://www.hainaautochina.com/api/vehicle-image/hainaauto/071032111/col_dba0e657dabf834d.webp,https://www.hainaautochina.com/api/vehicle-image/hainaauto/071032111/col_bb8f98b325d7b414.webp,https://www.hainaautochina.com/api/vehicle-image/hainaauto/071032111/col_552cd699f5095653.webp",SUV y todoterrenos > 2023 Corolla Rui,2023 Corolla Rui,Venezuela,Toyota
hainaauto-128110946,Corolla Altis 2.0 2023 - Importacion desde China a Venezuela,"Toyota 2023 · Corolla Altis 2.0 · 25.000 km · White · automatic · Disponible en Beijing. Vehiculo disponible para compradores en Venezuela, con inspeccion, documentos de exportacion y apoyo logistico de HainaAuto. Stock HA-128110946.",in stock,used,12254.66 USD,https://www.hainaautochina.com/vehicles/hainaauto-128110946,https://www.hainaautochina.com/api/vehicle-image/hainaauto/128110946/col_b41d6157753b5c0d.webp,Toyota,"https://www.hainaautochina.com/api/vehicle-image/hainaauto/128110946/col_ba9a03f555a16a8a.webp,https://www.hainaautochina.com/api/vehicle-image/hainaauto/128110946/col_2e3dd9b375fb7111.webp,https://www.hainaautochina.com/api/vehicle-image/hainaauto/128110946/col_b5eb912f85bcdb5f.webp",SUV y todoterrenos > Corolla Altis 2.0,Corolla Altis 2.0,Venezuela,Toyota
hainaauto-121260448,Corolla Cross Hybrid 2023 - Importacion desde China a Venezuela,"Toyota 2023 · Corolla Cross Hybrid · 16.250 km · White · automatic · Disponible en Guangdong. Vehiculo disponible para compradores en Venezuela, con inspeccion, documentos de exportacion y apoyo logistico de HainaAuto. Stock HA-121260448.",in stock,used,12338.06 USD,https://www.hainaautochina.com/vehicles/hainaauto-121260448,https://www.hainaautochina.com/api/vehicle-image/hainaauto/121260448/col_60c27b55a644cc19.webp,Toyota,"https://www.hainaautochina.com/api/vehicle-image/hainaauto/121260448/col_bd72c1b12c419d03.webp,https://www.hainaautochina.com/api/vehicle-image/hainaauto/121260448/col_0e3d49f60c0d8126.webp,https://www.hainaautochina.com/api/vehicle-image/hainaauto/121260448/col_c1256dc047630119.webp",SUV y todoterrenos > Corolla Cross Hybrid,Corolla Cross Hybrid,Venezuela,Toyota
cntransit-403816592,2024 Corolla 1.2T 2024 - Importacion desde China a Venezuela,"Toyota 2024 · 2024 Corolla 1.2T · 28.333 km · White · Automatic · Disponible en Zhejiang. Vehiculo disponible para compradores en Venezuela, con inspeccion, documentos de exportacion y apoyo logistico de HainaAuto. Stock CN-403816592.",in stock,used,11420.66 USD,https://www.hainaautochina.com/vehicles/cntransit-403816592,https://www.hainaautochina.com/api/vehicle-image/cntransit/403816592/col_3bd6e23f57c283a5.jpg,Toyota,"https://www.hainaautochina.com/api/vehicle-image/cntransit/403816592/col_b8dcd59dfe220aa5.jpg,https://www.hainaautochina.com/api/vehicle-image/cntransit/403816592/col_e363a337b73dc5aa.jpg,https://www.hainaautochina.com/api/vehicle-image/cntransit/403816592/col_cc141e821ae8ced3.jpg",Sedanes y hatchbacks > 2024 Corolla 1.2T,2024 Corolla 1.2T,Venezuela,Toyota
hainaauto-234725109,Corolla 1.2T CVT 2026 - Importacion desde China a Venezuela,"Toyota 2026 · Corolla 1.2T CVT · 1.250 km · White · automatic · Disponible en Guangdong. Vehiculo disponible para compradores en Venezuela, con inspeccion, documentos de exportacion y apoyo logistico de HainaAuto. Stock HA-234725109.",in stock,used,12905.18 USD,https://www.hainaautochina.com/vehicles/hainaauto-234725109,https://www.hainaautochina.com/api/vehicle-image/hainaauto/234725109/col_11cb463d734e17ac.webp,Toyota,"https://www.hainaautochina.com/api/vehicle-image/hainaauto/234725109/col_10380750b0aab1da.webp,https://www.hainaautochina.com/api/vehicle-image/hainaauto/234725109/col_91f075db1edacb68.webp,https://www.hainaautochina.com/api/vehicle-image/hainaauto/234725109/col_7cc8f30ea22e71cd.webp",Sedanes y hatchbacks > Corolla 1.2T CVT,Corolla 1.2T CVT,Venezuela,Toyota
hainaauto-765012700,Corolla Hybrid 1.8 2023 - Importacion desde China a Venezuela,"Toyota 2023 · Corolla Hybrid 1.8 · 133.333 km · White · automatic · Disponible en Liaoning. Vehiculo disponible para compradores en Venezuela, con inspeccion, documentos de exportacion y apoyo logistico de HainaAuto. Stock HA-765012700.",in stock,used,10253.06 USD,https://www.hainaautochina.com/vehicles/hainaauto-765012700,https://www.hainaautochina.com/api/vehicle-image/hainaauto/765012700/col_7b90c030d358e296.webp,Toyota,"https://www.hainaautochina.com/api/vehicle-image/hainaauto/765012700/col_cd88f2d784bc43c9.webp,https://www.hainaautochina.com/api/vehicle-image/hainaauto/765012700/col_a71bd628ee1ac9d3.webp,https://www.hainaautochina.com/api/vehicle-image/hainaauto/765012700/col_6e3ac3a70fd97cbb.webp",Sedanes y hatchbacks > Corolla Hybrid 1.8,Corolla Hybrid 1.8,Venezuela,Toyota
hainaauto-047753973,2023 Corolla 1.2T 2023 - Importacion desde China a Venezuela,"Toyota 2023 · 2023 Corolla 1.2T · 36.667 km · White · automatic · Disponible en Zhejiang. Vehiculo disponible para compradores en Venezuela, con inspeccion, documentos de exportacion y apoyo logistico de HainaAuto. Stock HA-047753973.",in stock,used,10503.26 USD,https://www.hainaautochina.com/vehicles/hainaauto-047753973,https://www.hainaautochina.com/api/vehicle-image/hainaauto/047753973/col_a7f7e67b4635e018.webp,Toyota,"https://www.hainaautochina.com/api/vehicle-image/hainaauto/047753973/col_51975df2f2d0a0d1.webp,https://www.hainaautochina.com/api/vehicle-image/hainaauto/047753973/col_5b1e18868db4a694.webp,https://www.hainaautochina.com/api/vehicle-image/hainaauto/047753973/col_ce1e7b517c3a1ab6.webp",Sedanes y hatchbacks > 2023 Corolla 1.2T,2023 Corolla 1.2T,Venezuela,Toyota
cntransit-506413550,2023 Corolla 1.5 2023 - Importacion desde China a Venezuela,"Toyota 2023 · 2023 Corolla 1.5 · 19.583 km · White · Automatic · Disponible en Jiangsu. Vehiculo disponible para compradores en Venezuela, con inspeccion, documentos de exportacion y apoyo logistico de HainaAuto. Stock CN-506413550.",in stock,used,10486.58 USD,https://www.hainaautochina.com/vehicles/cntransit-506413550,https://www.hainaautochina.com/api/vehicle-image/cntransit/506413550/col_f8ccc0e5e0647bd2.jpg,Toyota,"https://www.hainaautochina.com/api/vehicle-image/cntransit/506413550/col_67bffbcbd898cca3.jpg,https://www.hainaautochina.com/api/vehicle-image/cntransit/506413550/col_5e506bda9d1f32ab.jpg,https://www.hainaautochina.com/api/vehicle-image/cntransit/506413550/col_560a4fe08eda4a4d.jpg",Sedanes y hatchbacks > 2023 Corolla 1.5,2023 Corolla 1.5,Venezuela,Toyota
cntransit-22918092,2023 Corolla Altis 2023 - Importacion desde China a Venezuela,"Toyota 2023 · 2023 Corolla Altis · 5.000 km · Gray · Automatic · Disponible en Guangdong. Vehiculo disponible para compradores en Venezuela, con inspeccion, documentos de exportacion y apoyo logistico de HainaAuto. Stock CN-22918092.",in stock,used,11487.38 USD,https://www.hainaautochina.com/vehicles/cntransit-22918092,https://www.hainaautochina.com/api/vehicle-image/cntransit/22918092/col_bdc3160c71d60eda.jpg,Toyota,"https://www.hainaautochina.com/api/vehicle-image/cntransit/22918092/col_773043b8c7f996d3.jpg,https://www.hainaautochina.com/api/vehicle-image/cntransit/22918092/col_f0a5bafae66b6074.jpg,https://www.hainaautochina.com/api/vehicle-image/cntransit/22918092/col_ee3eb93106c1e3f7.jpg",Sedanes y hatchbacks > 2023 Corolla Altis,2023 Corolla Altis,Venezuela,Toyota
cntransit-334419006,2026 RAV4 2.0 2026 - Importacion desde China a Venezuela,"Toyota 2026 · 2026 RAV4 2.0 · 0 km · Gray · Automatic · Disponible en Heilongjiang. Vehiculo disponible para compradores en Venezuela, con inspeccion, documentos de exportacion y apoyo logistico de HainaAuto. Stock CN-334419006.",in stock,new,21595.46 USD,https://www.hainaautochina.com/vehicles/cntransit-334419006,https://www.hainaautochina.com/api/vehicle-image/cntransit/334419006/col_51885063c33f9bcc.jpg,Toyota,"https://www.hainaautochina.com/api/vehicle-image/cntransit/334419006/col_905dae85d9d9ab0f.jpg,https://www.hainaautochina.com/api/vehicle-image/cntransit/334419006/col_0a91324f1fd84831.jpg,https://www.hainaautochina.com/api/vehicle-image/cntransit/334419006/col_9edaaf55b462790b.jpg",SUV y todoterrenos > 2026 RAV4 2.0,2026 RAV4 2.0,Venezuela,Toyota
hainaauto-211531483,RAV4 2.0L CVT 2024 - Importacion desde China a Venezuela,"Toyota 2024 · RAV4 2.0L CVT · 12.500 km · White · automatic · Disponible en Zhejiang. Vehiculo disponible para compradores en Venezuela, con inspeccion, documentos de exportacion y apoyo logistico de HainaAuto. Stock HA-211531483.",in stock,used,13163.72 USD,https://www.hainaautochina.com/vehicles/hainaauto-211531483,https://www.hainaautochina.com/api/vehicle-image/hainaauto/211531483/col_4464ba6a2aa01a64.webp,Toyota,"https://www.hainaautochina.com/api/vehicle-image/hainaauto/211531483/col_e7e5f5dda8bb02d2.webp,https://www.hainaautochina.com/api/vehicle-image/hainaauto/211531483/col_ad205138c0438df3.webp,https://www.hainaautochina.com/api/vehicle-image/hainaauto/211531483/col_e02305284941941f.webp",SUV y todoterrenos > RAV4 2.0L CVT,RAV4 2.0L CVT,Venezuela,Toyota
hainaauto-41234405,RAV4 2.0 CVT 2024 - Importacion desde China a Venezuela,"Toyota 2024 · RAV4 2.0 CVT · 17.500 km · White · automatic · Disponible en Tianjin. Vehiculo disponible para compradores en Venezuela, con inspeccion, documentos de exportacion y apoyo logistico de HainaAuto. Stock HA-41234405.",in stock,used,17425.46 USD,https://www.hainaautochina.com/vehicles/hainaauto-41234405,https://www.hainaautochina.com/api/vehicle-image/hainaauto/41234405/col_1b6dcb92793477ac.webp,Toyota,"https://www.hainaautochina.com/api/vehicle-image/hainaauto/41234405/col_f72527d4c5a11623.webp,https://www.hainaautochina.com/api/vehicle-image/hainaauto/41234405/col_31889df845d481ab.webp,https://www.hainaautochina.com/api/vehicle-image/hainaauto/41234405/col_867b46136c2b0ca8.webp",SUV y todoterrenos > RAV4 2.0 CVT,RAV4 2.0 CVT,Venezuela,Toyota
hainaauto-617547679,2026 RAV4 Hybrid 2026 - Importacion desde China a Venezuela,"Toyota 2026 · 2026 RAV4 Hybrid · 417 km · White · automatic · Disponible en Hebei. Vehiculo disponible para compradores en Venezuela, con inspeccion, documentos de exportacion y apoyo logistico de HainaAuto. Stock HA-617547679.",in stock,used,19577.18 USD,https://www.hainaautochina.com/vehicles/hainaauto-617547679,https://www.hainaautochina.com/api/vehicle-image/hainaauto/617547679/col_9b875b7e351d1d4e.webp,Toyota,"https://www.hainaautochina.com/api/vehicle-image/hainaauto/617547679/col_5a3c27fa2aeb2297.webp,https://www.hainaautochina.com/api/vehicle-image/hainaauto/617547679/col_d2fc78f7d9ab64ad.webp,https://www.hainaautochina.com/api/vehicle-image/hainaauto/617547679/col_ce74cd4bce8c95cb.webp",SUV y todoterrenos > 2026 RAV4 Hybrid,2026 RAV4 Hybrid,Venezuela,Toyota
cntransit-60905812,2024 RAV4 2.0 2024 - Importacion desde China a Venezuela,"Toyota 2024 · 2024 RAV4 2.0 · 9.583 km · Black · Automatic · Disponible en Hunan. Vehiculo disponible para compradores en Venezuela, con inspeccion, documentos de exportacion y apoyo logistico de HainaAuto. Stock CN-60905812.",in stock,used,14339.66 USD,https://www.hainaautochina.com/vehicles/cntransit-60905812,https://www.hainaautochina.com/api/vehicle-image/cntransit/60905812/col_2cb6d687b5143490.jpg,Toyota,"https://www.hainaautochina.com/api/vehicle-image/cntransit/60905812/col_9e5f60056ae990ca.jpg,https://www.hainaautochina.com/api/vehicle-image/cntransit/60905812/col_0ecb17837b9b1801.jpg,https://www.hainaautochina.com/api/vehicle-image/cntransit/60905812/col_1a3813283b25c523.jpg",SUV y todoterrenos > 2024 RAV4 2.0,2024 RAV4 2.0,Venezuela,Toyota
hainaauto-052110797,RAV4 Hybrid 2.5L 2023 - Importacion desde China a Venezuela,"Toyota 2023 · RAV4 Hybrid 2.5L · 20.417 km · blue · automatic · Disponible en Fujian. Vehiculo disponible para compradores en Venezuela, con inspeccion, documentos de exportacion y apoyo logistico de HainaAuto. Stock HA-052110797.",in stock,used,15090.26 USD,https://www.hainaautochina.com/vehicles/hainaauto-052110797,https://www.hainaautochina.com/api/vehicle-image/hainaauto/052110797/col_3911b626e5328920.webp,Toyota,"https://www.hainaautochina.com/api/vehicle-image/hainaauto/052110797/col_3c7d4c6ae85be6a4.webp,https://www.hainaautochina.com/api/vehicle-image/hainaauto/052110797/col_46baae64dafecb4c.webp,https://www.hainaautochina.com/api/vehicle-image/hainaauto/052110797/col_1f244f9e0729d741.webp",SUV y todoterrenos > RAV4 Hybrid 2.5L,RAV4 Hybrid 2.5L,Venezuela,Toyota
hainaauto-176234098,2024 RAV4 Hybrid 2024 - Importacion desde China a Venezuela,"Toyota 2024 · 2024 RAV4 Hybrid · 9.167 km · black · automatic · Disponible en Fujian. Vehiculo disponible para compradores en Venezuela, con inspeccion, documentos de exportacion y apoyo logistico de HainaAuto. Stock HA-176234098.",in stock,used,18993.38 USD,https://www.hainaautochina.com/vehicles/hainaauto-176234098,https://www.hainaautochina.com/api/vehicle-image/hainaauto/176234098/col_dc286ae66aac7b16.webp,Toyota,"https://www.hainaautochina.com/api/vehicle-image/hainaauto/176234098/col_e756d8b7a51f610a.webp,https://www.hainaautochina.com/api/vehicle-image/hainaauto/176234098/col_be4fe83d590fa3d5.webp,https://www.hainaautochina.com/api/vehicle-image/hainaauto/176234098/col_1dbbc05d8cbc5c46.webp",SUV y todoterrenos > 2024 RAV4 Hybrid,2024 RAV4 Hybrid,Venezuela,Toyota
cntransit-276419248,2023 RAV4 2.0 2023 - Importacion desde China a Venezuela,"Toyota 2023 · 2023 RAV4 2.0 · 22.083 km · White · Automatic · Disponible en Jiangxi. Vehiculo disponible para compradores en Venezuela, con inspeccion, documentos de exportacion y apoyo logistico de HainaAuto. Stock CN-276419248.",in stock,used,13672.46 USD,https://www.hainaautochina.com/vehicles/cntransit-276419248,https://www.hainaautochina.com/api/vehicle-image/cntransit/276419248/col_8d0ca7e7de2720cc.jpg,Toyota,"https://www.hainaautochina.com/api/vehicle-image/cntransit/276419248/col_6ade9298a467b9da.jpg,https://www.hainaautochina.com/api/vehicle-image/cntransit/276419248/col_060add674f1b9871.jpg,https://www.hainaautochina.com/api/vehicle-image/cntransit/276419248/col_4213bc04f58db6e7.jpg",SUV y todoterrenos > 2023 RAV4 2.0,2023 RAV4 2.0,Venezuela,Toyota
cntransit-296612910,2023 RAV4 Hybrid 2023 - Importacion desde China a Venezuela,"Toyota 2023 · 2023 RAV4 Hybrid · 18.750 km · White · Automatic · Disponible en Sichuan. Vehiculo disponible para compradores en Venezuela, con inspeccion, documentos de exportacion y apoyo logistico de HainaAuto. Stock CN-296612910.",in stock,used,17258.66 USD,https://www.hainaautochina.com/vehicles/cntransit-296612910,https://www.hainaautochina.com/api/vehicle-image/cntransit/296612910/col_1f5287d298812b1b.jpg,Toyota,"https://www.hainaautochina.com/api/vehicle-image/cntransit/296612910/col_c18411a465c7e234.jpg,https://www.hainaautochina.com/api/vehicle-image/cntransit/296612910/col_9f0a0bc2bd350037.jpg,https://www.hainaautochina.com/api/vehicle-image/cntransit/296612910/col_80b4bc02e915c969.jpg",SUV y todoterrenos > 2023 RAV4 Hybrid,2023 RAV4 Hybrid,Venezuela,Toyota
hainaauto-396625194,Ranger 2.3T Trailblazer 2025 - Importacion desde China a Venezuela,"Ford 2025 · Ranger 2.3T Trailblazer · 0 km · black · automatic · Disponible en Sichuan. Vehiculo disponible para compradores en Venezuela, con inspeccion, documentos de exportacion y apoyo logistico de HainaAuto. Stock HA-396625194.",in stock,new,22329.38 USD,https://www.hainaautochina.com/vehicles/hainaauto-396625194,https://www.hainaautochina.com/api/vehicle-image/hainaauto/396625194/col_e1cd77a80a9de9e3.webp,Ford,"https://www.hainaautochina.com/api/vehicle-image/hainaauto/396625194/col_b876b5e4fecd4983.webp,https://www.hainaautochina.com/api/vehicle-image/hainaauto/396625194/col_e2c2bdfadb7a6a9b.webp,https://www.hainaautochina.com/api/vehicle-image/hainaauto/396625194/col_4d65424c3150b739.webp",Camionetas y pickups > Ranger 2.3T Trailblazer,Ranger 2.3T Trailblazer,Venezuela,Ford
hainaauto-404215847,2023 Ranger 2.3T 2023 - Importacion desde China a Venezuela,"Ford 2023 · 2023 Ranger 2.3T · 10.417 km · black · automatic · Disponible en Shanghai. Vehiculo disponible para compradores en Venezuela, con inspeccion, documentos de exportacion y apoyo logistico de HainaAuto. Stock HA-404215847.",in stock,used,18176.06 USD,https://www.hainaautochina.com/vehicles/hainaauto-404215847,https://www.hainaautochina.com/api/vehicle-image/hainaauto/404215847/col_76167c8a93ee3cbb.webp,Ford,"https://www.hainaautochina.com/api/vehicle-image/hainaauto/404215847/col_8805bb8b68df481e.webp,https://www.hainaautochina.com/api/vehicle-image/hainaauto/404215847/col_c930beed6ea881b3.webp,https://www.hainaautochina.com/api/vehicle-image/hainaauto/404215847/col_3f3de0bed0f66021.webp",Camionetas y pickups > 2023 Ranger 2.3T,2023 Ranger 2.3T,Venezuela,Ford
hainaauto-010919240,Ranger 2.3T Off-Road 2023 - Importacion desde China a Venezuela,"Ford 2023 · Ranger 2.3T Off-Road · 26.667 km · black · automatic · Disponible en Shandong. Vehiculo disponible para compradores en Venezuela, con inspeccion, documentos de exportacion y apoyo logistico de HainaAuto. Stock HA-010919240.",in stock,used,20411.18 USD,https://www.hainaautochina.com/vehicles/hainaauto-010919240,https://www.hainaautochina.com/api/vehicle-image/hainaauto/010919240/col_50b7f1b3078148ad.webp,Ford,"https://www.hainaautochina.com/api/vehicle-image/hainaauto/010919240/col_0d511c91768ecd3a.webp,https://www.hainaautochina.com/api/vehicle-image/hainaauto/010919240/col_e8c57a1f6ec6d289.webp,https://www.hainaautochina.com/api/vehicle-image/hainaauto/010919240/col_2aab930615dff50f.webp",Camionetas y pickups > Ranger 2.3T Off-Road,Ranger 2.3T Off-Road,Venezuela,Ford
hainaauto-659122425,Freedom 2025 1.5TD 2025 - Importacion desde China a Venezuela,"Jetour 2025 · Freedom 2025 1.5TD · 375 km · black · automatic · Disponible en Jiangsu. Vehiculo disponible para compradores en Venezuela, con inspeccion, documentos de exportacion y apoyo logistico de HainaAuto. Stock HA-659122425.",in stock,used,14423.06 USD,https://www.hainaautochina.com/vehicles/hainaauto-659122425,https://www.hainaautochina.com/api/vehicle-image/hainaauto/659122425/col_f1fac20077028eb0.webp,Jetour,"https://www.hainaautochina.com/api/vehicle-image/hainaauto/659122425/col_4a5740c015757548.webp,https://www.hainaautochina.com/api/vehicle-image/hainaauto/659122425/col_bbeb4cf6150c125b.webp,https://www.hainaautochina.com/api/vehicle-image/hainaauto/659122425/col_80991aff840a6350.webp",SUV y todoterrenos > Freedom 2025 1.5TD,Freedom 2025 1.5TD,Venezuela,Jetour
cntransit-474617476,2025 Edge L 2025 - Importacion desde China a Venezuela,"Ford 2025 · 2025 Edge L · 1.250 km · Black · Automatic · Disponible en Guangdong. Vehiculo disponible para compradores en Venezuela, con inspeccion, documentos de exportacion y apoyo logistico de HainaAuto. Stock CN-474617476.",in stock,used,19660.58 USD,https://www.hainaautochina.com/vehicles/cntransit-474617476,https://www.hainaautochina.com/api/vehicle-image/cntransit/474617476/col_777e42183675fb84.jpg,Ford,"https://www.hainaautochina.com/api/vehicle-image/cntransit/474617476/col_0096bbc834be1622.jpg,https://www.hainaautochina.com/api/vehicle-image/cntransit/474617476/col_40c103935639da5b.jpg,https://www.hainaautochina.com/api/vehicle-image/cntransit/474617476/col_e90c567fb3db8e3b.jpg",SUV y todoterrenos > 2025 Edge L,2025 Edge L,Venezuela,Ford
hainaauto-142222367,Edge L 2.0T 2026 - Importacion desde China a Venezuela,"Ford 2026 · Edge L 2.0T · 375 km · black · automatic · Disponible en Anhui. Vehiculo disponible para compradores en Venezuela, con inspeccion, documentos de exportacion y apoyo logistico de HainaAuto. Stock HA-142222367.",in stock,used,22337.72 USD,https://www.hainaautochina.com/vehicles/hainaauto-142222367,https://www.hainaautochina.com/api/vehicle-image/hainaauto/142222367/col_32370f746239d978.webp,Ford,"https://www.hainaautochina.com/api/vehicle-image/hainaauto/142222367/col_182d83bb5587c967.webp,https://www.hainaautochina.com/api/vehicle-image/hainaauto/142222367/col_10ceddc164b7e1c4.webp,https://www.hainaautochina.com/api/vehicle-image/hainaauto/142222367/col_f1759d798092e939.webp",SUV y todoterrenos > Edge L 2.0T,Edge L 2.0T,Venezuela,Ford
hainaauto-129625636,Explorer 2.3L EcoBoost 2024 - Importacion desde China a Venezuela,"Ford 2024 · Explorer 2.3L EcoBoost · 1.250 km · White · automatic · Disponible en Sichuan. Vehiculo disponible para compradores en Venezuela, con inspeccion, documentos de exportacion y apoyo logistico de HainaAuto. Stock HA-129625636.",in stock,used,28083.98 USD,https://www.hainaautochina.com/vehicles/hainaauto-129625636,https://www.hainaautochina.com/api/vehicle-image/hainaauto/129625636/col_fdbbfba8aec12ef7.webp,Ford,"https://www.hainaautochina.com/api/vehicle-image/hainaauto/129625636/col_c715c7a44f5cc6b6.webp,https://www.hainaautochina.com/api/vehicle-image/hainaauto/129625636/col_26b9ec78ed1bc023.webp,https://www.hainaautochina.com/api/vehicle-image/hainaauto/129625636/col_3cc27bc3a53bc13c.webp",SUV y todoterrenos > Explorer 2.3L EcoBoost,Explorer 2.3L EcoBoost,Venezuela,Ford
cntransit-996316949,2026 Edge L 2026 - Importacion desde China a Venezuela,"Ford 2026 · 2026 Edge L · 3.583 km · Gray · Automatic · Disponible en Jiangsu. Vehiculo disponible para compradores en Venezuela, con inspeccion, documentos de exportacion y apoyo logistico de HainaAuto. Stock CN-996316949.",in stock,used,22429.46 USD,https://www.hainaautochina.com/vehicles/cntransit-996316949,https://www.hainaautochina.com/api/vehicle-image/cntransit/996316949/col_c4f2dc899be02c15.jpg,Ford,"https://www.hainaautochina.com/api/vehicle-image/cntransit/996316949/col_c4b51ca32ee7bece.jpg,https://www.hainaautochina.com/api/vehicle-image/cntransit/996316949/col_db3bef8773011b4e.jpg,https://www.hainaautochina.com/api/vehicle-image/cntransit/996316949/col_0b6208a7fad706f2.jpg",SUV y todoterrenos > 2026 Edge L,2026 Edge L,Venezuela,Ford
hainaauto-956419482,2025 Traveler 1.5TD 2025 - Importacion desde China a Venezuela,"Jetour 2025 · 2025 Traveler 1.5TD · 6.667 km · grey · automatic · Disponible en Hubei. Vehiculo disponible para compradores en Venezuela, con inspeccion, documentos de exportacion y apoyo logistico de HainaAuto. Stock HA-956419482.",in stock,used,15907.58 USD,https://www.hainaautochina.com/vehicles/hainaauto-956419482,https://www.hainaautochina.com/api/vehicle-image/hainaauto/956419482/col_b8ce2a30a1a18ba7.webp,Jetour,"https://www.hainaautochina.com/api/vehicle-image/hainaauto/956419482/col_2c97b25b00eebb1f.webp,https://www.hainaautochina.com/api/vehicle-image/hainaauto/956419482/col_04e9873c85eaca98.webp,https://www.hainaautochina.com/api/vehicle-image/hainaauto/956419482/col_80aefdcccaa672cd.webp",SUV y todoterrenos > 2025 Traveler 1.5TD,2025 Traveler 1.5TD,Venezuela,Jetour
cntransit-91973057,2025 Explorer 2.3T 2025 - Importacion desde China a Venezuela,"Ford 2025 · 2025 Explorer 2.3T · 20.833 km · Black · Automatic · Disponible en Henan. Vehiculo disponible para compradores en Venezuela, con inspeccion, documentos de exportacion y apoyo logistico de HainaAuto. Stock CN-91973057.",in stock,used,26182.46 USD,https://www.hainaautochina.com/vehicles/cntransit-91973057,https://www.hainaautochina.com/api/vehicle-image/cntransit/91973057/col_9a542cb1ea98a1aa.jpg,Ford,"https://www.hainaautochina.com/api/vehicle-image/cntransit/91973057/col_a242e1912c2bd3f4.jpg,https://www.hainaautochina.com/api/vehicle-image/cntransit/91973057/col_50914575028af814.jpg,https://www.hainaautochina.com/api/vehicle-image/cntransit/91973057/col_a790f26885475f45.jpg",SUV y todoterrenos > 2025 Explorer 2.3T,2025 Explorer 2.3T,Venezuela,Ford
hainaauto-117013928,Explorer 2025 2.3T 2025 - Importacion desde China a Venezuela,"Ford 2025 · Explorer 2025 2.3T · 833 km · black · automatic · Disponible en Hebei. Vehiculo disponible para compradores en Venezuela, con inspeccion, documentos de exportacion y apoyo logistico de HainaAuto. Stock HA-117013928.",in stock,used,25098.26 USD,https://www.hainaautochina.com/vehicles/hainaauto-117013928,https://www.hainaautochina.com/api/vehicle-image/hainaauto/117013928/col_c8b90c9fe28a542c.webp,Ford,"https://www.hainaautochina.com/api/vehicle-image/hainaauto/117013928/col_930405ab5643bffa.webp,https://www.hainaautochina.com/api/vehicle-image/hainaauto/117013928/col_9e325199eed82be8.webp,https://www.hainaautochina.com/api/vehicle-image/hainaauto/117013928/col_1c597be4a18272f4.webp",SUV y todoterrenos > Explorer 2025 2.3T,Explorer 2025 2.3T,Venezuela,Ford
hainaauto-506140942,2024 Tiggo 8 2024 - Importacion desde China a Venezuela,"Chery 2024 · 2024 Tiggo 8 · 11.000 km · White · automatic · Disponible en Guangdong. Vehiculo disponible para compradores en Venezuela, con inspeccion, documentos de exportacion y apoyo logistico de HainaAuto. Stock HA-506140942.",in stock,used,11654.18 USD,https://www.hainaautochina.com/vehicles/hainaauto-506140942,https://www.hainaautochina.com/api/vehicle-image/hainaauto/506140942/col_e1aa792e99a73323.webp,Chery,"https://www.hainaautochina.com/api/vehicle-image/hainaauto/506140942/col_fedad5484c1091ca.webp,https://www.hainaautochina.com/api/vehicle-image/hainaauto/506140942/col_d8c21e84b614ad81.webp,https://www.hainaautochina.com/api/vehicle-image/hainaauto/506140942/col_f4d26dbca8e61834.webp",SUV y todoterrenos > 2024 Tiggo 8,2024 Tiggo 8,Venezuela,Chery
cntransit-099813496,2024 Edge 2.0T 2024 - Importacion desde China a Venezuela,"Ford 2024 · 2024 Edge 2.0T · 6.667 km · White · Automatic · Disponible en Anhui. Vehiculo disponible para compradores en Venezuela, con inspeccion, documentos de exportacion y apoyo logistico de HainaAuto. Stock CN-099813496.",in stock,used,14047.76 USD,https://www.hainaautochina.com/vehicles/cntransit-099813496,https://www.hainaautochina.com/api/vehicle-image/cntransit/099813496/col_849212fc418b7274.jpg,Ford,"https://www.hainaautochina.com/api/vehicle-image/cntransit/099813496/col_fa0462c9fafc6fe4.jpg,https://www.hainaautochina.com/api/vehicle-image/cntransit/099813496/col_fecf29127fb2112b.jpg,https://www.hainaautochina.com/api/vehicle-image/cntransit/099813496/col_30877b5488145ebd.jpg",SUV y todoterrenos > 2024 Edge 2.0T,2024 Edge 2.0T,Venezuela,Ford
hainaauto-091813568,Edge L HYBRID 2024 - Importacion desde China a Venezuela,"Ford 2024 · Edge L HYBRID · 12.083 km · White · automatic · Disponible en Beijing. Vehiculo disponible para compradores en Venezuela, con inspeccion, documentos de exportacion y apoyo logistico de HainaAuto. Stock HA-091813568.",in stock,used,19427.06 USD,https://www.hainaautochina.com/vehicles/hainaauto-091813568,https://www.hainaautochina.com/api/vehicle-image/hainaauto/091813568/col_0850437175a5f557.webp,Ford,"https://www.hainaautochina.com/api/vehicle-image/hainaauto/091813568/col_1dd227adcba5463e.webp,https://www.hainaautochina.com/api/vehicle-image/hainaauto/091813568/col_a6d1be9d86dda07d.webp,https://www.hainaautochina.com/api/vehicle-image/hainaauto/091813568/col_d42d31cabf267929.webp",SUV y todoterrenos > Edge L HYBRID,Edge L HYBRID,Venezuela,Ford
hainaauto-757136881,2024 Explorer 2.3T 2024 - Importacion desde China a Venezuela,"Ford 2024 · 2024 Explorer 2.3T · 10.417 km · black · automatic · Disponible en Shandong. Vehiculo disponible para compradores en Venezuela, con inspeccion, documentos de exportacion y apoyo logistico de HainaAuto. Stock HA-757136881.",in stock,used,29685.26 USD,https://www.hainaautochina.com/vehicles/hainaauto-757136881,https://www.hainaautochina.com/api/vehicle-image/hainaauto/757136881/col_c0ac9382d73d42d1.webp,Ford,"https://www.hainaautochina.com/api/vehicle-image/hainaauto/757136881/col_ce48885f2f7296b4.webp,https://www.hainaautochina.com/api/vehicle-image/hainaauto/757136881/col_6ebc16c864ededd8.webp,https://www.hainaautochina.com/api/vehicle-image/hainaauto/757136881/col_9bc49ab82b4bc503.webp",SUV y todoterrenos > 2024 Explorer 2.3T,2024 Explorer 2.3T,Venezuela,Ford
hainaauto-437951465,2023 Edge L 2023 - Importacion desde China a Venezuela,"Ford 2023 · 2023 Edge L · 9.167 km · black · automatic · Disponible en Hunan. Vehiculo disponible para compradores en Venezuela, con inspeccion, documentos de exportacion y apoyo logistico de HainaAuto. Stock HA-437951465.",in stock,used,19677.26 USD,https://www.hainaautochina.com/vehicles/hainaauto-437951465,https://www.hainaautochina.com/api/vehicle-image/hainaauto/437951465/col_fea63eb147d1bcaa.webp,Ford,"https://www.hainaautochina.com/api/vehicle-image/hainaauto/437951465/col_0f56f042cef132d5.webp,https://www.hainaautochina.com/api/vehicle-image/hainaauto/437951465/col_e1d445f40cc11747.webp,https://www.hainaautochina.com/api/vehicle-image/hainaauto/437951465/col_ede3fe92e5423756.webp",SUV y todoterrenos > 2023 Edge L,2023 Edge L,Venezuela,Ford
hainaauto-574624755,Tucson L 1.5T 2025 - Importacion desde China a Venezuela,"Hyundai 2025 · Tucson L 1.5T · 4.167 km · grey · automatic · Disponible en Guangdong. Vehiculo disponible para compradores en Venezuela, con inspeccion, documentos de exportacion y apoyo logistico de HainaAuto. Stock HA-574624755.",in stock,used,14322.98 USD,https://www.hainaautochina.com/vehicles/hainaauto-574624755,https://www.hainaautochina.com/api/vehicle-image/hainaauto/574624755/col_c3aa3158354ee68d.webp,Hyundai,"https://www.hainaautochina.com/api/vehicle-image/hainaauto/574624755/col_6623b06174bb3e33.webp,https://www.hainaautochina.com/api/vehicle-image/hainaauto/574624755/col_e8c1a92d25f396d6.webp,https://www.hainaautochina.com/api/vehicle-image/hainaauto/574624755/col_e5b954875d6c2e7c.webp",SUV y todoterrenos > Tucson L 1.5T,Tucson L 1.5T,Venezuela,Hyundai
hainaauto-784435054,2025 Tucson L 2025 - Importacion desde China a Venezuela,"Hyundai 2025 · 2025 Tucson L · 2.083 km · black · automatic · Disponible en Henan. Vehiculo disponible para compradores en Venezuela, con inspeccion, documentos de exportacion y apoyo logistico de HainaAuto. Stock HA-784435054.",in stock,used,15090.26 USD,https://www.hainaautochina.com/vehicles/hainaauto-784435054,https://www.hainaautochina.com/api/vehicle-image/hainaauto/784435054/col_ef6dbec774c541db.webp,Hyundai,"https://www.hainaautochina.com/api/vehicle-image/hainaauto/784435054/col_43cfa870c1a08e2c.webp,https://www.hainaautochina.com/api/vehicle-image/hainaauto/784435054/col_73fd00ee7dba9656.webp,https://www.hainaautochina.com/api/vehicle-image/hainaauto/784435054/col_2d07d85746213adb.webp",SUV y todoterrenos > 2025 Tucson L,2025 Tucson L,Venezuela,Hyundai
hainaauto-285933979,2026 Elantra—Sedan 1.5 2026 - Importacion desde China a Venezuela,"Hyundai 2026 · 2026 Elantra—Sedan 1.5 · 417 km · grey · automatic · Disponible en Jiangsu. Vehiculo disponible para compradores en Venezuela, con inspeccion, documentos de exportacion y apoyo logistico de HainaAuto. Stock HA-285933979.",in stock,used,11587.46 USD,https://www.hainaautochina.com/vehicles/hainaauto-285933979,https://www.hainaautochina.com/api/vehicle-image/hainaauto/285933979/col_fbbbc25cfd2e7b95.webp,Hyundai,"https://www.hainaautochina.com/api/vehicle-image/hainaauto/285933979/col_f1e555b3693056c8.webp,https://www.hainaautochina.com/api/vehicle-image/hainaauto/285933979/col_9df61b0c7716dab8.webp,https://www.hainaautochina.com/api/vehicle-image/hainaauto/285933979/col_00e502df0b0e28d1.webp",Sedanes y hatchbacks > 2026 Elantra—Sedan 1.5,2026 Elantra—Sedan 1.5,Venezuela,Hyundai
hainaauto-80764823,Elantra 2023 1.5L 2023 - Importacion desde China a Venezuela,"Hyundai 2023 · Elantra 2023 1.5L · 42 km · White · CVT continuously variable transmission · Disponible en Jiangsu. Vehiculo disponible para compradores en Venezuela, con inspeccion, documentos de exportacion y apoyo logistico de HainaAuto. Stock HA-80764823.",in stock,new,12654.98 USD,https://www.hainaautochina.com/vehicles/hainaauto-80764823,https://www.hainaautochina.com/api/vehicle-image/hainaauto/80764823/col_7967116e0e47a440.webp,Hyundai,"https://www.hainaautochina.com/api/vehicle-image/hainaauto/80764823/col_ec16670edbff9c17.webp,https://www.hainaautochina.com/api/vehicle-image/hainaauto/80764823/col_b46a27a6a1b9b2c6.webp,https://www.hainaautochina.com/api/vehicle-image/hainaauto/80764823/col_d8f13a664dd8da4e.webp",Sedanes y hatchbacks > Elantra 2023 1.5L,Elantra 2023 1.5L,Venezuela,Hyundai
hainaauto-960024108,Elantra 1.5L CVT 2023 - Importacion desde China a Venezuela,"Hyundai 2023 · Elantra 1.5L CVT · 1.667 km · black · CVT continuously variable transmission · Disponible en Henan. Vehiculo disponible para compradores en Venezuela, con inspeccion, documentos de exportacion y apoyo logistico de HainaAuto. Stock HA-960024108.",in stock,used,10586.66 USD,https://www.hainaautochina.com/vehicles/hainaauto-960024108,https://www.hainaautochina.com/api/vehicle-image/hainaauto/960024108/col_e20ec753c674f1f3.webp,Hyundai,"https://www.hainaautochina.com/api/vehicle-image/hainaauto/960024108/col_66958a2c23ca7e49.webp,https://www.hainaautochina.com/api/vehicle-image/hainaauto/960024108/col_b4458d549055cbe6.webp,https://www.hainaautochina.com/api/vehicle-image/hainaauto/960024108/col_92185a4b1f64142c.webp",Sedanes y hatchbacks > Elantra 1.5L CVT,Elantra 1.5L CVT,Venezuela,Hyundai
hainaauto-031615230,Elantra 240TGDi DCT 2023 - Importacion desde China a Venezuela,"Hyundai 2023 · Elantra 240TGDi DCT · 3.792 km · White · 7-speed dry dual-clutch · Disponible en Zhejiang. Vehiculo disponible para compradores en Venezuela, con inspeccion, documentos de exportacion y apoyo logistico de HainaAuto. Stock HA-031615230.",in stock,used,13155.38 USD,https://www.hainaautochina.com/vehicles/hainaauto-031615230,https://www.hainaautochina.com/api/vehicle-image/hainaauto/031615230/col_6a62e6dc330ff509.webp,Hyundai,"https://www.hainaautochina.com/api/vehicle-image/hainaauto/031615230/col_8e9f38769411f9e4.webp,https://www.hainaautochina.com/api/vehicle-image/hainaauto/031615230/col_d292e2c049df1a8d.webp,https://www.hainaautochina.com/api/vehicle-image/hainaauto/031615230/col_aff8d51827547c7f.webp",Sedanes y hatchbacks > Elantra 240TGDi DCT,Elantra 240TGDi DCT,Venezuela,Hyundai
hainaauto-385913120,Seltos 1.5 CVT 2026 - Importacion desde China a Venezuela,"Kia 2026 · Seltos 1.5 CVT · 42 km · White · automatic · Disponible en Shaanxi. Vehiculo disponible para compradores en Venezuela, con inspeccion, documentos de exportacion y apoyo logistico de HainaAuto. Stock HA-385913120.",in stock,new,13422.26 USD,https://www.hainaautochina.com/vehicles/hainaauto-385913120,https://www.hainaautochina.com/api/vehicle-image/hainaauto/385913120/col_444d7920faac760a.webp,Kia,"https://www.hainaautochina.com/api/vehicle-image/hainaauto/385913120/col_b577bcd92e4da5f5.webp,https://www.hainaautochina.com/api/vehicle-image/hainaauto/385913120/col_635909de06278ee9.webp,https://www.hainaautochina.com/api/vehicle-image/hainaauto/385913120/col_7c7feac85263e4a1.webp",SUV y todoterrenos > Seltos 1.5 CVT,Seltos 1.5 CVT,Venezuela,Kia
hainaauto-33511934,Song Pro New 2026 - Importacion desde China a Venezuela,"BYD 2026 · Song Pro New · 0 km · White · automatic · Disponible en Hebei. Vehiculo disponible para compradores en Venezuela, con inspeccion, documentos de exportacion y apoyo logistico de HainaAuto. Stock HA-33511934.",in stock,new,14923.46 USD,https://www.hainaautochina.com/vehicles/hainaauto-33511934,https://www.hainaautochina.com/api/vehicle-image/hainaauto/33511934/col_5e38c118dcc9c1d4.webp,BYD,"https://www.hainaautochina.com/api/vehicle-image/hainaauto/33511934/col_256e3729029795c9.webp,https://www.hainaautochina.com/api/vehicle-image/hainaauto/33511934/col_249063bc5c28b597.webp,https://www.hainaautochina.com/api/vehicle-image/hainaauto/33511934/col_9b218b7ee3449c79.webp",SUV y todoterrenos > Song Pro New,Song Pro New,Venezuela,BYD
cntransit-864212477,2025 Sorento Platinum 2025 - Importacion desde China a Venezuela,"Kia 2025 · 2025 Sorento Platinum · 2.083 km · White · Automatic · Disponible en Jiangsu. Vehiculo disponible para compradores en Venezuela, con inspeccion, documentos de exportacion y apoyo logistico de HainaAuto. Stock CN-864212477.",in stock,used,14548.16 USD,https://www.hainaautochina.com/vehicles/cntransit-864212477,https://www.hainaautochina.com/api/vehicle-image/cntransit/864212477/col_8d9c293169edf718.jpg,Kia,"https://www.hainaautochina.com/api/vehicle-image/cntransit/864212477/col_2c68288624717302.jpg,https://www.hainaautochina.com/api/vehicle-image/cntransit/864212477/col_e4afe48c2c0ae7da.jpg,https://www.hainaautochina.com/api/vehicle-image/cntransit/864212477/col_c5c3fe3541867bb2.jpg",SUV y todoterrenos > 2025 Sorento Platinum,2025 Sorento Platinum,Venezuela,Kia
hainaauto-551115643,2025 Song L 2025 - Importacion desde China a Venezuela,"BYD 2025 · 2025 Song L · 1.250 km · White · automatic · Disponible en Sichuan. Vehiculo disponible para compradores en Venezuela, con inspeccion, documentos de exportacion y apoyo logistico de HainaAuto. Stock HA-551115643.",in stock,used,12571.58 USD,https://www.hainaautochina.com/vehicles/hainaauto-551115643,https://www.hainaautochina.com/api/vehicle-image/hainaauto/551115643/col_6e162be9fcac7a27.webp,BYD,"https://www.hainaautochina.com/api/vehicle-image/hainaauto/551115643/col_d6ecca83762612a3.webp,https://www.hainaautochina.com/api/vehicle-image/hainaauto/551115643/col_a5d8dafce7d3e9ca.webp,https://www.hainaautochina.com/api/vehicle-image/hainaauto/551115643/col_a97b2ddda9f0f44c.webp",SUV y todoterrenos > 2025 Song L,2025 Song L,Venezuela,BYD
hainaauto-544218668,Yuan PLUS 2025 2025 - Importacion desde China a Venezuela,"BYD 2025 · Yuan PLUS 2025 · 12.792 km · White · automatic · Disponible en Chongqing. Vehiculo disponible para compradores en Venezuela, con inspeccion, documentos de exportacion y apoyo logistico de HainaAuto. Stock HA-544218668.",in stock,used,14297.96 USD,https://www.hainaautochina.com/vehicles/hainaauto-544218668,https://www.hainaautochina.com/api/vehicle-image/hainaauto/544218668/col_f9d700db806adfc3.webp,BYD,"https://www.hainaautochina.com/api/vehicle-image/hainaauto/544218668/col_e0b63818c4239524.webp,https://www.hainaautochina.com/api/vehicle-image/hainaauto/544218668/col_3b776bacc2729b82.webp,https://www.hainaautochina.com/api/vehicle-image/hainaauto/544218668/col_ea1bb201a38cc6c5.webp",SUV y todoterrenos > Yuan PLUS 2025,Yuan PLUS 2025,Venezuela,BYD
hainaauto-837911141,Sorento 2.0T FWD 2025 - Importacion desde China a Venezuela,"Kia 2025 · Sorento 2.0T FWD · 3.625 km · grey · automatic · Disponible en Shandong. Vehiculo disponible para compradores en Venezuela, con inspeccion, documentos de exportacion y apoyo logistico de HainaAuto. Stock HA-837911141.",in stock,used,15407.18 USD,https://www.hainaautochina.com/vehicles/hainaauto-837911141,https://www.hainaautochina.com/api/vehicle-image/hainaauto/837911141/col_3e47b1f1283b87db.webp,Kia,"https://www.hainaautochina.com/api/vehicle-image/hainaauto/837911141/col_59eaf7bf7b83f3cf.webp,https://www.hainaautochina.com/api/vehicle-image/hainaauto/837911141/col_5fd6a05c60f0edd8.webp,https://www.hainaautochina.com/api/vehicle-image/hainaauto/837911141/col_2533cdf710fa31c8.webp",SUV y todoterrenos > Sorento 2.0T FWD,Sorento 2.0T FWD,Venezuela,Kia
hainaauto-746127947,Yuan PLUS 2024 2024 - Importacion desde China a Venezuela,"BYD 2024 · Yuan PLUS 2024 · 18.333 km · grey · automatic · Disponible en Zhejiang. Vehiculo disponible para compradores en Venezuela, con inspeccion, documentos de exportacion y apoyo logistico de HainaAuto. Stock HA-746127947.",in stock,used,11754.26 USD,https://www.hainaautochina.com/vehicles/hainaauto-746127947,https://www.hainaautochina.com/api/vehicle-image/hainaauto/746127947/col_6049bd828852ed5d.webp,BYD,"https://www.hainaautochina.com/api/vehicle-image/hainaauto/746127947/col_5c21146435dbef97.webp,https://www.hainaautochina.com/api/vehicle-image/hainaauto/746127947/col_a73e7cc8e5334614.webp,https://www.hainaautochina.com/api/vehicle-image/hainaauto/746127947/col_70fffabf1e5ea8bc.webp",SUV y todoterrenos > Yuan PLUS 2024,Yuan PLUS 2024,Venezuela,BYD
hainaauto-149844751,2024 Song L 2024 - Importacion desde China a Venezuela,"BYD 2024 · 2024 Song L · 8.333 km · grey · automatic · Disponible en Jilin. Vehiculo disponible para compradores en Venezuela, con inspeccion, documentos de exportacion y apoyo logistico de HainaAuto. Stock HA-149844751.",in stock,used,12321.38 USD,https://www.hainaautochina.com/vehicles/hainaauto-149844751,https://www.hainaautochina.com/api/vehicle-image/hainaauto/149844751/col_925818780d2566f6.webp,BYD,"https://www.hainaautochina.com/api/vehicle-image/hainaauto/149844751/col_4ab179fc74ddfdac.webp,https://www.hainaautochina.com/api/vehicle-image/hainaauto/149844751/col_e08a5fa21ade4e3b.webp,https://www.hainaautochina.com/api/vehicle-image/hainaauto/149844751/col_504c6a7753c4e01b.webp",SUV y todoterrenos > 2024 Song L,2024 Song L,Venezuela,BYD
hainaauto-478620866,2023 X70 PLUS 2023 - Importacion desde China a Venezuela,"Jetour 2023 · 2023 X70 PLUS · 25.000 km · black · Manual · Disponible en Sichuan. Vehiculo disponible para compradores en Venezuela, con inspeccion, documentos de exportacion y apoyo logistico de HainaAuto. Stock HA-478620866.",in stock,used,10419.86 USD,https://www.hainaautochina.com/vehicles/hainaauto-478620866,https://www.hainaautochina.com/api/vehicle-image/hainaauto/478620866/col_80914ca7b4c3e34f.webp,Jetour,"https://www.hainaautochina.com/api/vehicle-image/hainaauto/478620866/col_db7fc8b984ee3ec8.webp,https://www.hainaautochina.com/api/vehicle-image/hainaauto/478620866/col_c5ca025abd540e3b.webp,https://www.hainaautochina.com/api/vehicle-image/hainaauto/478620866/col_6355ebcb85d1c9a3.webp",SUV y todoterrenos > 2023 X70 PLUS,2023 X70 PLUS,Venezuela,Jetour
hainaauto-71441350,2023 Song Pro 2023 - Importacion desde China a Venezuela,"BYD 2023 · 2023 Song Pro · 20.833 km · grey · automatic · Disponible en Henan. Vehiculo disponible para compradores en Venezuela, con inspeccion, documentos de exportacion y apoyo logistico de HainaAuto. Stock HA-71441350.",in stock,used,11170.46 USD,https://www.hainaautochina.com/vehicles/hainaauto-71441350,https://www.hainaautochina.com/api/vehicle-image/hainaauto/71441350/col_6674c90f7bbf5029.webp,BYD,"https://www.hainaautochina.com/api/vehicle-image/hainaauto/71441350/col_99ead881fbf58db0.webp,https://www.hainaautochina.com/api/vehicle-image/hainaauto/71441350/col_db9b474164e24fc7.webp,https://www.hainaautochina.com/api/vehicle-image/hainaauto/71441350/col_79d6a7c6839b659a.webp",SUV y todoterrenos > 2023 Song Pro,2023 Song Pro,Venezuela,BYD
hainaauto-507539777,Tiggo 7 2023 2023 - Importacion desde China a Venezuela,"Chery 2023 · Tiggo 7 2023 · 9.167 km · black · CVT continuously variable transmission (simulating 9 gears) · Disponible en Hubei. Vehiculo disponible para compradores en Venezuela, con inspeccion, documentos de exportacion y apoyo logistico de HainaAuto. Stock HA-507539777.",in stock,used,11237.18 USD,https://www.hainaautochina.com/vehicles/hainaauto-507539777,https://www.hainaautochina.com/api/vehicle-image/hainaauto/507539777/col_4c67609936225531.webp,Chery,"https://www.hainaautochina.com/api/vehicle-image/hainaauto/507539777/col_05a56ce8c092d013.webp,https://www.hainaautochina.com/api/vehicle-image/hainaauto/507539777/col_fb437c921db64585.webp,https://www.hainaautochina.com/api/vehicle-image/hainaauto/507539777/col_9d1e2d92577860e5.webp",SUV y todoterrenos > Tiggo 7 2023,Tiggo 7 2023,Venezuela,Chery
cntransit-533113159,Tiggo 7 Super 2023 - Importacion desde China a Venezuela,"Chery 2023 · Tiggo 7 Super · 15.000 km · White · CVT (Continuously Variable Transmission; simulated 9-speed) · Disponible en Henan. Vehiculo disponible para compradores en Venezuela, con inspeccion, documentos de exportacion y apoyo logistico de HainaAuto. Stock CN-533113159.",in stock,used,11237.18 USD,https://www.hainaautochina.com/vehicles/cntransit-533113159,https://www.hainaautochina.com/api/vehicle-image/cntransit/533113159/col_fb8424d606e5c0af.jpg,Chery,"https://www.hainaautochina.com/api/vehicle-image/cntransit/533113159/col_666c26778a74a080.jpg,https://www.hainaautochina.com/api/vehicle-image/cntransit/533113159/col_a27bf79cc2962d0e.jpg,https://www.hainaautochina.com/api/vehicle-image/cntransit/533113159/col_36b89607ab4fd4b7.jpg",SUV y todoterrenos > Tiggo 7 Super,Tiggo 7 Super,Venezuela,Chery
hainaauto-436017784,Yuan PLUS 2023 2023 - Importacion desde China a Venezuela,"BYD 2023 · Yuan PLUS 2023 · 50.000 km · grey · automatic · Disponible en Shandong. Vehiculo disponible para compradores en Venezuela, con inspeccion, documentos de exportacion y apoyo logistico de HainaAuto. Stock HA-436017784.",in stock,used,11737.58 USD,https://www.hainaautochina.com/vehicles/hainaauto-436017784,https://www.hainaautochina.com/api/vehicle-image/hainaauto/436017784/col_239e9f67d04f7ce3.webp,BYD,"https://www.hainaautochina.com/api/vehicle-image/hainaauto/436017784/col_71d5f31992c48d94.webp,https://www.hainaautochina.com/api/vehicle-image/hainaauto/436017784/col_6eef634473ac2ff5.webp,https://www.hainaautochina.com/api/vehicle-image/hainaauto/436017784/col_f11add98f997e8f6.webp",SUV y todoterrenos > Yuan PLUS 2023,Yuan PLUS 2023,Venezuela,BYD
hainaauto-005516356,X70 PLUS 2023 2023 - Importacion desde China a Venezuela,"Jetour 2023 · X70 PLUS 2023 · 7.917 km · White · 6-speed wet dual-clutch · Disponible en Hebei. Vehiculo disponible para compradores en Venezuela, con inspeccion, documentos de exportacion y apoyo logistico de HainaAuto. Stock HA-005516356.",in stock,used,12329.72 USD,https://www.hainaautochina.com/vehicles/hainaauto-005516356,https://www.hainaautochina.com/api/vehicle-image/hainaauto/005516356/col_2660539748e5878f.webp,Jetour,"https://www.hainaautochina.com/api/vehicle-image/hainaauto/005516356/col_0f455e1cb98d4edb.webp,https://www.hainaautochina.com/api/vehicle-image/hainaauto/005516356/col_3c99f8df9f93a7b8.webp,https://www.hainaautochina.com/api/vehicle-image/hainaauto/005516356/col_8d2cfadc811c1103.webp",SUV y todoterrenos > X70 PLUS 2023,X70 PLUS 2023,Venezuela,Jetour
hainaauto-778544471,2024 Qin PLUS 2024 - Importacion desde China a Venezuela,"BYD 2024 · 2024 Qin PLUS · 27.083 km · White · automatic · Disponible en Beijing. Vehiculo disponible para compradores en Venezuela, con inspeccion, documentos de exportacion y apoyo logistico de HainaAuto. Stock HA-778544471.",in stock,used,9919.46 USD,https://www.hainaautochina.com/vehicles/hainaauto-778544471,https://www.hainaautochina.com/api/vehicle-image/hainaauto/778544471/col_9ae0b4881db5cce9.webp,BYD,"https://www.hainaautochina.com/api/vehicle-image/hainaauto/778544471/col_251fc6d170180e5d.webp,https://www.hainaautochina.com/api/vehicle-image/hainaauto/778544471/col_bbd5cc6a33e9740f.webp,https://www.hainaautochina.com/api/vehicle-image/hainaauto/778544471/col_92f1da10bd46b992.webp",Sedanes y hatchbacks > 2024 Qin PLUS,2024 Qin PLUS,Venezuela,BYD
hainaauto-020733326,2026 Qin L 2026 - Importacion desde China a Venezuela,"BYD 2026 · 2026 Qin L · 333 km · grey · automatic · Disponible en Hainan. Vehiculo disponible para compradores en Venezuela, con inspeccion, documentos de exportacion y apoyo logistico de HainaAuto. Stock HA-020733326.",in stock,used,14423.06 USD,https://www.hainaautochina.com/vehicles/hainaauto-020733326,https://www.hainaautochina.com/api/vehicle-image/hainaauto/020733326/col_c4b20670090bd490.webp,BYD,"https://www.hainaautochina.com/api/vehicle-image/hainaauto/020733326/col_5d59245c78259123.webp,https://www.hainaautochina.com/api/vehicle-image/hainaauto/020733326/col_b28f24b97635044d.webp,https://www.hainaautochina.com/api/vehicle-image/hainaauto/020733326/col_159e8a81d8f371f1.webp",Sedanes y hatchbacks > 2026 Qin L,2026 Qin L,Venezuela,BYD
hainaauto-12379379,2025 Qin PLUS 2025 - Importacion desde China a Venezuela,"BYD 2025 · 2025 Qin PLUS · 6.250 km · White · automatic · Disponible en Hubei. Vehiculo disponible para compradores en Venezuela, con inspeccion, documentos de exportacion y apoyo logistico de HainaAuto. Stock HA-12379379.",in stock,used,11987.78 USD,https://www.hainaautochina.com/vehicles/hainaauto-12379379,https://www.hainaautochina.com/api/vehicle-image/hainaauto/12379379/col_e01ea2767bf6ce6d.webp,BYD,"https://www.hainaautochina.com/api/vehicle-image/hainaauto/12379379/col_bb63f58519f8bac6.webp,https://www.hainaautochina.com/api/vehicle-image/hainaauto/12379379/col_c777fe60c46aaf69.webp,https://www.hainaautochina.com/api/vehicle-image/hainaauto/12379379/col_6c5ae37e8525beda.webp",Sedanes y hatchbacks > 2025 Qin PLUS,2025 Qin PLUS,Venezuela,BYD
hainaauto-957820348,2025 Qin L 2025 - Importacion desde China a Venezuela,"BYD 2025 · 2025 Qin L · 1.250 km · grey · automatic · Disponible en Fujian. Vehiculo disponible para compradores en Venezuela, con inspeccion, documentos de exportacion y apoyo logistico de HainaAuto. Stock HA-957820348.",in stock,used,13405.58 USD,https://www.hainaautochina.com/vehicles/hainaauto-957820348,https://www.hainaautochina.com/api/vehicle-image/hainaauto/957820348/col_acf779214ce5212d.webp,BYD,"https://www.hainaautochina.com/api/vehicle-image/hainaauto/957820348/col_3c2d74ba7ad70f94.webp,https://www.hainaautochina.com/api/vehicle-image/hainaauto/957820348/col_66e6254934180162.webp,https://www.hainaautochina.com/api/vehicle-image/hainaauto/957820348/col_c97bdca47bab90f4.webp",Sedanes y hatchbacks > 2025 Qin L,2025 Qin L,Venezuela,BYD
hainaauto-655740464,2023 Qin PLUS 2023 - Importacion desde China a Venezuela,"BYD 2023 · 2023 Qin PLUS · 13.750 km · White · automatic · Disponible en Guangdong. Vehiculo disponible para compradores en Venezuela, con inspeccion, documentos de exportacion y apoyo logistico de HainaAuto. Stock HA-655740464.",in stock,used,9652.58 USD,https://www.hainaautochina.com/vehicles/hainaauto-655740464,https://www.hainaautochina.com/api/vehicle-image/hainaauto/655740464/col_68590a0cd59c05c5.webp,BYD,"https://www.hainaautochina.com/api/vehicle-image/hainaauto/655740464/col_06219dcd2af7b673.webp,https://www.hainaautochina.com/api/vehicle-image/hainaauto/655740464/col_b959a4fe9b1135b7.webp,https://www.hainaautochina.com/api/vehicle-image/hainaauto/655740464/col_12063016c4655657.webp",Sedanes y hatchbacks > 2023 Qin PLUS,2023 Qin PLUS,Venezuela,BYD
hainaauto-946611916,2026 Tiggo 9X 2026 - Importacion desde China a Venezuela,"Chery 2026 · 2026 Tiggo 9X · 42 km · grey · automatic · Disponible en Henan. Vehiculo disponible para compradores en Venezuela, con inspeccion, documentos de exportacion y apoyo logistico de HainaAuto. Stock HA-946611916.",in stock,new,14573.18 USD,https://www.hainaautochina.com/vehicles/hainaauto-946611916,https://www.hainaautochina.com/api/vehicle-image/hainaauto/946611916/col_ea6bf0c4bf3fb50d.webp,Chery,"https://www.hainaautochina.com/api/vehicle-image/hainaauto/946611916/col_ab2994708947061d.webp,https://www.hainaautochina.com/api/vehicle-image/hainaauto/946611916/col_ff7c56e9534ff621.webp,https://www.hainaautochina.com/api/vehicle-image/hainaauto/946611916/col_0bd82ce2b38abc9f.webp",SUV y todoterrenos > 2026 Tiggo 9X,2026 Tiggo 9X,Venezuela,Chery
hainaauto-732731714,2025 Tiggo 8 2025 - Importacion desde China a Venezuela,"Chery 2025 · 2025 Tiggo 8 · 42 km · blue · automatic · Disponible en Shaanxi. Vehiculo disponible para compradores en Venezuela, con inspeccion, documentos de exportacion y apoyo logistico de HainaAuto. Stock HA-732731714.",in stock,new,14089.46 USD,https://www.hainaautochina.com/vehicles/hainaauto-732731714,https://www.hainaautochina.com/api/vehicle-image/hainaauto/732731714/col_e57577439e01f894.webp,Chery,"https://www.hainaautochina.com/api/vehicle-image/hainaauto/732731714/col_d82f0f867b4b97f1.webp,https://www.hainaautochina.com/api/vehicle-image/hainaauto/732731714/col_f93dc7070822c009.webp,https://www.hainaautochina.com/api/vehicle-image/hainaauto/732731714/col_aa63023d240049ea.webp",SUV y todoterrenos > 2025 Tiggo 8,2025 Tiggo 8,Venezuela,Chery
hainaauto-649146949,2025 Tiggo 7 2025 - Importacion desde China a Venezuela,"Chery 2025 · 2025 Tiggo 7 · 42 km · grey · automatic · Disponible en Henan. Vehiculo disponible para compradores en Venezuela, con inspeccion, documentos de exportacion y apoyo logistico de HainaAuto. Stock HA-649146949.",in stock,new,14006.06 USD,https://www.hainaautochina.com/vehicles/hainaauto-649146949,https://www.hainaautochina.com/api/vehicle-image/hainaauto/649146949/col_b6413df81b293b0b.webp,Chery,"https://www.hainaautochina.com/api/vehicle-image/hainaauto/649146949/col_41a79c77e9b6f836.webp,https://www.hainaautochina.com/api/vehicle-image/hainaauto/649146949/col_981ccdad58c8ec5d.webp,https://www.hainaautochina.com/api/vehicle-image/hainaauto/649146949/col_56711fcfa69a28bb.webp",SUV y todoterrenos > 2025 Tiggo 7,2025 Tiggo 7,Venezuela,Chery
hainaauto-485622159,2025 Tiggo 9 2025 - Importacion desde China a Venezuela,"Chery 2025 · 2025 Tiggo 9 · 42 km · black · automatic · Disponible en Guangxi. Vehiculo disponible para compradores en Venezuela, con inspeccion, documentos de exportacion y apoyo logistico de HainaAuto. Stock HA-485622159.",in stock,new,16491.38 USD,https://www.hainaautochina.com/vehicles/hainaauto-485622159,https://www.hainaautochina.com/api/vehicle-image/hainaauto/485622159/col_b0c587b6c4dbfad0.webp,Chery,"https://www.hainaautochina.com/api/vehicle-image/hainaauto/485622159/col_14963933a7b09301.webp,https://www.hainaautochina.com/api/vehicle-image/hainaauto/485622159/col_b0a89ce7fa3c2b4a.webp,https://www.hainaautochina.com/api/vehicle-image/hainaauto/485622159/col_a163f2e854fd0a8d.webp",SUV y todoterrenos > 2025 Tiggo 9,2025 Tiggo 9,Venezuela,Chery
hainaauto-300416159,2026 Tiggo 8 2026 - Importacion desde China a Venezuela,"Chery 2026 · 2026 Tiggo 8 · 417 km · black · automatic · Disponible en Zhejiang. Vehiculo disponible para compradores en Venezuela, con inspeccion, documentos de exportacion y apoyo logistico de HainaAuto. Stock HA-300416159.",in stock,used,13155.38 USD,https://www.hainaautochina.com/vehicles/hainaauto-300416159,https://www.hainaautochina.com/api/vehicle-image/hainaauto/300416159/col_70f559bc76fcc00d.webp,Chery,"https://www.hainaautochina.com/api/vehicle-image/hainaauto/300416159/col_b3ca060bbb1894c3.webp,https://www.hainaautochina.com/api/vehicle-image/hainaauto/300416159/col_1c364c8661f3080b.webp,https://www.hainaautochina.com/api/vehicle-image/hainaauto/300416159/col_e571636fe9298f3c.webp",SUV y todoterrenos > 2026 Tiggo 8,2026 Tiggo 8,Venezuela,Chery
hainaauto-154643012,Tiggo 8 PLUS 2025 - Importacion desde China a Venezuela,"Chery 2025 · Tiggo 8 PLUS · 17.917 km · grey · 7-speed wet dual-clutch · Disponible en Hebei. Vehiculo disponible para compradores en Venezuela, con inspeccion, documentos de exportacion y apoyo logistico de HainaAuto. Stock HA-154643012.",in stock,used,12338.06 USD,https://www.hainaautochina.com/vehicles/hainaauto-154643012,https://www.hainaautochina.com/api/vehicle-image/hainaauto/154643012/col_094af4fb70579924.webp,Chery,"https://www.hainaautochina.com/api/vehicle-image/hainaauto/154643012/col_9f382f1ce9eebf59.webp,https://www.hainaautochina.com/api/vehicle-image/hainaauto/154643012/col_1e9bbcb41b19e50e.webp,https://www.hainaautochina.com/api/vehicle-image/hainaauto/154643012/col_0773742ed409b6d0.webp",SUV y todoterrenos > Tiggo 8 PLUS,Tiggo 8 PLUS,Venezuela,Chery
hainaauto-428631732,Tiggo 7 PLUS 2025 - Importacion desde China a Venezuela,"Chery 2025 · Tiggo 7 PLUS · 5.833 km · black · automatic · Disponible en Guangdong. Vehiculo disponible para compradores en Venezuela, con inspeccion, documentos de exportacion y apoyo logistico de HainaAuto. Stock HA-428631732.",in stock,used,12237.98 USD,https://www.hainaautochina.com/vehicles/hainaauto-428631732,https://www.hainaautochina.com/api/vehicle-image/hainaauto/428631732/col_3b4df41200fbea68.webp,Chery,"https://www.hainaautochina.com/api/vehicle-image/hainaauto/428631732/col_5d3b69aa59e909d7.webp,https://www.hainaautochina.com/api/vehicle-image/hainaauto/428631732/col_17fcd4b3c5628406.webp,https://www.hainaautochina.com/api/vehicle-image/hainaauto/428631732/col_8a3ca6760111b5fd.webp",SUV y todoterrenos > Tiggo 7 PLUS,Tiggo 7 PLUS,Venezuela,Chery
hainaauto-510933635,Tiggo 7 1.5T 2024 - Importacion desde China a Venezuela,"Chery 2024 · Tiggo 7 1.5T · 5.417 km · grey · CVT continuously variable transmission (simulating 9 gears) · Disponible en Jiangsu. Vehiculo disponible para compradores en Venezuela, con inspeccion, documentos de exportacion y apoyo logistico de HainaAuto. Stock HA-510933635.",in stock,used,10836.86 USD,https://www.hainaautochina.com/vehicles/hainaauto-510933635,https://www.hainaautochina.com/api/vehicle-image/hainaauto/510933635/col_dde35ab0931b4815.webp,Chery,"https://www.hainaautochina.com/api/vehicle-image/hainaauto/510933635/col_a9a405a0eb883cf8.webp,https://www.hainaautochina.com/api/vehicle-image/hainaauto/510933635/col_91fe6736afc75f4c.webp,https://www.hainaautochina.com/api/vehicle-image/hainaauto/510933635/col_7093707a1cfbfdcf.webp",SUV y todoterrenos > Tiggo 7 1.5T,Tiggo 7 1.5T,Venezuela,Chery
hainaauto-187039871,Tiggo 8 PRO 2024 - Importacion desde China a Venezuela,"Chery 2024 · Tiggo 8 PRO · 15.417 km · black · 7-speed wet dual-clutch · Disponible en Chongqing. Vehiculo disponible para compradores en Venezuela, con inspeccion, documentos de exportacion y apoyo logistico de HainaAuto. Stock HA-187039871.",in stock,used,11337.26 USD,https://www.hainaautochina.com/vehicles/hainaauto-187039871,https://www.hainaautochina.com/api/vehicle-image/hainaauto/187039871/col_2c2ef9ea9c0f0def.webp,Chery,"https://www.hainaautochina.com/api/vehicle-image/hainaauto/187039871/col_563f14b57344a9ba.webp,https://www.hainaautochina.com/api/vehicle-image/hainaauto/187039871/col_58249c3fb0554276.webp,https://www.hainaautochina.com/api/vehicle-image/hainaauto/187039871/col_6a6c596a0bb59cd0.webp",SUV y todoterrenos > Tiggo 8 PRO,Tiggo 8 PRO,Venezuela,Chery
hainaauto-684410192,2024 Tiggo 7 2024 - Importacion desde China a Venezuela,"Chery 2024 · 2024 Tiggo 7 · 2.708 km · White · Manual · Disponible en Guangxi. Vehiculo disponible para compradores en Venezuela, con inspeccion, documentos de exportacion y apoyo logistico de HainaAuto. Stock HA-684410192.",in stock,used,10586.66 USD,https://www.hainaautochina.com/vehicles/hainaauto-684410192,https://www.hainaautochina.com/api/vehicle-image/hainaauto/684410192/col_c03603afc807ae28.webp,Chery,"https://www.hainaautochina.com/api/vehicle-image/hainaauto/684410192/col_cbdb18c43c232865.webp,https://www.hainaautochina.com/api/vehicle-image/hainaauto/684410192/col_c0c8b0b79df28f20.webp,https://www.hainaautochina.com/api/vehicle-image/hainaauto/684410192/col_cf989eb969b8c43d.webp",SUV y todoterrenos > 2024 Tiggo 7,2024 Tiggo 7,Venezuela,Chery
cntransit-696513081,Tiggo 8 Glory 2024 - Importacion desde China a Venezuela,"Chery 2024 · Tiggo 8 Glory · 10.417 km · Gray · 6-speed wet dual-clutch transmission · Disponible en Anhui. Vehiculo disponible para compradores en Venezuela, con inspeccion, documentos de exportacion y apoyo logistico de HainaAuto. Stock CN-696513081.",in stock,used,11820.98 USD,https://www.hainaautochina.com/vehicles/cntransit-696513081,https://www.hainaautochina.com/api/vehicle-image/cntransit/696513081/col_e3fd1aad3c1b438f.jpg,Chery,"https://www.hainaautochina.com/api/vehicle-image/cntransit/696513081/col_cf8581092903e0d4.jpg,https://www.hainaautochina.com/api/vehicle-image/cntransit/696513081/col_c08cab2e8decb906.jpg,https://www.hainaautochina.com/api/vehicle-image/cntransit/696513081/col_c2260bf08a5bab1f.jpg",SUV y todoterrenos > Tiggo 8 Glory,Tiggo 8 Glory,Venezuela,Chery
hainaauto-322010187,Tiggo 8 230TCI 2024 - Importacion desde China a Venezuela,"Chery 2024 · Tiggo 8 230TCI · 10.000 km · White · 6-speed wet dual-clutch · Disponible en Zhejiang. Vehiculo disponible para compradores en Venezuela, con inspeccion, documentos de exportacion y apoyo logistico de HainaAuto. Stock HA-322010187.",in stock,used,12237.98 USD,https://www.hainaautochina.com/vehicles/hainaauto-322010187,https://www.hainaautochina.com/api/vehicle-image/hainaauto/322010187/col_da992b52642b77f4.webp,Chery,"https://www.hainaautochina.com/api/vehicle-image/hainaauto/322010187/col_4af4f7b44c51bf68.webp,https://www.hainaautochina.com/api/vehicle-image/hainaauto/322010187/col_c457684d5c1305fa.webp,https://www.hainaautochina.com/api/vehicle-image/hainaauto/322010187/col_b829e25b62847618.webp",SUV y todoterrenos > Tiggo 8 230TCI,Tiggo 8 230TCI,Venezuela,Chery
hainaauto-519550041,Tiggo 8 2024 2024 - Importacion desde China a Venezuela,"Chery 2024 · Tiggo 8 2024 · 16.667 km · black · 6-speed wet dual-clutch · Disponible en Shandong. Vehiculo disponible para compradores en Venezuela, con inspeccion, documentos de exportacion y apoyo logistico de HainaAuto. Stock HA-519550041.",in stock,used,11487.38 USD,https://www.hainaautochina.com/vehicles/hainaauto-519550041,https://www.hainaautochina.com/api/vehicle-image/hainaauto/519550041/col_16cd0c05f2b1bd65.webp,Chery,"https://www.hainaautochina.com/api/vehicle-image/hainaauto/519550041/col_bcfc14702a4a3f61.webp,https://www.hainaautochina.com/api/vehicle-image/hainaauto/519550041/col_8fa4482f5fb77b36.webp,https://www.hainaautochina.com/api/vehicle-image/hainaauto/519550041/col_51ea537a98a51bd8.webp",SUV y todoterrenos > Tiggo 8 2024,Tiggo 8 2024,Venezuela,Chery
hainaauto-344510504,Tiggo 7 2024 2024 - Importacion desde China a Venezuela,"Chery 2024 · Tiggo 7 2024 · 2.500 km · White · CVT (9-speed simulated) · Disponible en Sichuan. Vehiculo disponible para compradores en Venezuela, con inspeccion, documentos de exportacion y apoyo logistico de HainaAuto. Stock HA-344510504.",in stock,used,12171.26 USD,https://www.hainaautochina.com/vehicles/hainaauto-344510504,https://www.hainaautochina.com/api/vehicle-image/hainaauto/344510504/col_a63c7fddcd5d65d5.webp,Chery,"https://www.hainaautochina.com/api/vehicle-image/hainaauto/344510504/col_584c95439cae1011.webp,https://www.hainaautochina.com/api/vehicle-image/hainaauto/344510504/col_45e85bbe185cd0aa.webp,https://www.hainaautochina.com/api/vehicle-image/hainaauto/344510504/col_ff843439b39a44cb.webp",SUV y todoterrenos > Tiggo 7 2024,Tiggo 7 2024,Venezuela,Chery
cntransit-543410758,Tiggo 9 2.0T 2024 - Importacion desde China a Venezuela,"Chery 2024 · Tiggo 9 2.0T · 2.667 km · White · 7-speed wet dual-clutch transmission · Disponible en Sichuan. Vehiculo disponible para compradores en Venezuela, con inspeccion, documentos de exportacion y apoyo logistico de HainaAuto. Stock CN-543410758.",in stock,used,14906.78 USD,https://www.hainaautochina.com/vehicles/cntransit-543410758,https://www.hainaautochina.com/api/vehicle-image/cntransit/543410758/col_f976624a06753447.jpg,Chery,"https://www.hainaautochina.com/api/vehicle-image/cntransit/543410758/col_bf059656f9b404f9.jpg,https://www.hainaautochina.com/api/vehicle-image/cntransit/543410758/col_a20b201c87c01f74.jpg,https://www.hainaautochina.com/api/vehicle-image/cntransit/543410758/col_d13bd680dcaccbf9.jpg",SUV y todoterrenos > Tiggo 9 2.0T,Tiggo 9 2.0T,Venezuela,Chery
cntransit-424213242,Tiggo 8 L 2024 - Importacion desde China a Venezuela,"Chery 2024 · Tiggo 8 L · 5.833 km · Gray · 8-speed automatic · Disponible en Anhui. Vehiculo disponible para compradores en Venezuela, con inspeccion, documentos de exportacion y apoyo logistico de HainaAuto. Stock CN-424213242.",in stock,used,13922.66 USD,https://www.hainaautochina.com/vehicles/cntransit-424213242,https://www.hainaautochina.com/api/vehicle-image/cntransit/424213242/col_b9885103d0b6daf7.jpg,Chery,"https://www.hainaautochina.com/api/vehicle-image/cntransit/424213242/col_7d8f730390120d0c.jpg,https://www.hainaautochina.com/api/vehicle-image/cntransit/424213242/col_7ebc62978b439e23.jpg,https://www.hainaautochina.com/api/vehicle-image/cntransit/424213242/col_ae265b116f4050e9.jpg",SUV y todoterrenos > Tiggo 8 L,Tiggo 8 L,Venezuela,Chery
cntransit-694518146,Tiggo 9 New 2024 - Importacion desde China a Venezuela,"Chery 2024 · Tiggo 9 New · 2.083 km · Gray · Automatic · Disponible en Jiangsu. Vehiculo disponible para compradores en Venezuela, con inspeccion, documentos de exportacion y apoyo logistico de HainaAuto. Stock CN-694518146.",in stock,used,14506.46 USD,https://www.hainaautochina.com/vehicles/cntransit-694518146,https://www.hainaautochina.com/api/vehicle-image/cntransit/694518146/col_9eddb0791cd3ce0f.jpg,Chery,"https://www.hainaautochina.com/api/vehicle-image/cntransit/694518146/col_df9cbf34f8711021.jpg,https://www.hainaautochina.com/api/vehicle-image/cntransit/694518146/col_f7fc9a8e69d679f9.jpg,https://www.hainaautochina.com/api/vehicle-image/cntransit/694518146/col_ae2aa1903b0c9a87.jpg",SUV y todoterrenos > Tiggo 9 New,Tiggo 9 New,Venezuela,Chery
cntransit-287013325,Tiggo 8 Kunpeng 2023 - Importacion desde China a Venezuela,"Chery 2023 · Tiggo 8 Kunpeng · 9.000 km · White · 7-speed wet dual-clutch transmission · Disponible en Hubei. Vehiculo disponible para compradores en Venezuela, con inspeccion, documentos de exportacion y apoyo logistico de HainaAuto. Stock CN-287013325.",in stock,used,11570.78 USD,https://www.hainaautochina.com/vehicles/cntransit-287013325,https://www.hainaautochina.com/api/vehicle-image/cntransit/287013325/col_4935228d644de796.jpg,Chery,"https://www.hainaautochina.com/api/vehicle-image/cntransit/287013325/col_2c26ba773382c15a.jpg,https://www.hainaautochina.com/api/vehicle-image/cntransit/287013325/col_d2937115ca9c000e.jpg,https://www.hainaautochina.com/api/vehicle-image/cntransit/287013325/col_fc7002f88e734f02.jpg",SUV y todoterrenos > Tiggo 8 Kunpeng,Tiggo 8 Kunpeng,Venezuela,Chery
hainaauto-98289426,Tiggo 8 2023 2023 - Importacion desde China a Venezuela,"Chery 2023 · Tiggo 8 2023 · 10.833 km · green · 7-speed wet dual-clutch · Disponible en Jiangsu. Vehiculo disponible para compradores en Venezuela, con inspeccion, documentos de exportacion y apoyo logistico de HainaAuto. Stock HA-98289426.",in stock,used,11153.78 USD,https://www.hainaautochina.com/vehicles/hainaauto-98289426,https://www.hainaautochina.com/api/vehicle-image/hainaauto/98289426/col_ec66bf3adb94bd0d.webp,Chery,"https://www.hainaautochina.com/api/vehicle-image/hainaauto/98289426/col_975ca5388042d93c.webp,https://www.hainaautochina.com/api/vehicle-image/hainaauto/98289426/col_74da5931bb0ad334.webp,https://www.hainaautochina.com/api/vehicle-image/hainaauto/98289426/col_ba900dc18f669d68.webp",SUV y todoterrenos > Tiggo 8 2023,Tiggo 8 2023,Venezuela,Chery
hainaauto-533242888,2023 Tiggo 7 2023 - Importacion desde China a Venezuela,"Chery 2023 · 2023 Tiggo 7 · 12.917 km · grey · Manual · Disponible en Henan. Vehiculo disponible para compradores en Venezuela, con inspeccion, documentos de exportacion y apoyo logistico de HainaAuto. Stock HA-533242888.",in stock,used,10986.98 USD,https://www.hainaautochina.com/vehicles/hainaauto-533242888,https://www.hainaautochina.com/api/vehicle-image/hainaauto/533242888/col_4d7f7d4b8a68804f.webp,Chery,"https://www.hainaautochina.com/api/vehicle-image/hainaauto/533242888/col_2b06dc66d49c8004.webp,https://www.hainaautochina.com/api/vehicle-image/hainaauto/533242888/col_dc5c0ebc9cd7b945.webp,https://www.hainaautochina.com/api/vehicle-image/hainaauto/533242888/col_82fd7f0a41fc9cc4.webp",SUV y todoterrenos > 2023 Tiggo 7,2023 Tiggo 7,Venezuela,Chery
hainaauto-121726940,Tiggo 9 2023 2023 - Importacion desde China a Venezuela,"Chery 2023 · Tiggo 9 2023 · 8.333 km · White · 8-speed automatic transmission · Disponible en Anhui. Vehiculo disponible para compradores en Venezuela, con inspeccion, documentos de exportacion y apoyo logistico de HainaAuto. Stock HA-121726940.",in stock,used,13238.78 USD,https://www.hainaautochina.com/vehicles/hainaauto-121726940,https://www.hainaautochina.com/api/vehicle-image/hainaauto/121726940/col_4d6bdc693eaa4d35.webp,Chery,"https://www.hainaautochina.com/api/vehicle-image/hainaauto/121726940/col_6587868c29f7a56f.webp,https://www.hainaautochina.com/api/vehicle-image/hainaauto/121726940/col_65e7464580675123.webp,https://www.hainaautochina.com/api/vehicle-image/hainaauto/121726940/col_9632a7a568356ce8.webp",SUV y todoterrenos > Tiggo 9 2023,Tiggo 9 2023,Venezuela,Chery
hainaauto-18066633,2023 Tiggo 9 2023 - Importacion desde China a Venezuela,"Chery 2023 · 2023 Tiggo 9 · 10.833 km · White · automatic · Disponible en Inner Mongolia. Vehiculo disponible para compradores en Venezuela, con inspeccion, documentos de exportacion y apoyo logistico de HainaAuto. Stock HA-18066633.",in stock,used,13672.46 USD,https://www.hainaautochina.com/vehicles/hainaauto-18066633,https://www.hainaautochina.com/api/vehicle-image/hainaauto/18066633/col_daf35644ee2c1d2b.webp,Chery,"https://www.hainaautochina.com/api/vehicle-image/hainaauto/18066633/col_f784915ac6d42ab0.webp,https://www.hainaautochina.com/api/vehicle-image/hainaauto/18066633/col_17ea3759a5fb4ecd.webp,https://www.hainaautochina.com/api/vehicle-image/hainaauto/18066633/col_554ca5307dde43c3.webp",SUV y todoterrenos > 2023 Tiggo 9,2023 Tiggo 9,Venezuela,Chery
hainaauto-295323747,2025 Arrizo 8 2025 - Importacion desde China a Venezuela,"Chery 2025 · 2025 Arrizo 8 · 0 km · White · automatic · Disponible en Henan. Vehiculo disponible para compradores en Venezuela, con inspeccion, documentos de exportacion y apoyo logistico de HainaAuto. Stock HA-295323747.",in stock,new,13088.66 USD,https://www.hainaautochina.com/vehicles/hainaauto-295323747,https://www.hainaautochina.com/api/vehicle-image/hainaauto/295323747/col_3373aa0cdaa75291.webp,Chery,"https://www.hainaautochina.com/api/vehicle-image/hainaauto/295323747/col_6b81c016ad1fb3e2.webp,https://www.hainaautochina.com/api/vehicle-image/hainaauto/295323747/col_efab7c439910dc69.webp,https://www.hainaautochina.com/api/vehicle-image/hainaauto/295323747/col_d58e0091f95e126e.webp",Sedanes y hatchbacks > 2025 Arrizo 8,2025 Arrizo 8,Venezuela,Chery
hainaauto-589229307,2025 Arrizo 5 2025 - Importacion desde China a Venezuela,"Chery 2025 · 2025 Arrizo 5 · 7.417 km · White · Manual · Disponible en Sichuan. Vehiculo disponible para compradores en Venezuela, con inspeccion, documentos de exportacion y apoyo logistico de HainaAuto. Stock HA-589229307.",in stock,used,9569.18 USD,https://www.hainaautochina.com/vehicles/hainaauto-589229307,https://www.hainaautochina.com/api/vehicle-image/hainaauto/589229307/col_f9d073661ba06514.webp,Chery,"https://www.hainaautochina.com/api/vehicle-image/hainaauto/589229307/col_1162189514e5b00b.webp,https://www.hainaautochina.com/api/vehicle-image/hainaauto/589229307/col_65b1f499b6281e15.webp,https://www.hainaautochina.com/api/vehicle-image/hainaauto/589229307/col_ec5aaabac0afe47c.webp",Sedanes y hatchbacks > 2025 Arrizo 5,2025 Arrizo 5,Venezuela,Chery
cntransit-466817045,2024 Arrizo 5 2024 - Importacion desde China a Venezuela,"Chery 2024 · 2024 Arrizo 5 · 8.333 km · Gray · Manual · Disponible en Shanxi. Vehiculo disponible para compradores en Venezuela, con inspeccion, documentos de exportacion y apoyo logistico de HainaAuto. Stock CN-466817045.",in stock,used,10736.78 USD,https://www.hainaautochina.com/vehicles/cntransit-466817045,https://www.hainaautochina.com/api/vehicle-image/cntransit/466817045/col_e88cb722c7f38c7c.jpg,Chery,"https://www.hainaautochina.com/api/vehicle-image/cntransit/466817045/col_bd8ef2b741654eb7.jpg,https://www.hainaautochina.com/api/vehicle-image/cntransit/466817045/col_98d68a9c8b9ed517.jpg,https://www.hainaautochina.com/api/vehicle-image/cntransit/466817045/col_bbdb237cb89fab17.jpg",Sedanes y hatchbacks > 2024 Arrizo 5,2024 Arrizo 5,Venezuela,Chery
hainaauto-407120013,Arrizo 8 2024 2024 - Importacion desde China a Venezuela,"Chery 2024 · Arrizo 8 2024 · 6.667 km · grey · 7-speed wet dual-clutch · Disponible en Guangdong. Vehiculo disponible para compradores en Venezuela, con inspeccion, documentos de exportacion y apoyo logistico de HainaAuto. Stock HA-407120013.",in stock,used,11987.78 USD,https://www.hainaautochina.com/vehicles/hainaauto-407120013,https://www.hainaautochina.com/api/vehicle-image/hainaauto/407120013/col_2a83a7099c1ec270.webp,Chery,"https://www.hainaautochina.com/api/vehicle-image/hainaauto/407120013/col_3d14fc1c65610b3e.webp,https://www.hainaautochina.com/api/vehicle-image/hainaauto/407120013/col_49df1d6560ce6833.webp,https://www.hainaautochina.com/api/vehicle-image/hainaauto/407120013/col_5299a4ab63b832ad.webp",Sedanes y hatchbacks > Arrizo 8 2024,Arrizo 8 2024,Venezuela,Chery
cntransit-99809316,2024 Arrizo 8 2024 - Importacion desde China a Venezuela,"Chery 2024 · 2024 Arrizo 8 · 15.000 km · Green · Automatic · Disponible en Liaoning. Vehiculo disponible para compradores en Venezuela, con inspeccion, documentos de exportacion y apoyo logistico de HainaAuto. Stock CN-99809316.",in stock,used,13338.86 USD,https://www.hainaautochina.com/vehicles/cntransit-99809316,https://www.hainaautochina.com/api/vehicle-image/cntransit/99809316/col_10360ec98fb07d2f.jpg,Chery,"https://www.hainaautochina.com/api/vehicle-image/cntransit/99809316/col_abbfba555f695977.jpg,https://www.hainaautochina.com/api/vehicle-image/cntransit/99809316/col_750433fcf370fc34.jpg,https://www.hainaautochina.com/api/vehicle-image/cntransit/99809316/col_c19ae3e70554fbb9.jpg",Sedanes y hatchbacks > 2024 Arrizo 8,2024 Arrizo 8,Venezuela,Chery
hainaauto-555424024,Arrizo 5 GT 2023 - Importacion desde China a Venezuela,"Chery 2023 · Arrizo 5 GT · 5.833 km · grey · CVT continuously variable transmission (simulating 9 gears) · Disponible en Jiangsu. Vehiculo disponible para compradores en Venezuela, con inspeccion, documentos de exportacion y apoyo logistico de HainaAuto. Stock HA-555424024.",in stock,used,12821.78 USD,https://www.hainaautochina.com/vehicles/hainaauto-555424024,https://www.hainaautochina.com/api/vehicle-image/hainaauto/555424024/col_a69af0a9382218cc.webp,Chery,"https://www.hainaautochina.com/api/vehicle-image/hainaauto/555424024/col_41c76348596da183.webp,https://www.hainaautochina.com/api/vehicle-image/hainaauto/555424024/col_b24625a20a2e56bb.webp,https://www.hainaautochina.com/api/vehicle-image/hainaauto/555424024/col_acfeba2d0b7e716b.webp",Sedanes y hatchbacks > Arrizo 5 GT,Arrizo 5 GT,Venezuela,Chery
hainaauto-643532728,Arrizo 8 2023 2023 - Importacion desde China a Venezuela,"Chery 2023 · Arrizo 8 2023 · 10.000 km · black · 7-speed wet dual-clutch · Disponible en Fujian. Vehiculo disponible para compradores en Venezuela, con inspeccion, documentos de exportacion y apoyo logistico de HainaAuto. Stock HA-643532728.",in stock,used,12321.38 USD,https://www.hainaautochina.com/vehicles/hainaauto-643532728,https://www.hainaautochina.com/api/vehicle-image/hainaauto/643532728/col_e42403bd00a06a1c.webp,Chery,"https://www.hainaautochina.com/api/vehicle-image/hainaauto/643532728/col_549cb2138ba6e8a9.webp,https://www.hainaautochina.com/api/vehicle-image/hainaauto/643532728/col_7635739bd6a1261f.webp,https://www.hainaautochina.com/api/vehicle-image/hainaauto/643532728/col_599cc27516875d9b.webp",Sedanes y hatchbacks > Arrizo 8 2023,Arrizo 8 2023,Venezuela,Chery
cntransit-28095303,Song PLUS New 2025 - Importacion desde China a Venezuela,"BYD 2025 · Song PLUS New · 8.333 km · Gray · Automatic · Disponible en Henan. Vehiculo disponible para compradores en Venezuela, con inspeccion, documentos de exportacion y apoyo logistico de HainaAuto. Stock CN-28095303.",in stock,used,12004.46 USD,https://www.hainaautochina.com/vehicles/cntransit-28095303,https://www.hainaautochina.com/api/vehicle-image/cntransit/28095303/col_ea0cf10287e44d6e.jpg,BYD,"https://www.hainaautochina.com/api/vehicle-image/cntransit/28095303/col_0c5f02900d176d07.jpg,https://www.hainaautochina.com/api/vehicle-image/cntransit/28095303/col_d22e4238cb246e00.jpg,https://www.hainaautochina.com/api/vehicle-image/cntransit/28095303/col_7810bc471bd9757b.jpg",SUV y todoterrenos > Song PLUS New,Song PLUS New,Venezuela,BYD
hainaauto-743733237,2026 Song L 2026 - Importacion desde China a Venezuela,"BYD 2026 · 2026 Song L · 3.125 km · grey · automatic · Disponible en Jiangsu. Vehiculo disponible para compradores en Venezuela, con inspeccion, documentos de exportacion y apoyo logistico de HainaAuto. Stock HA-743733237.",in stock,used,16091.06 USD,https://www.hainaautochina.com/vehicles/hainaauto-743733237,https://www.hainaautochina.com/api/vehicle-image/hainaauto/743733237/col_ef50b73d94426903.webp,BYD,"https://www.hainaautochina.com/api/vehicle-image/hainaauto/743733237/col_235903402e9fe34d.webp,https://www.hainaautochina.com/api/vehicle-image/hainaauto/743733237/col_5aaf388b974bf1af.webp,https://www.hainaautochina.com/api/vehicle-image/hainaauto/743733237/col_52817c8241b912be.webp",SUV y todoterrenos > 2026 Song L,2026 Song L,Venezuela,BYD
hainaauto-141736479,2026 Song Ultra 2026 - Importacion desde China a Venezuela,"BYD 2026 · 2026 Song Ultra · 167 km · Beige · automatic · Disponible en Beijing. Vehiculo disponible para compradores en Venezuela, con inspeccion, documentos de exportacion y apoyo logistico de HainaAuto. Stock HA-141736479.",in stock,used,18593.06 USD,https://www.hainaautochina.com/vehicles/hainaauto-141736479,https://www.hainaautochina.com/api/vehicle-image/hainaauto/141736479/col_ffe2e274b9fed559.webp,BYD,"https://www.hainaautochina.com/api/vehicle-image/hainaauto/141736479/col_dcca4d46b31956b6.webp,https://www.hainaautochina.com/api/vehicle-image/hainaauto/141736479/col_9181a9649199db03.webp,https://www.hainaautochina.com/api/vehicle-image/hainaauto/141736479/col_939df9d71736392a.webp",SUV y todoterrenos > 2026 Song Ultra,2026 Song Ultra,Venezuela,BYD
cntransit-363116572,Tang New Energy 2025 - Importacion desde China a Venezuela,"BYD 2025 · Tang New Energy · 4.167 km · Black · Automatic · Disponible en Zhejiang. Vehiculo disponible para compradores en Venezuela, con inspeccion, documentos de exportacion y apoyo logistico de HainaAuto. Stock CN-363116572.",in stock,used,14906.78 USD,https://www.hainaautochina.com/vehicles/cntransit-363116572,https://www.hainaautochina.com/api/vehicle-image/cntransit/363116572/col_b5aac8d750b70bc9.jpg,BYD,"https://www.hainaautochina.com/api/vehicle-image/cntransit/363116572/col_5d29f2c87cf7b405.jpg,https://www.hainaautochina.com/api/vehicle-image/cntransit/363116572/col_41df535269e9e2e5.jpg,https://www.hainaautochina.com/api/vehicle-image/cntransit/363116572/col_2663aaf09a7f6801.jpg",SUV y todoterrenos > Tang New Energy,Tang New Energy,Venezuela,BYD
hainaauto-19868464,2023 Song PLUS 2023 - Importacion desde China a Venezuela,"BYD 2023 · 2023 Song PLUS · 13.333 km · grey · automatic · Disponible en Henan. Vehiculo disponible para compradores en Venezuela, con inspeccion, documentos de exportacion y apoyo logistico de HainaAuto. Stock HA-19868464.",in stock,used,11904.38 USD,https://www.hainaautochina.com/vehicles/hainaauto-19868464,https://www.hainaautochina.com/api/vehicle-image/hainaauto/19868464/col_e78783ef45a1922d.webp,BYD,"https://www.hainaautochina.com/api/vehicle-image/hainaauto/19868464/col_2e56515f7b5ed214.webp,https://www.hainaautochina.com/api/vehicle-image/hainaauto/19868464/col_14494e9a73dfcc67.webp,https://www.hainaautochina.com/api/vehicle-image/hainaauto/19868464/col_f2ce22a5396562dc.webp",SUV y todoterrenos > 2023 Song PLUS,2023 Song PLUS,Venezuela,BYD
hainaauto-880335784,2026 Qin PLUS 2026 - Importacion desde China a Venezuela,"BYD 2026 · 2026 Qin PLUS · 42 km · White · automatic · Disponible en Shanxi. Vehiculo disponible para compradores en Venezuela, con inspeccion, documentos de exportacion y apoyo logistico de HainaAuto. Stock HA-880335784.",in stock,new,11921.06 USD,https://www.hainaautochina.com/vehicles/hainaauto-880335784,https://www.hainaautochina.com/api/vehicle-image/hainaauto/880335784/col_c7f1b1d3b205216a.webp,BYD,"https://www.hainaautochina.com/api/vehicle-image/hainaauto/880335784/col_fe9743020648577e.webp,https://www.hainaautochina.com/api/vehicle-image/hainaauto/880335784/col_2468e2ebe952efb8.webp,https://www.hainaautochina.com/api/vehicle-image/hainaauto/880335784/col_ae23698f9d0c9058.webp",Sedanes y hatchbacks > 2026 Qin PLUS,2026 Qin PLUS,Venezuela,BYD
hainaauto-563216979,2026 Seal 06 2026 - Importacion desde China a Venezuela,"BYD 2026 · 2026 Seal 06 · 42 km · White · automatic · Disponible en Henan. Vehiculo disponible para compradores en Venezuela, con inspeccion, documentos de exportacion y apoyo logistico de HainaAuto. Stock HA-563216979.",in stock,new,13822.58 USD,https://www.hainaautochina.com/vehicles/hainaauto-563216979,https://www.hainaautochina.com/api/vehicle-image/hainaauto/563216979/col_6d1b786e288bea75.webp,BYD,"https://www.hainaautochina.com/api/vehicle-image/hainaauto/563216979/col_32d89a50eb68702d.webp,https://www.hainaautochina.com/api/vehicle-image/hainaauto/563216979/col_01e099bd88ef89db.webp,https://www.hainaautochina.com/api/vehicle-image/hainaauto/563216979/col_a466e2929538a20f.webp",Sedanes y hatchbacks > 2026 Seal 06,2026 Seal 06,Venezuela,BYD
hainaauto-916618078,2025 Seagull 305km/h 2025 - Importacion desde China a Venezuela,"BYD 2025 · 2025 Seagull 305km/h · 42 km · Beige · automatic · Disponible en Shandong. Vehiculo disponible para compradores en Venezuela, con inspeccion, documentos de exportacion y apoyo logistico de HainaAuto. Stock HA-916618078.",in stock,new,11170.46 USD,https://www.hainaautochina.com/vehicles/hainaauto-916618078,https://www.hainaautochina.com/api/vehicle-image/hainaauto/916618078/col_53169c240991eef2.webp,BYD,"https://www.hainaautochina.com/api/vehicle-image/hainaauto/916618078/col_78bb49653696e8cb.webp,https://www.hainaautochina.com/api/vehicle-image/hainaauto/916618078/col_9faa899d590ad1ca.webp,https://www.hainaautochina.com/api/vehicle-image/hainaauto/916618078/col_34c5f0d53a0f4ab8.webp",Sedanes y hatchbacks > 2025 Seagull 305km/h,2025 Seagull 305km/h,Venezuela,BYD
cntransit-412218893,2025 Seagull 305km 2025 - Importacion desde China a Venezuela,"BYD 2025 · 2025 Seagull 305km · 42 km · Beige · Automatic · Disponible en Henan. Vehiculo disponible para compradores en Venezuela, con inspeccion, documentos de exportacion y apoyo logistico de HainaAuto. Stock CN-412218893.",in stock,new,11128.76 USD,https://www.hainaautochina.com/vehicles/cntransit-412218893,https://www.hainaautochina.com/api/vehicle-image/cntransit/412218893/col_4af3dcdce3dc54d4.jpg,BYD,"https://www.hainaautochina.com/api/vehicle-image/cntransit/412218893/col_9a3a2ec3a7733f48.jpg,https://www.hainaautochina.com/api/vehicle-image/cntransit/412218893/col_bf2bf71845384491.jpg,https://www.hainaautochina.com/api/vehicle-image/cntransit/412218893/col_2125151abc7cd814.jpg",Sedanes y hatchbacks > 2025 Seagull 305km,2025 Seagull 305km,Venezuela,BYD
hainaauto-860030931,2025 Seagull Smart 2025 - Importacion desde China a Venezuela,"BYD 2025 · 2025 Seagull Smart · 42 km · Beige · automatic · Disponible en Jilin. Vehiculo disponible para compradores en Venezuela, con inspeccion, documentos de exportacion y apoyo logistico de HainaAuto. Stock HA-860030931.",in stock,new,11087.06 USD,https://www.hainaautochina.com/vehicles/hainaauto-860030931,https://www.hainaautochina.com/api/vehicle-image/hainaauto/860030931/col_d708e26dea4c0688.webp,BYD,"https://www.hainaautochina.com/api/vehicle-image/hainaauto/860030931/col_591e5460d3e42bcb.webp,https://www.hainaautochina.com/api/vehicle-image/hainaauto/860030931/col_9097c51954e222b3.webp,https://www.hainaautochina.com/api/vehicle-image/hainaauto/860030931/col_a757eec146f8cc3d.webp",Sedanes y hatchbacks > 2025 Seagull Smart,2025 Seagull Smart,Venezuela,BYD
hainaauto-133147447,2025 Dolphin 420km 2025 - Importacion desde China a Venezuela,"BYD 2025 · 2025 Dolphin 420km · 42 km · Beige · automatic · Disponible en Henan. Vehiculo disponible para compradores en Venezuela, con inspeccion, documentos de exportacion y apoyo logistico de HainaAuto. Stock HA-133147447.",in stock,new,12463.16 USD,https://www.hainaautochina.com/vehicles/hainaauto-133147447,https://www.hainaautochina.com/api/vehicle-image/hainaauto/133147447/col_859eb8e61f369086.webp,BYD,"https://www.hainaautochina.com/api/vehicle-image/hainaauto/133147447/col_bd63f1997ad2d690.webp,https://www.hainaautochina.com/api/vehicle-image/hainaauto/133147447/col_fd41afb17d21a72d.webp,https://www.hainaautochina.com/api/vehicle-image/hainaauto/133147447/col_a83ef36d6d1ec9c3.webp",Sedanes y hatchbacks > 2025 Dolphin 420km,2025 Dolphin 420km,Venezuela,BYD
hainaauto-14653949,2025 Dolphin Smart 2025 - Importacion desde China a Venezuela,"BYD 2025 · 2025 Dolphin Smart · 42 km · Beige · automatic · Disponible en Henan. Vehiculo disponible para compradores en Venezuela, con inspeccion, documentos de exportacion y apoyo logistico de HainaAuto. Stock HA-14653949.",in stock,new,12905.18 USD,https://www.hainaautochina.com/vehicles/hainaauto-14653949,https://www.hainaautochina.com/api/vehicle-image/hainaauto/14653949/col_704d8a486360dc88.webp,BYD,"https://www.hainaautochina.com/api/vehicle-image/hainaauto/14653949/col_26a5d7ebf31b0c83.webp,https://www.hainaautochina.com/api/vehicle-image/hainaauto/14653949/col_f216be1d03fc5f6c.webp,https://www.hainaautochina.com/api/vehicle-image/hainaauto/14653949/col_bd848b367b7b804d.webp",Sedanes y hatchbacks > 2025 Dolphin Smart,2025 Dolphin Smart,Venezuela,BYD
cntransit-95422571,2025 Dolphin Intelligent 2025 - Importacion desde China a Venezuela,"BYD 2025 · 2025 Dolphin Intelligent · 4.583 km · Beige · Automatic · Disponible en Hubei. Vehiculo disponible para compradores en Venezuela, con inspeccion, documentos de exportacion y apoyo logistico de HainaAuto. Stock CN-95422571.",in stock,used,12404.78 USD,https://www.hainaautochina.com/vehicles/cntransit-95422571,https://www.hainaautochina.com/api/vehicle-image/cntransit/95422571/col_b5fa5dd75c0ed8ba.jpg,BYD,"https://www.hainaautochina.com/api/vehicle-image/cntransit/95422571/col_39bfe179b76fec76.jpg,https://www.hainaautochina.com/api/vehicle-image/cntransit/95422571/col_c6d1cf4af4cdaf39.jpg,https://www.hainaautochina.com/api/vehicle-image/cntransit/95422571/col_8e2d1c9f13d19f89.jpg",Sedanes y hatchbacks > 2025 Dolphin Intelligent,2025 Dolphin Intelligent,Venezuela,BYD
cntransit-529110573,2025 Seal 510 2025 - Importacion desde China a Venezuela,"BYD 2025 · 2025 Seal 510 · 4.583 km · Gray · Automatic · Disponible en Sichuan. Vehiculo disponible para compradores en Venezuela, con inspeccion, documentos de exportacion y apoyo logistico de HainaAuto. Stock CN-529110573.",in stock,used,16674.86 USD,https://www.hainaautochina.com/vehicles/cntransit-529110573,https://www.hainaautochina.com/api/vehicle-image/cntransit/529110573/col_0efd985b2f55fcc5.jpg,BYD,"https://www.hainaautochina.com/api/vehicle-image/cntransit/529110573/col_bf5f93ca72af75de.jpg,https://www.hainaautochina.com/api/vehicle-image/cntransit/529110573/col_f8850f3de8e55b6a.jpg,https://www.hainaautochina.com/api/vehicle-image/cntransit/529110573/col_7feda832fe0ab314.jpg",Sedanes y hatchbacks > 2025 Seal 510,2025 Seal 510,Venezuela,BYD
cntransit-427113214,2026 Seagull 305km 2026 - Importacion desde China a Venezuela,"BYD 2026 · 2026 Seagull 305km · 333 km · Pink · Automatic · Disponible en Henan. Vehiculo disponible para compradores en Venezuela, con inspeccion, documentos de exportacion y apoyo logistico de HainaAuto. Stock CN-427113214.",in stock,used,11003.66 USD,https://www.hainaautochina.com/vehicles/cntransit-427113214,https://www.hainaautochina.com/api/vehicle-image/cntransit/427113214/col_dee8c281363e5dc1.jpg,BYD,"https://www.hainaautochina.com/api/vehicle-image/cntransit/427113214/col_689b622e1538b988.jpg,https://www.hainaautochina.com/api/vehicle-image/cntransit/427113214/col_054e9e3fc2b7e055.jpg,https://www.hainaautochina.com/api/vehicle-image/cntransit/427113214/col_936bb83ccf891c82.jpg",Sedanes y hatchbacks > 2026 Seagull 305km,2026 Seagull 305km,Venezuela,BYD
cntransit-480214087,2026 Seal 07 2026 - Importacion desde China a Venezuela,"BYD 2026 · 2026 Seal 07 · 5.833 km · Beige · Automatic · Disponible en Shaanxi. Vehiculo disponible para compradores en Venezuela, con inspeccion, documentos de exportacion y apoyo logistico de HainaAuto. Stock CN-480214087.",in stock,used,17342.06 USD,https://www.hainaautochina.com/vehicles/cntransit-480214087,https://www.hainaautochina.com/api/vehicle-image/cntransit/480214087/col_5becc2ad9fbb20d7.jpg,BYD,"https://www.hainaautochina.com/api/vehicle-image/cntransit/480214087/col_c3dce1e8034b5355.jpg,https://www.hainaautochina.com/api/vehicle-image/cntransit/480214087/col_676f0c1672d841d3.jpg,https://www.hainaautochina.com/api/vehicle-image/cntransit/480214087/col_e0e4362fa1b19b38.jpg",Sedanes y hatchbacks > 2026 Seal 07,2026 Seal 07,Venezuela,BYD
hainaauto-067242646,2025 Seal 06 2025 - Importacion desde China a Venezuela,"BYD 2025 · 2025 Seal 06 · 23.750 km · White · automatic · Disponible en Shandong. Vehiculo disponible para compradores en Venezuela, con inspeccion, documentos de exportacion y apoyo logistico de HainaAuto. Stock HA-067242646.",in stock,used,10653.38 USD,https://www.hainaautochina.com/vehicles/hainaauto-067242646,https://www.hainaautochina.com/api/vehicle-image/hainaauto/067242646/col_e693f0b52a2ef793.webp,BYD,"https://www.hainaautochina.com/api/vehicle-image/hainaauto/067242646/col_38ce1ca819128b2b.webp,https://www.hainaautochina.com/api/vehicle-image/hainaauto/067242646/col_44a96563967a0c0c.webp,https://www.hainaautochina.com/api/vehicle-image/hainaauto/067242646/col_f2ff3efbae79aced.webp",Sedanes y hatchbacks > 2025 Seal 06,2025 Seal 06,Venezuela,BYD
hainaauto-246343939,2025 Seagull 405km/h 2025 - Importacion desde China a Venezuela,"BYD 2025 · 2025 Seagull 405km/h · 3.750 km · Beige · automatic · Disponible en Shandong. Vehiculo disponible para compradores en Venezuela, con inspeccion, documentos de exportacion y apoyo logistico de HainaAuto. Stock HA-246343939.",in stock,used,10661.72 USD,https://www.hainaautochina.com/vehicles/hainaauto-246343939,https://www.hainaautochina.com/api/vehicle-image/hainaauto/246343939/col_e76e0e6108dcfcc4.webp,BYD,"https://www.hainaautochina.com/api/vehicle-image/hainaauto/246343939/col_21757272afe5bbd5.webp,https://www.hainaautochina.com/api/vehicle-image/hainaauto/246343939/col_97ef0a2b270fc799.webp,https://www.hainaautochina.com/api/vehicle-image/hainaauto/246343939/col_a8e3fb709aa0f5b5.webp",Sedanes y hatchbacks > 2025 Seagull 405km/h,2025 Seagull 405km/h,Venezuela,BYD
cntransit-52212677,2025 Seagull 405km 2025 - Importacion desde China a Venezuela,"BYD 2025 · 2025 Seagull 405km · 10.833 km · Beige · Automatic · Disponible en Jiangsu. Vehiculo disponible para compradores en Venezuela, con inspeccion, documentos de exportacion y apoyo logistico de HainaAuto. Stock CN-52212677.",in stock,used,11387.30 USD,https://www.hainaautochina.com/vehicles/cntransit-52212677,https://www.hainaautochina.com/api/vehicle-image/cntransit/52212677/col_9f1769fdc41dabfe.jpg,BYD,"https://www.hainaautochina.com/api/vehicle-image/cntransit/52212677/col_68700c51cec7cbc5.jpg,https://www.hainaautochina.com/api/vehicle-image/cntransit/52212677/col_4802046504a06ee3.jpg,https://www.hainaautochina.com/api/vehicle-image/cntransit/52212677/col_e09998819feb18bf.jpg",Sedanes y hatchbacks > 2025 Seagull 405km,2025 Seagull 405km,Venezuela,BYD
hainaauto-835431641,2025 Seal 07 2025 - Importacion desde China a Venezuela,"BYD 2025 · 2025 Seal 07 · 12.500 km · grey · automatic · Disponible en Heilongjiang. Vehiculo disponible para compradores en Venezuela, con inspeccion, documentos de exportacion y apoyo logistico de HainaAuto. Stock HA-835431641.",in stock,used,12004.46 USD,https://www.hainaautochina.com/vehicles/hainaauto-835431641,https://www.hainaautochina.com/api/vehicle-image/hainaauto/835431641/col_558ffdc51132fd42.webp,BYD,"https://www.hainaautochina.com/api/vehicle-image/hainaauto/835431641/col_adb2cb47d3e0f062.webp,https://www.hainaautochina.com/api/vehicle-image/hainaauto/835431641/col_de72bbf9dff6294b.webp,https://www.hainaautochina.com/api/vehicle-image/hainaauto/835431641/col_9cb68df32b0bbcf0.webp",Sedanes y hatchbacks > 2025 Seal 07,2025 Seal 07,Venezuela,BYD
cntransit-89983191,2025 Seal 650 2025 - Importacion desde China a Venezuela,"BYD 2025 · 2025 Seal 650 · 12.500 km · Blue · Automatic · Disponible en Fujian. Vehiculo disponible para compradores en Venezuela, con inspeccion, documentos de exportacion y apoyo logistico de HainaAuto. Stock CN-89983191.",in stock,used,16491.38 USD,https://www.hainaautochina.com/vehicles/cntransit-89983191,https://www.hainaautochina.com/api/vehicle-image/cntransit/89983191/col_8b6b8fa8c6bb2301.jpg,BYD,"https://www.hainaautochina.com/api/vehicle-image/cntransit/89983191/col_927dfa935430641b.jpg,https://www.hainaautochina.com/api/vehicle-image/cntransit/89983191/col_01ddc1b36ba0c21e.jpg,https://www.hainaautochina.com/api/vehicle-image/cntransit/89983191/col_af317f644814bd41.jpg",Sedanes y hatchbacks > 2025 Seal 650,2025 Seal 650,Venezuela,BYD
cntransit-94454746,2024 Seagull Glory 2024 - Importacion desde China a Venezuela,"BYD 2024 · 2024 Seagull Glory · 12.083 km · Beige · Automatic · Disponible en Guangxi. Vehiculo disponible para compradores en Venezuela, con inspeccion, documentos de exportacion y apoyo logistico de HainaAuto. Stock CN-94454746.",in stock,used,9569.18 USD,https://www.hainaautochina.com/vehicles/cntransit-94454746,https://www.hainaautochina.com/api/vehicle-image/cntransit/94454746/col_ec46578dbd5fd85c.jpg,BYD,"https://www.hainaautochina.com/api/vehicle-image/cntransit/94454746/col_bcc6db89bad280c8.jpg,https://www.hainaautochina.com/api/vehicle-image/cntransit/94454746/col_69216349bcbc7e9f.jpg,https://www.hainaautochina.com/api/vehicle-image/cntransit/94454746/col_645d03b5a91c68a0.jpg",Sedanes y hatchbacks > 2024 Seagull Glory,2024 Seagull Glory,Venezuela,BYD
cntransit-62088393,Yangguang 2024 Model 2024 - Importacion desde China a Venezuela,"Wuling 2024 · Yangguang 2024 Model · 38.333 km · Beige · Automatic · Disponible en Hubei. Vehiculo disponible para compradores en Venezuela, con inspeccion, documentos de exportacion y apoyo logistico de HainaAuto. Stock CN-62088393.",in stock,used,10736.78 USD,https://www.hainaautochina.com/vehicles/cntransit-62088393,https://www.hainaautochina.com/api/vehicle-image/cntransit/62088393/col_a21e06d442d09ce8.jpg,Wuling,"https://www.hainaautochina.com/api/vehicle-image/cntransit/62088393/col_d1dc68a7f8afc0a2.jpg,https://www.hainaautochina.com/api/vehicle-image/cntransit/62088393/col_9425459c2146e4e7.jpg,https://www.hainaautochina.com/api/vehicle-image/cntransit/62088393/col_b61700451530b57c.jpg",Maquinaria y camiones > Yangguang 2024 Model,Yangguang 2024 Model,Venezuela,Wuling
hainaauto-304816807,2024 Yangguang 300km 2024 - Importacion desde China a Venezuela,"Wuling 2024 · 2024 Yangguang 300km · 27.083 km · White · automatic · Disponible en Henan. Vehiculo disponible para compradores en Venezuela, con inspeccion, documentos de exportacion y apoyo logistico de HainaAuto. Stock HA-304816807.",in stock,used,11170.46 USD,https://www.hainaautochina.com/vehicles/hainaauto-304816807,https://www.hainaautochina.com/api/vehicle-image/hainaauto/304816807/col_6b87c27a213e4d00.webp,Wuling,"https://www.hainaautochina.com/api/vehicle-image/hainaauto/304816807/col_21ad21d720f5b14f.webp,https://www.hainaautochina.com/api/vehicle-image/hainaauto/304816807/col_3d10aa9802a60223.webp,https://www.hainaautochina.com/api/vehicle-image/hainaauto/304816807/col_b6407596c44490ff.webp",Maquinaria y camiones > 2024 Yangguang 300km,2024 Yangguang 300km,Venezuela,Wuling
hainaauto-511618346,Yangguang 2024 300km 2024 - Importacion desde China a Venezuela,"Wuling 2024 · Yangguang 2024 300km · 19.583 km · grey · automatic · Disponible en Hubei. Vehiculo disponible para compradores en Venezuela, con inspeccion, documentos de exportacion y apoyo logistico de HainaAuto. Stock HA-511618346.",in stock,used,11170.46 USD,https://www.hainaautochina.com/vehicles/hainaauto-511618346,https://www.hainaautochina.com/api/vehicle-image/hainaauto/511618346/col_108672174ac8aea3.webp,Wuling,"https://www.hainaautochina.com/api/vehicle-image/hainaauto/511618346/col_1d61ecc8460078e1.webp,https://www.hainaautochina.com/api/vehicle-image/hainaauto/511618346/col_d40a76ff60d7eeb8.webp,https://www.hainaautochina.com/api/vehicle-image/hainaauto/511618346/col_bb3f1f31a3fc4909.webp",Maquinaria y camiones > Yangguang 2024 300km,Yangguang 2024 300km,Venezuela,Wuling
cntransit-97652375,2024 Dolphin Glory 2024 - Importacion desde China a Venezuela,"BYD 2024 · 2024 Dolphin Glory · 24.583 km · Beige · Automatic · Disponible en Guangdong. Vehiculo disponible para compradores en Venezuela, con inspeccion, documentos de exportacion y apoyo logistico de HainaAuto. Stock CN-97652375.",in stock,used,11570.78 USD,https://www.hainaautochina.com/vehicles/cntransit-97652375,https://www.hainaautochina.com/api/vehicle-image/cntransit/97652375/col_82f4688cb0b9f943.jpg,BYD,"https://www.hainaautochina.com/api/vehicle-image/cntransit/97652375/col_49066385cceec210.jpg,https://www.hainaautochina.com/api/vehicle-image/cntransit/97652375/col_55e29dda36b60104.jpg,https://www.hainaautochina.com/api/vehicle-image/cntransit/97652375/col_668e12ac1352bb28.jpg",Sedanes y hatchbacks > 2024 Dolphin Glory,2024 Dolphin Glory,Venezuela,BYD
cntransit-82455294,2024 Seal DM-i 2024 - Importacion desde China a Venezuela,"BYD 2024 · 2024 Seal DM-i · 25.000 km · Black · Automatic · Disponible en Anhui. Vehiculo disponible para compradores en Venezuela, con inspeccion, documentos de exportacion y apoyo logistico de HainaAuto. Stock CN-82455294.",in stock,used,12988.58 USD,https://www.hainaautochina.com/vehicles/cntransit-82455294,https://www.hainaautochina.com/api/vehicle-image/cntransit/82455294/col_9567133451de94ef.jpg,BYD,"https://www.hainaautochina.com/api/vehicle-image/cntransit/82455294/col_e59a342490922c27.jpg,https://www.hainaautochina.com/api/vehicle-image/cntransit/82455294/col_c429530ad3412313.jpg,https://www.hainaautochina.com/api/vehicle-image/cntransit/82455294/col_2a7ffd0e183bb51a.jpg",Sedanes y hatchbacks > 2024 Seal DM-i,2024 Seal DM-i,Venezuela,BYD
hainaauto-748239143,2023 Wuling Zhi 2023 - Importacion desde China a Venezuela,"Wuling 2023 · 2023 Wuling Zhi · 3.333 km · grey · Manual · Disponible en Guangdong. Vehiculo disponible para compradores en Venezuela, con inspeccion, documentos de exportacion y apoyo logistico de HainaAuto. Stock HA-748239143.",in stock,used,8626.76 USD,https://www.hainaautochina.com/vehicles/hainaauto-748239143,https://www.hainaautochina.com/api/vehicle-image/hainaauto/748239143/col_e9dd2d9cf3e853e8.webp,Wuling,"https://www.hainaautochina.com/api/vehicle-image/hainaauto/748239143/col_f5b4790a99f9a1f3.webp,https://www.hainaautochina.com/api/vehicle-image/hainaauto/748239143/col_5829a9793a26047e.webp,https://www.hainaautochina.com/api/vehicle-image/hainaauto/748239143/col_9fe0678342371978.webp",Maquinaria y camiones > 2023 Wuling Zhi,2023 Wuling Zhi,Venezuela,Wuling
cntransit-023711899,2023 Seagull Vitality 2023 - Importacion desde China a Venezuela,"BYD 2023 · 2023 Seagull Vitality · 8.333 km · Beige · Automatic · Disponible en Henan. Vehiculo disponible para compradores en Venezuela, con inspeccion, documentos de exportacion y apoyo logistico de HainaAuto. Stock CN-023711899.",in stock,used,9585.86 USD,https://www.hainaautochina.com/vehicles/cntransit-023711899,https://www.hainaautochina.com/api/vehicle-image/cntransit/023711899/col_f7d8fc168764b07d.jpg,BYD,"https://www.hainaautochina.com/api/vehicle-image/cntransit/023711899/col_4e64366f9c62d5d3.jpg,https://www.hainaautochina.com/api/vehicle-image/cntransit/023711899/col_2bd0267f11251ec7.jpg,https://www.hainaautochina.com/api/vehicle-image/cntransit/023711899/col_f0e6fe40d9306551.jpg",Sedanes y hatchbacks > 2023 Seagull Vitality,2023 Seagull Vitality,Venezuela,BYD
hainaauto-233236593,2023 Seagull Freedom 2023 - Importacion desde China a Venezuela,"BYD 2023 · 2023 Seagull Freedom · 12.917 km · Beige · automatic · Disponible en Zhejiang. Vehiculo disponible para compradores en Venezuela, con inspeccion, documentos de exportacion y apoyo logistico de HainaAuto. Stock HA-233236593.",in stock,used,9961.16 USD,https://www.hainaautochina.com/vehicles/hainaauto-233236593,https://www.hainaautochina.com/api/vehicle-image/hainaauto/233236593/col_b3a6cff2877b7234.webp,BYD,"https://www.hainaautochina.com/api/vehicle-image/hainaauto/233236593/col_8ea5c6f41ba0bcd0.webp,https://www.hainaautochina.com/api/vehicle-image/hainaauto/233236593/col_31a0df611ffc8648.webp,https://www.hainaautochina.com/api/vehicle-image/hainaauto/233236593/col_45d6ba9474a7afe5.webp",Sedanes y hatchbacks > 2023 Seagull Freedom,2023 Seagull Freedom,Venezuela,BYD
hainaauto-77487486,2023 Seagull Flying 2023 - Importacion desde China a Venezuela,"BYD 2023 · 2023 Seagull Flying · 12.500 km · Beige · automatic · Disponible en Henan. Vehiculo disponible para compradores en Venezuela, con inspeccion, documentos de exportacion y apoyo logistico de HainaAuto. Stock HA-77487486.",in stock,used,9919.46 USD,https://www.hainaautochina.com/vehicles/hainaauto-77487486,https://www.hainaautochina.com/api/vehicle-image/hainaauto/77487486/col_b3782174c9f8345c.webp,BYD,"https://www.hainaautochina.com/api/vehicle-image/hainaauto/77487486/col_3918738e597175c1.webp,https://www.hainaautochina.com/api/vehicle-image/hainaauto/77487486/col_3318d2abd0a05960.webp,https://www.hainaautochina.com/api/vehicle-image/hainaauto/77487486/col_a16b13e888a0f978.webp",Sedanes y hatchbacks > 2023 Seagull Flying,2023 Seagull Flying,Venezuela,BYD
cntransit-40205043,2023 Dolphin 420km 2023 - Importacion desde China a Venezuela,"BYD 2023 · 2023 Dolphin 420km · 91.667 km · Beige · Automatic · Disponible en Guangdong. Vehiculo disponible para compradores en Venezuela, con inspeccion, documentos de exportacion y apoyo logistico de HainaAuto. Stock CN-40205043.",in stock,used,10086.26 USD,https://www.hainaautochina.com/vehicles/cntransit-40205043,https://www.hainaautochina.com/api/vehicle-image/cntransit/40205043/col_135ee229824b119d.jpg,BYD,"https://www.hainaautochina.com/api/vehicle-image/cntransit/40205043/col_e45352c81999f5f3.jpg,https://www.hainaautochina.com/api/vehicle-image/cntransit/40205043/col_ba9b0481b4975d80.jpg,https://www.hainaautochina.com/api/vehicle-image/cntransit/40205043/col_aa845c59653fa342.jpg",Sedanes y hatchbacks > 2023 Dolphin 420km,2023 Dolphin 420km,Venezuela,BYD
cntransit-48894473,2023 Dolphin 401 2023 - Importacion desde China a Venezuela,"BYD 2023 · 2023 Dolphin 401 · 23.750 km · Gray · Automatic · Disponible en Jiangsu. Vehiculo disponible para compradores en Venezuela, con inspeccion, documentos de exportacion y apoyo logistico de HainaAuto. Stock CN-48894473.",in stock,used,11904.38 USD,https://www.hainaautochina.com/vehicles/cntransit-48894473,https://www.hainaautochina.com/api/vehicle-image/cntransit/48894473/col_78820f6f1db4a8bc.jpg,BYD,"https://www.hainaautochina.com/api/vehicle-image/cntransit/48894473/col_e3721f34c6a2e22e.jpg,https://www.hainaautochina.com/api/vehicle-image/cntransit/48894473/col_363451edce94cb41.jpg,https://www.hainaautochina.com/api/vehicle-image/cntransit/48894473/col_7e7461746433ed69.jpg",Sedanes y hatchbacks > 2023 Dolphin 401,2023 Dolphin 401,Venezuela,BYD
hainaauto-680941277,2023 Dolphin 401km 2023 - Importacion desde China a Venezuela,"BYD 2023 · 2023 Dolphin 401km · 9.917 km · Purple · automatic · Disponible en Jiangsu. Vehiculo disponible para compradores en Venezuela, con inspeccion, documentos de exportacion y apoyo logistico de HainaAuto. Stock HA-680941277.",in stock,used,11987.78 USD,https://www.hainaautochina.com/vehicles/hainaauto-680941277,https://www.hainaautochina.com/api/vehicle-image/hainaauto/680941277/col_2ff47e25c528b730.webp,BYD,"https://www.hainaautochina.com/api/vehicle-image/hainaauto/680941277/col_9bb40393a74bb32b.webp,https://www.hainaautochina.com/api/vehicle-image/hainaauto/680941277/col_1adbe6654ce2ef14.webp,https://www.hainaautochina.com/api/vehicle-image/hainaauto/680941277/col_4beced8b62583af2.webp",Sedanes y hatchbacks > 2023 Dolphin 401km,2023 Dolphin 401km,Venezuela,BYD
cntransit-62674051,2023 Seal DM-i 2023 - Importacion desde China a Venezuela,"BYD 2023 · 2023 Seal DM-i · 10.833 km · Gray · Automatic · Disponible en Zhejiang. Vehiculo disponible para compradores en Venezuela, con inspeccion, documentos de exportacion y apoyo logistico de HainaAuto. Stock CN-62674051.",in stock,used,12921.86 USD,https://www.hainaautochina.com/vehicles/cntransit-62674051,https://www.hainaautochina.com/api/vehicle-image/cntransit/62674051/col_ea2703a80a408c3c.jpg,BYD,"https://www.hainaautochina.com/api/vehicle-image/cntransit/62674051/col_32eb4c0a1f3fb055.jpg,https://www.hainaautochina.com/api/vehicle-image/cntransit/62674051/col_8c740aa0648013e3.jpg,https://www.hainaautochina.com/api/vehicle-image/cntransit/62674051/col_a8bc12ffdeab4538.jpg",Sedanes y hatchbacks > 2023 Seal DM-i,2023 Seal DM-i,Venezuela,BYD
hainaauto-113229170,2023 Seal Champion 2023 - Importacion desde China a Venezuela,"BYD 2023 · 2023 Seal Champion · 56.250 km · blue · automatic · Disponible en Guangdong. Vehiculo disponible para compradores en Venezuela, con inspeccion, documentos de exportacion y apoyo logistico de HainaAuto. Stock HA-113229170.",in stock,used,12988.58 USD,https://www.hainaautochina.com/vehicles/hainaauto-113229170,https://www.hainaautochina.com/api/vehicle-image/hainaauto/113229170/col_8ba8adfdee4678ea.webp,BYD,"https://www.hainaautochina.com/api/vehicle-image/hainaauto/113229170/col_d5c846e4bf86ad77.webp,https://www.hainaautochina.com/api/vehicle-image/hainaauto/113229170/col_be719509a1d85e0e.webp,https://www.hainaautochina.com/api/vehicle-image/hainaauto/113229170/col_0c68254fb1eea889.webp",Sedanes y hatchbacks > 2023 Seal Champion,2023 Seal Champion,Venezuela,BYD
hainaauto-674815893,2026 Boyue 1.5TD 2026 - Importacion desde China a Venezuela,"Geely 2026 · 2026 Boyue 1.5TD · 42 km · White · automatic · Disponible en Shandong. Vehiculo disponible para compradores en Venezuela, con inspeccion, documentos de exportacion y apoyo logistico de HainaAuto. Stock HA-674815893.",in stock,new,12404.78 USD,https://www.hainaautochina.com/vehicles/hainaauto-674815893,https://www.hainaautochina.com/api/vehicle-image/hainaauto/674815893/col_ca265465e750335b.webp,Geely,"https://www.hainaautochina.com/api/vehicle-image/hainaauto/674815893/col_942b91c86420ec86.webp,https://www.hainaautochina.com/api/vehicle-image/hainaauto/674815893/col_2482b515b4aca882.webp,https://www.hainaautochina.com/api/vehicle-image/hainaauto/674815893/col_a10335f8ecc4961f.webp",SUV y todoterrenos > 2026 Boyue 1.5TD,2026 Boyue 1.5TD,Venezuela,Geely
hainaauto-016022494,2026 Xingyue L 2026 - Importacion desde China a Venezuela,"Geely 2026 · 2026 Xingyue L · 42 km · silver · automatic · Disponible en Henan. Vehiculo disponible para compradores en Venezuela, con inspeccion, documentos de exportacion y apoyo logistico de HainaAuto. Stock HA-016022494.",in stock,new,15173.66 USD,https://www.hainaautochina.com/vehicles/hainaauto-016022494,https://www.hainaautochina.com/api/vehicle-image/hainaauto/016022494/col_f35172b21b0cb941.webp,Geely,"https://www.hainaautochina.com/api/vehicle-image/hainaauto/016022494/col_5965269e49230370.webp,https://www.hainaautochina.com/api/vehicle-image/hainaauto/016022494/col_f9512fa758519a74.webp,https://www.hainaautochina.com/api/vehicle-image/hainaauto/016022494/col_ba2a9796b2457df4.webp",SUV y todoterrenos > 2026 Xingyue L,2026 Xingyue L,Venezuela,Geely
hainaauto-612722903,2025 Binyue 1.5 2025 - Importacion desde China a Venezuela,"Geely 2025 · 2025 Binyue 1.5 · 0 km · White · automatic · Disponible en Henan. Vehiculo disponible para compradores en Venezuela, con inspeccion, documentos de exportacion y apoyo logistico de HainaAuto. Stock HA-612722903.",in stock,new,11403.98 USD,https://www.hainaautochina.com/vehicles/hainaauto-612722903,https://www.hainaautochina.com/api/vehicle-image/hainaauto/612722903/col_0b79c80bd07b8c13.webp,Geely,"https://www.hainaautochina.com/api/vehicle-image/hainaauto/612722903/col_cfcdab4af0143a18.webp,https://www.hainaautochina.com/api/vehicle-image/hainaauto/612722903/col_86759fb50cb2d589.webp,https://www.hainaautochina.com/api/vehicle-image/hainaauto/612722903/col_8a16466eddf88389.webp",SUV y todoterrenos > 2025 Binyue 1.5,2025 Binyue 1.5,Venezuela,Geely
hainaauto-855324619,2025 Binyue L 2025 - Importacion desde China a Venezuela,"Geely 2025 · 2025 Binyue L · 42 km · White · automatic · Disponible en Shanghai. Vehiculo disponible para compradores en Venezuela, con inspeccion, documentos de exportacion y apoyo logistico de HainaAuto. Stock HA-855324619.",in stock,new,13071.98 USD,https://www.hainaautochina.com/vehicles/hainaauto-855324619,https://www.hainaautochina.com/api/vehicle-image/hainaauto/855324619/col_ac1ff55b13ed7abc.webp,Geely,"https://www.hainaautochina.com/api/vehicle-image/hainaauto/855324619/col_1c91694262d7abe9.webp,https://www.hainaautochina.com/api/vehicle-image/hainaauto/855324619/col_a64fa99e691bc3a3.webp,https://www.hainaautochina.com/api/vehicle-image/hainaauto/855324619/col_53782a6b82fa0f90.webp",SUV y todoterrenos > 2025 Binyue L,2025 Binyue L,Venezuela,Geely
hainaauto-387347986,2025 Boyue L 2025 - Importacion desde China a Venezuela,"Geely 2025 · 2025 Boyue L · 0 km · White · automatic · Disponible en Shanxi. Vehiculo disponible para compradores en Venezuela, con inspeccion, documentos de exportacion y apoyo logistico de HainaAuto. Stock HA-387347986.",in stock,new,13080.32 USD,https://www.hainaautochina.com/vehicles/hainaauto-387347986,https://www.hainaautochina.com/api/vehicle-image/hainaauto/387347986/col_a4e171e5caaf02f1.webp,Geely,"https://www.hainaautochina.com/api/vehicle-image/hainaauto/387347986/col_72549ef412e78b11.webp,https://www.hainaautochina.com/api/vehicle-image/hainaauto/387347986/col_f2d9b4b7bbea384a.webp,https://www.hainaautochina.com/api/vehicle-image/hainaauto/387347986/col_805785cd6c7abc08.webp",SUV y todoterrenos > 2025 Boyue L,2025 Boyue L,Venezuela,Geely
cntransit-408615325,2025 Xingyue L 2025 - Importacion desde China a Venezuela,"Geely 2025 · 2025 Xingyue L · 42 km · White · Automatic · Disponible en Sichuan. Vehiculo disponible para compradores en Venezuela, con inspeccion, documentos de exportacion y apoyo logistico de HainaAuto. Stock CN-408615325.",in stock,new,16574.78 USD,https://www.hainaautochina.com/vehicles/cntransit-408615325,https://www.hainaautochina.com/api/vehicle-image/cntransit/408615325/col_7e5823eeb29c065e.jpg,Geely,"https://www.hainaautochina.com/api/vehicle-image/cntransit/408615325/col_d4b0014cb5ebaef7.jpg,https://www.hainaautochina.com/api/vehicle-image/cntransit/408615325/col_cc9f5d2a9caa2334.jpg,https://www.hainaautochina.com/api/vehicle-image/cntransit/408615325/col_f20300669010cb6b.jpg",SUV y todoterrenos > 2025 Xingyue L,2025 Xingyue L,Venezuela,Geely
hainaauto-21015208,Boyue L 2024 2024 - Importacion desde China a Venezuela,"Geely 2024 · Boyue L 2024 · 42 km · grey · 7-speed wet dual-clutch · Disponible en Henan. Vehiculo disponible para compradores en Venezuela, con inspeccion, documentos de exportacion y apoyo logistico de HainaAuto. Stock HA-21015208.",in stock,new,13655.78 USD,https://www.hainaautochina.com/vehicles/hainaauto-21015208,https://www.hainaautochina.com/api/vehicle-image/hainaauto/21015208/col_101d71bca060fc9c.webp,Geely,"https://www.hainaautochina.com/api/vehicle-image/hainaauto/21015208/col_9b6c031a78ab924d.webp,https://www.hainaautochina.com/api/vehicle-image/hainaauto/21015208/col_e8b4982cf9a496aa.webp,https://www.hainaautochina.com/api/vehicle-image/hainaauto/21015208/col_6cf1e3b6222889ee.webp",SUV y todoterrenos > Boyue L 2024,Boyue L 2024,Venezuela,Geely
hainaauto-07573013,Xingyue L 2024 2024 - Importacion desde China a Venezuela,"Geely 2024 · Xingyue L 2024 · 0 km · black · 7-speed wet dual-clutch · Disponible en Guangdong. Vehiculo disponible para compradores en Venezuela, con inspeccion, documentos de exportacion y apoyo logistico de HainaAuto. Stock HA-07573013.",in stock,new,15990.98 USD,https://www.hainaautochina.com/vehicles/hainaauto-07573013,https://www.hainaautochina.com/api/vehicle-image/hainaauto/07573013/col_cda2202c93035ab6.webp,Geely,"https://www.hainaautochina.com/api/vehicle-image/hainaauto/07573013/col_d7d68782ced8d213.webp,https://www.hainaautochina.com/api/vehicle-image/hainaauto/07573013/col_9847be061ffc499e.webp,https://www.hainaautochina.com/api/vehicle-image/hainaauto/07573013/col_77b820e0f6c9420b.webp",SUV y todoterrenos > Xingyue L 2024,Xingyue L 2024,Venezuela,Geely
hainaauto-18997900,Xingyue L Smart 2024 - Importacion desde China a Venezuela,"Geely 2024 · Xingyue L Smart · 42 km · White · 3-speed DHT · Disponible en Henan. Vehiculo disponible para compradores en Venezuela, con inspeccion, documentos de exportacion y apoyo logistico de HainaAuto. Stock HA-18997900.",in stock,new,16925.06 USD,https://www.hainaautochina.com/vehicles/hainaauto-18997900,https://www.hainaautochina.com/api/vehicle-image/hainaauto/18997900/col_c0b86c744c2bc1be.webp,Geely,"https://www.hainaautochina.com/api/vehicle-image/hainaauto/18997900/col_2643de3f3a7c76dc.webp,https://www.hainaautochina.com/api/vehicle-image/hainaauto/18997900/col_92dfa449576f3732.webp,https://www.hainaautochina.com/api/vehicle-image/hainaauto/18997900/col_023137d6b9102a1a.webp",SUV y todoterrenos > Xingyue L Smart,Xingyue L Smart,Venezuela,Geely
hainaauto-880344107,2026 Boyue REV 2026 - Importacion desde China a Venezuela,"Geely 2026 · 2026 Boyue REV · 417 km · black · automatic · Disponible en Guangdong. Vehiculo disponible para compradores en Venezuela, con inspeccion, documentos de exportacion y apoyo logistico de HainaAuto. Stock HA-880344107.",in stock,used,15674.06 USD,https://www.hainaautochina.com/vehicles/hainaauto-880344107,https://www.hainaautochina.com/api/vehicle-image/hainaauto/880344107/col_c071dd7b87de13e3.webp,Geely,"https://www.hainaautochina.com/api/vehicle-image/hainaauto/880344107/col_d004db7f2c1ab203.webp,https://www.hainaautochina.com/api/vehicle-image/hainaauto/880344107/col_599f27bcb0292f7e.webp,https://www.hainaautochina.com/api/vehicle-image/hainaauto/880344107/col_dcefb6b838010ec9.webp",SUV y todoterrenos > 2026 Boyue REV,2026 Boyue REV,Venezuela,Geely
hainaauto-486120172,Binyue 2024 1.5T 2024 - Importacion desde China a Venezuela,"Geely 2024 · Binyue 2024 1.5T · 6.250 km · grey · 7-speed wet dual-clutch · Disponible en Liaoning. Vehiculo disponible para compradores en Venezuela, con inspeccion, documentos de exportacion y apoyo logistico de HainaAuto. Stock HA-486120172.",in stock,used,9710.96 USD,https://www.hainaautochina.com/vehicles/hainaauto-486120172,https://www.hainaautochina.com/api/vehicle-image/hainaauto/486120172/col_8d48b1b8c381d4d2.webp,Geely,"https://www.hainaautochina.com/api/vehicle-image/hainaauto/486120172/col_fe4353e2dfb6492d.webp,https://www.hainaautochina.com/api/vehicle-image/hainaauto/486120172/col_4692105f7e3291b9.webp,https://www.hainaautochina.com/api/vehicle-image/hainaauto/486120172/col_3277b2eb578615fc.webp",SUV y todoterrenos > Binyue 2024 1.5T,Binyue 2024 1.5T,Venezuela,Geely
hainaauto-552135866,Boyue 2024 1.5TD 2024 - Importacion desde China a Venezuela,"Geely 2024 · Boyue 2024 1.5TD · 6.250 km · blue · 7-speed wet dual-clutch · Disponible en Hunan. Vehiculo disponible para compradores en Venezuela, con inspeccion, documentos de exportacion y apoyo logistico de HainaAuto. Stock HA-552135866.",in stock,used,11504.06 USD,https://www.hainaautochina.com/vehicles/hainaauto-552135866,https://www.hainaautochina.com/api/vehicle-image/hainaauto/552135866/col_0c1b04ac49df635b.webp,Geely,"https://www.hainaautochina.com/api/vehicle-image/hainaauto/552135866/col_1fcc5002e03a5e24.webp,https://www.hainaautochina.com/api/vehicle-image/hainaauto/552135866/col_3e289457f1af7b31.webp,https://www.hainaautochina.com/api/vehicle-image/hainaauto/552135866/col_8d67749b91d20b1a.webp",SUV y todoterrenos > Boyue 2024 1.5TD,Boyue 2024 1.5TD,Venezuela,Geely
hainaauto-195844109,Boyue L 2023 2023 - Importacion desde China a Venezuela,"Geely 2023 · Boyue L 2023 · 15.417 km · White · 7-speed wet dual-clutch · Disponible en Hubei. Vehiculo disponible para compradores en Venezuela, con inspeccion, documentos de exportacion y apoyo logistico de HainaAuto. Stock HA-195844109.",in stock,used,10127.96 USD,https://www.hainaautochina.com/vehicles/hainaauto-195844109,https://www.hainaautochina.com/api/vehicle-image/hainaauto/195844109/col_a782fb3bb47e7a64.webp,Geely,"https://www.hainaautochina.com/api/vehicle-image/hainaauto/195844109/col_5cae14ad48911ec9.webp,https://www.hainaautochina.com/api/vehicle-image/hainaauto/195844109/col_cf43509cfaa70e1b.webp,https://www.hainaautochina.com/api/vehicle-image/hainaauto/195844109/col_eb25747335461539.webp",SUV y todoterrenos > Boyue L 2023,Boyue L 2023,Venezuela,Geely
hainaauto-592534111,Boyue COOL 1.5TD 2023 - Importacion desde China a Venezuela,"Geely 2023 · Boyue COOL 1.5TD · 9.167 km · White · 7-speed wet dual-clutch · Disponible en Guizhou. Vehiculo disponible para compradores en Venezuela, con inspeccion, documentos de exportacion y apoyo logistico de HainaAuto. Stock HA-592534111.",in stock,used,10403.18 USD,https://www.hainaautochina.com/vehicles/hainaauto-592534111,https://www.hainaautochina.com/api/vehicle-image/hainaauto/592534111/col_45eeda5263fde477.webp,Geely,"https://www.hainaautochina.com/api/vehicle-image/hainaauto/592534111/col_c940a94f13161dfe.webp,https://www.hainaautochina.com/api/vehicle-image/hainaauto/592534111/col_5c38e8b3f264d724.webp,https://www.hainaautochina.com/api/vehicle-image/hainaauto/592534111/col_13f948f45c753657.webp",SUV y todoterrenos > Boyue COOL 1.5TD,Boyue COOL 1.5TD,Venezuela,Geely
hainaauto-189352410,Binyue 2023 1.5T 2023 - Importacion desde China a Venezuela,"Geely 2023 · Binyue 2023 1.5T · 2.333 km · red · 7-speed wet dual-clutch · Disponible en Zhejiang. Vehiculo disponible para compradores en Venezuela, con inspeccion, documentos de exportacion y apoyo logistico de HainaAuto. Stock HA-189352410.",in stock,used,10670.06 USD,https://www.hainaautochina.com/vehicles/hainaauto-189352410,https://www.hainaautochina.com/api/vehicle-image/hainaauto/189352410/col_bb8e34757e02bc63.webp,Geely,"https://www.hainaautochina.com/api/vehicle-image/hainaauto/189352410/col_231521e7ac087311.webp,https://www.hainaautochina.com/api/vehicle-image/hainaauto/189352410/col_1d1c4762486fa797.webp,https://www.hainaautochina.com/api/vehicle-image/hainaauto/189352410/col_5ea089ec35bcd8d3.webp",SUV y todoterrenos > Binyue 2023 1.5T,Binyue 2023 1.5T,Venezuela,Geely
hainaauto-23799437,Binyue 2023 Model: 2023 - Importacion desde China a Venezuela,"Geely 2023 · Binyue 2023 Model: · 4.792 km · grey · 7-speed wet dual-clutch · Disponible en Zhejiang. Vehiculo disponible para compradores en Venezuela, con inspeccion, documentos de exportacion y apoyo logistico de HainaAuto. Stock HA-23799437.",in stock,used,12162.92 USD,https://www.hainaautochina.com/vehicles/hainaauto-23799437,https://www.hainaautochina.com/api/vehicle-image/hainaauto/23799437/col_3f6de97aebbf24f6.webp,Geely,"https://www.hainaautochina.com/api/vehicle-image/hainaauto/23799437/col_5ef21d25e016705d.webp,https://www.hainaautochina.com/api/vehicle-image/hainaauto/23799437/col_3ba8cbb4c926279c.webp,https://www.hainaautochina.com/api/vehicle-image/hainaauto/23799437/col_25eeef1f81b32279.webp",SUV y todoterrenos > Binyue 2023 Model:,Binyue 2023 Model:,Venezuela,Geely
hainaauto-712844287,Xingyue L 2023 2023 - Importacion desde China a Venezuela,"Geely 2023 · Xingyue L 2023 · 24.583 km · grey · 8-speed automatic transmission · Disponible en Zhejiang. Vehiculo disponible para compradores en Venezuela, con inspeccion, documentos de exportacion y apoyo logistico de HainaAuto. Stock HA-712844287.",in stock,used,12921.86 USD,https://www.hainaautochina.com/vehicles/hainaauto-712844287,https://www.hainaautochina.com/api/vehicle-image/hainaauto/712844287/col_153493887b0a3379.webp,Geely,"https://www.hainaautochina.com/api/vehicle-image/hainaauto/712844287/col_a4bf949552dfc45d.webp,https://www.hainaautochina.com/api/vehicle-image/hainaauto/712844287/col_684d5e04770fac37.webp,https://www.hainaautochina.com/api/vehicle-image/hainaauto/712844287/col_b7b2f187c154fe19.webp",SUV y todoterrenos > Xingyue L 2023,Xingyue L 2023,Venezuela,Geely
hainaauto-981811315,Xingyue L 2.0TD 2023 - Importacion desde China a Venezuela,"Geely 2023 · Xingyue L 2.0TD · 9.583 km · grey · 8-speed automatic transmission · Disponible en Beijing. Vehiculo disponible para compradores en Venezuela, con inspeccion, documentos de exportacion y apoyo logistico de HainaAuto. Stock HA-981811315.",in stock,used,14006.06 USD,https://www.hainaautochina.com/vehicles/hainaauto-981811315,https://www.hainaautochina.com/api/vehicle-image/hainaauto/981811315/col_f84c62976470fc19.webp,Geely,"https://www.hainaautochina.com/api/vehicle-image/hainaauto/981811315/col_1af4a401852858c6.webp,https://www.hainaautochina.com/api/vehicle-image/hainaauto/981811315/col_7f676d2d0f76c0ee.webp,https://www.hainaautochina.com/api/vehicle-image/hainaauto/981811315/col_62d76de3f67945b2.webp",SUV y todoterrenos > Xingyue L 2.0TD,Xingyue L 2.0TD,Venezuela,Geely
cntransit-995913780,2026 Emgrand—Sedan 1.5 2026 - Importacion desde China a Venezuela,"Geely 2026 · 2026 Emgrand—Sedan 1.5 · 42 km · White · Automatic · Disponible en Shanxi. Vehiculo disponible para compradores en Venezuela, con inspeccion, documentos de exportacion y apoyo logistico de HainaAuto. Stock CN-995913780.",in stock,new,11320.58 USD,https://www.hainaautochina.com/vehicles/cntransit-995913780,https://www.hainaautochina.com/api/vehicle-image/cntransit/995913780/col_412c770de2d0c5e4.jpg,Geely,"https://www.hainaautochina.com/api/vehicle-image/cntransit/995913780/col_cf70275ad798c0b8.jpg,https://www.hainaautochina.com/api/vehicle-image/cntransit/995913780/col_4b215600908bdb62.jpg,https://www.hainaautochina.com/api/vehicle-image/cntransit/995913780/col_73ccb6d291fda133.jpg",Sedanes y hatchbacks > 2026 Emgrand—Sedan 1.5,2026 Emgrand—Sedan 1.5,Venezuela,Geely
cntransit-537714977,2026 Emgrand—Sedan 1.5T 2026 - Importacion desde China a Venezuela,"Geely 2026 · 2026 Emgrand—Sedan 1.5T · 2.083 km · Gray · Automatic · Disponible en Shaanxi. Vehiculo disponible para compradores en Venezuela, con inspeccion, documentos de exportacion y apoyo logistico de HainaAuto. Stock CN-537714977.",in stock,used,11820.98 USD,https://www.hainaautochina.com/vehicles/cntransit-537714977,https://www.hainaautochina.com/api/vehicle-image/cntransit/537714977/col_c604c07281594a19.jpg,Geely,"https://www.hainaautochina.com/api/vehicle-image/cntransit/537714977/col_e1e267a899cf2c14.jpg,https://www.hainaautochina.com/api/vehicle-image/cntransit/537714977/col_706451764cebd9ec.jpg,https://www.hainaautochina.com/api/vehicle-image/cntransit/537714977/col_53807d171caa2495.jpg",Sedanes y hatchbacks > 2026 Emgrand—Sedan 1.5T,2026 Emgrand—Sedan 1.5T,Venezuela,Geely
hainaauto-503014060,2025 Emgrand Sedan 2025 - Importacion desde China a Venezuela,"Geely 2025 · 2025 Emgrand Sedan · 12.083 km · White · Manual · Disponible en Henan. Vehiculo disponible para compradores en Venezuela, con inspeccion, documentos de exportacion y apoyo logistico de HainaAuto. Stock HA-503014060.",in stock,used,9961.16 USD,https://www.hainaautochina.com/vehicles/hainaauto-503014060,https://www.hainaautochina.com/api/vehicle-image/hainaauto/503014060/col_463c7b62fca3767a.webp,Geely,"https://www.hainaautochina.com/api/vehicle-image/hainaauto/503014060/col_488d1e4b5ad7049c.webp,https://www.hainaautochina.com/api/vehicle-image/hainaauto/503014060/col_8d1e1f9ece5fb520.webp,https://www.hainaautochina.com/api/vehicle-image/hainaauto/503014060/col_6e13547b5d04e038.webp",Sedanes y hatchbacks > 2025 Emgrand Sedan,2025 Emgrand Sedan,Venezuela,Geely
hainaauto-323713924,2026 Emgrand Sedan 2026 - Importacion desde China a Venezuela,"Geely 2026 · 2026 Emgrand Sedan · 833 km · White · Manual · Disponible en Shanxi. Vehiculo disponible para compradores en Venezuela, con inspeccion, documentos de exportacion y apoyo logistico de HainaAuto. Stock HA-323713924.",in stock,used,10336.46 USD,https://www.hainaautochina.com/vehicles/hainaauto-323713924,https://www.hainaautochina.com/api/vehicle-image/hainaauto/323713924/col_d23f3f488b40b9b0.webp,Geely,"https://www.hainaautochina.com/api/vehicle-image/hainaauto/323713924/col_812935d702a45e45.webp,https://www.hainaautochina.com/api/vehicle-image/hainaauto/323713924/col_2d9d6e82940dea66.webp,https://www.hainaautochina.com/api/vehicle-image/hainaauto/323713924/col_0240733b78471ed5.webp",Sedanes y hatchbacks > 2026 Emgrand Sedan,2026 Emgrand Sedan,Venezuela,Geely
cntransit-952117945,2025 Emgrand—Sedan 1.5 2025 - Importacion desde China a Venezuela,"Geely 2025 · 2025 Emgrand—Sedan 1.5 · 18.625 km · White · Manual · Disponible en Guangdong. Vehiculo disponible para compradores en Venezuela, con inspeccion, documentos de exportacion y apoyo logistico de HainaAuto. Stock CN-952117945.",in stock,used,10253.06 USD,https://www.hainaautochina.com/vehicles/cntransit-952117945,https://www.hainaautochina.com/api/vehicle-image/cntransit/952117945/col_83839d8c145cb7bb.jpg,Geely,"https://www.hainaautochina.com/api/vehicle-image/cntransit/952117945/col_0ddf92c80c5ed225.jpg,https://www.hainaautochina.com/api/vehicle-image/cntransit/952117945/col_e457312c699f9dd6.jpg,https://www.hainaautochina.com/api/vehicle-image/cntransit/952117945/col_8243cc6e56c06426.jpg",Sedanes y hatchbacks > 2025 Emgrand—Sedan 1.5,2025 Emgrand—Sedan 1.5,Venezuela,Geely
hainaauto-881822461,Emgrand 2025 4th 2025 - Importacion desde China a Venezuela,"Geely 2025 · Emgrand 2025 4th · 4.167 km · White · CVT continuously variable transmission · Disponible en Hunan. Vehiculo disponible para compradores en Venezuela, con inspeccion, documentos de exportacion y apoyo logistico de HainaAuto. Stock HA-881822461.",in stock,used,10569.98 USD,https://www.hainaautochina.com/vehicles/hainaauto-881822461,https://www.hainaautochina.com/api/vehicle-image/hainaauto/881822461/col_ed4089869a849851.webp,Geely,"https://www.hainaautochina.com/api/vehicle-image/hainaauto/881822461/col_63aa30c89f3f487b.webp,https://www.hainaautochina.com/api/vehicle-image/hainaauto/881822461/col_b8cdac7cb66d5f24.webp,https://www.hainaautochina.com/api/vehicle-image/hainaauto/881822461/col_05871c3fb5c41358.webp",Sedanes y hatchbacks > Emgrand 2025 4th,Emgrand 2025 4th,Venezuela,Geely
hainaauto-413134241,Emgrand L HiP 2024 - Importacion desde China a Venezuela,"Geely 2024 · Emgrand L HiP · 20.833 km · grey · 3-speed DHT · Disponible en Guangdong. Vehiculo disponible para compradores en Venezuela, con inspeccion, documentos de exportacion y apoyo logistico de HainaAuto. Stock HA-413134241.",in stock,used,9819.38 USD,https://www.hainaautochina.com/vehicles/hainaauto-413134241,https://www.hainaautochina.com/api/vehicle-image/hainaauto/413134241/col_adeb782c328a42cd.webp,Geely,"https://www.hainaautochina.com/api/vehicle-image/hainaauto/413134241/col_ff5cdb3bd0f08dc3.webp,https://www.hainaautochina.com/api/vehicle-image/hainaauto/413134241/col_d961adce829d2510.webp,https://www.hainaautochina.com/api/vehicle-image/hainaauto/413134241/col_a58cb9ed330f4cee.webp",Sedanes y hatchbacks > Emgrand L HiP,Emgrand L HiP,Venezuela,Geely
hainaauto-059719299,Emgrand 2023 4th 2023 - Importacion desde China a Venezuela,"Geely 2023 · Emgrand 2023 4th · 10.750 km · White · CVT continuously variable transmission · Disponible en Shanghai. Vehiculo disponible para compradores en Venezuela, con inspeccion, documentos de exportacion y apoyo logistico de HainaAuto. Stock HA-059719299.",in stock,used,9652.58 USD,https://www.hainaautochina.com/vehicles/hainaauto-059719299,https://www.hainaautochina.com/api/vehicle-image/hainaauto/059719299/col_2903db424d08171b.webp,Geely,"https://www.hainaautochina.com/api/vehicle-image/hainaauto/059719299/col_aeafe0b54750d457.webp,https://www.hainaautochina.com/api/vehicle-image/hainaauto/059719299/col_efd066cb7f2a9275.webp,https://www.hainaautochina.com/api/vehicle-image/hainaauto/059719299/col_080178e0c206a7c0.webp",Sedanes y hatchbacks > Emgrand 2023 4th,Emgrand 2023 4th,Venezuela,Geely
cntransit-332013874,2023 Emgrand Sedan 2023 - Importacion desde China a Venezuela,"Geely 2023 · 2023 Emgrand Sedan · 2.708 km · White · Manual · Disponible en Zhejiang. Vehiculo disponible para compradores en Venezuela, con inspeccion, documentos de exportacion y apoyo logistico de HainaAuto. Stock CN-332013874.",in stock,used,9502.46 USD,https://www.hainaautochina.com/vehicles/cntransit-332013874,https://www.hainaautochina.com/api/vehicle-image/cntransit/332013874/col_ae9c531a493cc304.jpg,Geely,"https://www.hainaautochina.com/api/vehicle-image/cntransit/332013874/col_c120bf24bf2ae656.jpg,https://www.hainaautochina.com/api/vehicle-image/cntransit/332013874/col_a835b640466b1fe0.jpg,https://www.hainaautochina.com/api/vehicle-image/cntransit/332013874/col_5635cd524a9b15bf.jpg",Sedanes y hatchbacks > 2023 Emgrand Sedan,2023 Emgrand Sedan,Venezuela,Geely
hainaauto-210234428,2026 X70 PLUS 2026 - Importacion desde China a Venezuela,"Jetour 2026 · 2026 X70 PLUS · 417 km · black · automatic · Disponible en Liaoning. Vehiculo disponible para compradores en Venezuela, con inspeccion, documentos de exportacion y apoyo logistico de HainaAuto. Stock HA-210234428.",in stock,used,13922.66 USD,https://www.hainaautochina.com/vehicles/hainaauto-210234428,https://www.hainaautochina.com/api/vehicle-image/hainaauto/210234428/col_662b8754104038a2.webp,Jetour,"https://www.hainaautochina.com/api/vehicle-image/hainaauto/210234428/col_5c0f33032995f550.webp,https://www.hainaautochina.com/api/vehicle-image/hainaauto/210234428/col_9b81ff517b6ec6eb.webp,https://www.hainaautochina.com/api/vehicle-image/hainaauto/210234428/col_be8e53705ff0919f.webp",SUV y todoterrenos > 2026 X70 PLUS,2026 X70 PLUS,Venezuela,Jetour
hainaauto-063017930,2026 Traveler 2.0TD 2026 - Importacion desde China a Venezuela,"Jetour 2026 · 2026 Traveler 2.0TD · 2.500 km · black · automatic · Disponible en Henan. Vehiculo disponible para compradores en Venezuela, con inspeccion, documentos de exportacion y apoyo logistico de HainaAuto. Stock HA-063017930.",in stock,used,18009.26 USD,https://www.hainaautochina.com/vehicles/hainaauto-063017930,https://www.hainaautochina.com/api/vehicle-image/hainaauto/063017930/col_276afee4650f0dfc.webp,Jetour,"https://www.hainaautochina.com/api/vehicle-image/hainaauto/063017930/col_7ffe6a2be4516c76.webp,https://www.hainaautochina.com/api/vehicle-image/hainaauto/063017930/col_15844288134b90b0.webp,https://www.hainaautochina.com/api/vehicle-image/hainaauto/063017930/col_487fec9fba934c39.webp",SUV y todoterrenos > 2026 Traveler 2.0TD,2026 Traveler 2.0TD,Venezuela,Jetour
hainaauto-125420584,2025 X70 PLUS 2025 - Importacion desde China a Venezuela,"Jetour 2025 · 2025 X70 PLUS · 333 km · White · automatic · Disponible en Liaoning. Vehiculo disponible para compradores en Venezuela, con inspeccion, documentos de exportacion y apoyo logistico de HainaAuto. Stock HA-125420584.",in stock,used,12738.38 USD,https://www.hainaautochina.com/vehicles/hainaauto-125420584,https://www.hainaautochina.com/api/vehicle-image/hainaauto/125420584/col_39d54519fa0ff63a.webp,Jetour,"https://www.hainaautochina.com/api/vehicle-image/hainaauto/125420584/col_b6d0e466945a62f1.webp,https://www.hainaautochina.com/api/vehicle-image/hainaauto/125420584/col_7987caee74e7d07f.webp,https://www.hainaautochina.com/api/vehicle-image/hainaauto/125420584/col_ff826a90af6f5c07.webp",SUV y todoterrenos > 2025 X70 PLUS,2025 X70 PLUS,Venezuela,Jetour
hainaauto-098931811,2025 X90 PLUS 2025 - Importacion desde China a Venezuela,"Jetour 2025 · 2025 X90 PLUS · 1.333 km · White · automatic · Disponible en Liaoning. Vehiculo disponible para compradores en Venezuela, con inspeccion, documentos de exportacion y apoyo logistico de HainaAuto. Stock HA-098931811.",in stock,used,12488.18 USD,https://www.hainaautochina.com/vehicles/hainaauto-098931811,https://www.hainaautochina.com/api/vehicle-image/hainaauto/098931811/col_1409ce23b374f05d.webp,Jetour,"https://www.hainaautochina.com/api/vehicle-image/hainaauto/098931811/col_4bbaea18ba683bb4.webp,https://www.hainaautochina.com/api/vehicle-image/hainaauto/098931811/col_4ddb03c2228fae56.webp,https://www.hainaautochina.com/api/vehicle-image/hainaauto/098931811/col_c5668781c03d6835.webp",SUV y todoterrenos > 2025 X90 PLUS,2025 X90 PLUS,Venezuela,Jetour
hainaauto-427920252,X70 PLUS 2025 2025 - Importacion desde China a Venezuela,"Jetour 2025 · X70 PLUS 2025 · 4.167 km · black · 6-speed wet dual-clutch · Disponible en Shanxi. Vehiculo disponible para compradores en Venezuela, con inspeccion, documentos de exportacion y apoyo logistico de HainaAuto. Stock HA-427920252.",in stock,used,13989.38 USD,https://www.hainaautochina.com/vehicles/hainaauto-427920252,https://www.hainaautochina.com/api/vehicle-image/hainaauto/427920252/col_742980cbf1e6b835.webp,Jetour,"https://www.hainaautochina.com/api/vehicle-image/hainaauto/427920252/col_45e7d2affd5a4696.webp,https://www.hainaautochina.com/api/vehicle-image/hainaauto/427920252/col_e261c7b8830fe1dd.webp,https://www.hainaautochina.com/api/vehicle-image/hainaauto/427920252/col_53cd51e7b3a9ed79.webp",SUV y todoterrenos > X70 PLUS 2025,X70 PLUS 2025,Venezuela,Jetour
hainaauto-560221278,2025 X70L 1.5TD 2025 - Importacion desde China a Venezuela,"Jetour 2025 · 2025 X70L 1.5TD · 458 km · green · automatic · Disponible en Sichuan. Vehiculo disponible para compradores en Venezuela, con inspeccion, documentos de exportacion y apoyo logistico de HainaAuto. Stock HA-560221278.",in stock,used,16407.98 USD,https://www.hainaautochina.com/vehicles/hainaauto-560221278,https://www.hainaautochina.com/api/vehicle-image/hainaauto/560221278/col_1899bcc14c0dbd36.webp,Jetour,"https://www.hainaautochina.com/api/vehicle-image/hainaauto/560221278/col_d65b85b6c53245d7.webp,https://www.hainaautochina.com/api/vehicle-image/hainaauto/560221278/col_efc9b5f1c02c36f6.webp,https://www.hainaautochina.com/api/vehicle-image/hainaauto/560221278/col_9d3621dbe48cb7cc.webp",SUV y todoterrenos > 2025 X70L 1.5TD,2025 X70L 1.5TD,Venezuela,Jetour
hainaauto-786223437,2025 Traveler 2.0TD 2025 - Importacion desde China a Venezuela,"Jetour 2025 · 2025 Traveler 2.0TD · 292 km · black · automatic · Disponible en Guangdong. Vehiculo disponible para compradores en Venezuela, con inspeccion, documentos de exportacion y apoyo logistico de HainaAuto. Stock HA-786223437.",in stock,used,19577.18 USD,https://www.hainaautochina.com/vehicles/hainaauto-786223437,https://www.hainaautochina.com/api/vehicle-image/hainaauto/786223437/col_6451dd76b9924c5b.webp,Jetour,"https://www.hainaautochina.com/api/vehicle-image/hainaauto/786223437/col_83a6aae94ffd5c2d.webp,https://www.hainaautochina.com/api/vehicle-image/hainaauto/786223437/col_12007fb95e0e4ad8.webp,https://www.hainaautochina.com/api/vehicle-image/hainaauto/786223437/col_fc9e318b13069aaf.webp",SUV y todoterrenos > 2025 Traveler 2.0TD,2025 Traveler 2.0TD,Venezuela,Jetour
hainaauto-739348488,X70 PLUS 2024 2024 - Importacion desde China a Venezuela,"Jetour 2024 · X70 PLUS 2024 · 14.583 km · black · 6-speed wet dual-clutch · Disponible en Anhui. Vehiculo disponible para compradores en Venezuela, con inspeccion, documentos de exportacion y apoyo logistico de HainaAuto. Stock HA-739348488.",in stock,used,11253.86 USD,https://www.hainaautochina.com/vehicles/hainaauto-739348488,https://www.hainaautochina.com/api/vehicle-image/hainaauto/739348488/col_c8e26f3011b3af1d.webp,Jetour,"https://www.hainaautochina.com/api/vehicle-image/hainaauto/739348488/col_7f3ac362cb174afb.webp,https://www.hainaautochina.com/api/vehicle-image/hainaauto/739348488/col_967087a6fea32c4a.webp,https://www.hainaautochina.com/api/vehicle-image/hainaauto/739348488/col_e083f773cce79232.webp",SUV y todoterrenos > X70 PLUS 2024,X70 PLUS 2024,Venezuela,Jetour
hainaauto-828233269,2024 Traveler 2.0T 2024 - Importacion desde China a Venezuela,"Jetour 2024 · 2024 Traveler 2.0T · 14.583 km · silver · automatic · Disponible en Shanghai. Vehiculo disponible para compradores en Venezuela, con inspeccion, documentos de exportacion y apoyo logistico de HainaAuto. Stock HA-828233269.",in stock,used,15257.06 USD,https://www.hainaautochina.com/vehicles/hainaauto-828233269,https://www.hainaautochina.com/api/vehicle-image/hainaauto/828233269/col_98c775e6b80ff021.webp,Jetour,"https://www.hainaautochina.com/api/vehicle-image/hainaauto/828233269/col_fbdbe5ed22999588.webp,https://www.hainaautochina.com/api/vehicle-image/hainaauto/828233269/col_cdefb105ed0fa80a.webp,https://www.hainaautochina.com/api/vehicle-image/hainaauto/828233269/col_6a212789c3d6cf65.webp",SUV y todoterrenos > 2024 Traveler 2.0T,2024 Traveler 2.0T,Venezuela,Jetour
hainaauto-056621188,Traveler 2024 2.0T 2024 - Importacion desde China a Venezuela,"Jetour 2024 · Traveler 2024 2.0T · 12.917 km · grey · 7-speed wet dual-clutch · Disponible en Anhui. Vehiculo disponible para compradores en Venezuela, con inspeccion, documentos de exportacion y apoyo logistico de HainaAuto. Stock HA-056621188.",in stock,used,17175.26 USD,https://www.hainaautochina.com/vehicles/hainaauto-056621188,https://www.hainaautochina.com/api/vehicle-image/hainaauto/056621188/col_99331af0f0ee5a5a.webp,Jetour,"https://www.hainaautochina.com/api/vehicle-image/hainaauto/056621188/col_fc0585bc406c4058.webp,https://www.hainaautochina.com/api/vehicle-image/hainaauto/056621188/col_d0c0cf9efab333c9.webp,https://www.hainaautochina.com/api/vehicle-image/hainaauto/056621188/col_2218e92abfdc6339.webp",SUV y todoterrenos > Traveler 2024 2.0T,Traveler 2024 2.0T,Venezuela,Jetour
hainaauto-615326135,Traveler 2023 1.5T 2023 - Importacion desde China a Venezuela,"Jetour 2023 · Traveler 2023 1.5T · 6.250 km · black · 7-speed wet dual-clutch · Disponible en Guizhou. Vehiculo disponible para compradores en Venezuela, con inspeccion, documentos de exportacion y apoyo logistico de HainaAuto. Stock HA-615326135.",in stock,used,14673.26 USD,https://www.hainaautochina.com/vehicles/hainaauto-615326135,https://www.hainaautochina.com/api/vehicle-image/hainaauto/615326135/col_e6d400d1e118149e.webp,Jetour,"https://www.hainaautochina.com/api/vehicle-image/hainaauto/615326135/col_045226080c35492a.webp,https://www.hainaautochina.com/api/vehicle-image/hainaauto/615326135/col_3544b12279aadbf7.webp,https://www.hainaautochina.com/api/vehicle-image/hainaauto/615326135/col_e70a2405041b5329.webp",SUV y todoterrenos > Traveler 2023 1.5T,Traveler 2023 1.5T,Venezuela,Jetour
cntransit-800211127,X70 PRO 1.5T 2023 - Importacion desde China a Venezuela,"Jetour 2023 · X70 PRO 1.5T · 25.417 km · Black · 6-speed wet dual-clutch transmission · Disponible en Yunnan. Vehiculo disponible para compradores en Venezuela, con inspeccion, documentos de exportacion y apoyo logistico de HainaAuto. Stock CN-800211127.",in stock,used,11570.78 USD,https://www.hainaautochina.com/vehicles/cntransit-800211127,https://www.hainaautochina.com/api/vehicle-image/cntransit/800211127/col_d0e1c3a17f60760a.jpg,Jetour,"https://www.hainaautochina.com/api/vehicle-image/cntransit/800211127/col_0b0f7750249ba2c0.jpg,https://www.hainaautochina.com/api/vehicle-image/cntransit/800211127/col_18218914b2d87f4c.jpg,https://www.hainaautochina.com/api/vehicle-image/cntransit/800211127/col_754a0f37a7145f8d.jpg",SUV y todoterrenos > X70 PRO 1.5T,X70 PRO 1.5T,Venezuela,Jetour
cntransit-559013384,X70 PLUS 1.6T 2023 - Importacion desde China a Venezuela,"Jetour 2023 · X70 PLUS 1.6T · 15.833 km · Black · 7-speed wet dual-clutch transmission · Disponible en Sichuan. Vehiculo disponible para compradores en Venezuela, con inspeccion, documentos de exportacion y apoyo logistico de HainaAuto. Stock CN-559013384.",in stock,used,13155.38 USD,https://www.hainaautochina.com/vehicles/cntransit-559013384,https://www.hainaautochina.com/api/vehicle-image/cntransit/559013384/col_015532d26d08d56a.jpg,Jetour,"https://www.hainaautochina.com/api/vehicle-image/cntransit/559013384/col_462c09a09e825c2e.jpg,https://www.hainaautochina.com/api/vehicle-image/cntransit/559013384/col_1c4b8b5b02f21871.jpg,https://www.hainaautochina.com/api/vehicle-image/cntransit/559013384/col_aa2a00cd58e10b8b.jpg",SUV y todoterrenos > X70 PLUS 1.6T,X70 PLUS 1.6T,Venezuela,Jetour
hainaauto-879242293,Traveler 2023 2.0T 2023 - Importacion desde China a Venezuela,"Jetour 2023 · Traveler 2023 2.0T · 18.750 km · grey · 7-speed wet dual-clutch · Disponible en Gansu. Vehiculo disponible para compradores en Venezuela, con inspeccion, documentos de exportacion y apoyo logistico de HainaAuto. Stock HA-879242293.",in stock,used,15090.26 USD,https://www.hainaautochina.com/vehicles/hainaauto-879242293,https://www.hainaautochina.com/api/vehicle-image/hainaauto/879242293/col_b26bb13e78c33cfa.webp,Jetour,"https://www.hainaautochina.com/api/vehicle-image/hainaauto/879242293/col_0ba7dbe94adfc1fa.webp,https://www.hainaautochina.com/api/vehicle-image/hainaauto/879242293/col_7886d5d7ef847d09.webp,https://www.hainaautochina.com/api/vehicle-image/hainaauto/879242293/col_5b16715da9ca8ae5.webp",SUV y todoterrenos > Traveler 2023 2.0T,Traveler 2023 2.0T,Venezuela,Jetour
hainaauto-392145876,2025 Qashqai Honor 2025 - Importacion desde China a Venezuela,"Nissan 2025 · 2025 Qashqai Honor · 10.000 km · White · automatic · Disponible en Hebei. Vehiculo disponible para compradores en Venezuela, con inspeccion, documentos de exportacion y apoyo logistico de HainaAuto. Stock HA-392145876.",in stock,used,12504.86 USD,https://www.hainaautochina.com/vehicles/hainaauto-392145876,https://www.hainaautochina.com/api/vehicle-image/hainaauto/392145876/col_1eabecd63eba787e.webp,Nissan,"https://www.hainaautochina.com/api/vehicle-image/hainaauto/392145876/col_a7edc5a5713012af.webp,https://www.hainaautochina.com/api/vehicle-image/hainaauto/392145876/col_e0a70a85f11bec64.webp,https://www.hainaautochina.com/api/vehicle-image/hainaauto/392145876/col_4cbc85d663196de7.webp",SUV y todoterrenos > 2025 Qashqai Honor,2025 Qashqai Honor,Venezuela,Nissan
hainaauto-833526738,X-Trail Honor 2.0 2025 - Importacion desde China a Venezuela,"Nissan 2025 · X-Trail Honor 2.0 · 42 km · White · automatic · Disponible en Hubei. Vehiculo disponible para compradores en Venezuela, con inspeccion, documentos de exportacion y apoyo logistico de HainaAuto. Stock HA-833526738.",in stock,new,14673.26 USD,https://www.hainaautochina.com/vehicles/hainaauto-833526738,https://www.hainaautochina.com/api/vehicle-image/hainaauto/833526738/col_bc709fefcb755728.webp,Nissan,"https://www.hainaautochina.com/api/vehicle-image/hainaauto/833526738/col_48d6b40f217b55ee.webp,https://www.hainaautochina.com/api/vehicle-image/hainaauto/833526738/col_d59034dafaff84ac.webp,https://www.hainaautochina.com/api/vehicle-image/hainaauto/833526738/col_787fb85ec28158f2.webp",SUV y todoterrenos > X-Trail Honor 2.0,X-Trail Honor 2.0,Venezuela,Nissan
cntransit-200416268,2025 X-Trail Honor 2025 - Importacion desde China a Venezuela,"Nissan 2025 · 2025 X-Trail Honor · 21.667 km · White · Automatic · Disponible en Zhejiang. Vehiculo disponible para compradores en Venezuela, con inspeccion, documentos de exportacion y apoyo logistico de HainaAuto. Stock CN-200416268.",in stock,used,12571.58 USD,https://www.hainaautochina.com/vehicles/cntransit-200416268,https://www.hainaautochina.com/api/vehicle-image/cntransit/200416268/col_2661843430f13e42.jpg,Nissan,"https://www.hainaautochina.com/api/vehicle-image/cntransit/200416268/col_60754493cfded726.jpg,https://www.hainaautochina.com/api/vehicle-image/cntransit/200416268/col_6ca847dc7c1b2346.jpg,https://www.hainaautochina.com/api/vehicle-image/cntransit/200416268/col_ff5dddf35f5b1150.jpg",SUV y todoterrenos > 2025 X-Trail Honor,2025 X-Trail Honor,Venezuela,Nissan
hainaauto-344612946,X-Trail 2.0T 380 2024 - Importacion desde China a Venezuela,"Nissan 2024 · X-Trail 2.0T 380 · 9.167 km · black · automatic · Disponible en Jiangsu. Vehiculo disponible para compradores en Venezuela, con inspeccion, documentos de exportacion y apoyo logistico de HainaAuto. Stock HA-344612946.",in stock,used,19844.06 USD,https://www.hainaautochina.com/vehicles/hainaauto-344612946,https://www.hainaautochina.com/api/vehicle-image/hainaauto/344612946/col_9ee1f3328141a60e.webp,Nissan,"https://www.hainaautochina.com/api/vehicle-image/hainaauto/344612946/col_f2bb0dd970174943.webp,https://www.hainaautochina.com/api/vehicle-image/hainaauto/344612946/col_643a1bbd5679b20a.webp,https://www.hainaautochina.com/api/vehicle-image/hainaauto/344612946/col_1b4c0a03dbece22f.webp",SUV y todoterrenos > X-Trail 2.0T 380,X-Trail 2.0T 380,Venezuela,Nissan
hainaauto-04239866,Kicks 2023 Sport 2023 - Importacion desde China a Venezuela,"Nissan 2023 · Kicks 2023 Sport · 8.333 km · White · CVT continuously variable transmission (simulating 6 gears) · Disponible en Shanxi. Vehiculo disponible para compradores en Venezuela, con inspeccion, documentos de exportacion y apoyo logistico de HainaAuto. Stock HA-04239866.",in stock,used,10319.78 USD,https://www.hainaautochina.com/vehicles/hainaauto-04239866,https://www.hainaautochina.com/api/vehicle-image/hainaauto/04239866/col_9afb7bc678bb335f.webp,Nissan,"https://www.hainaautochina.com/api/vehicle-image/hainaauto/04239866/col_c3609f0df457e4b2.webp,https://www.hainaautochina.com/api/vehicle-image/hainaauto/04239866/col_87698e0c7077e244.webp,https://www.hainaautochina.com/api/vehicle-image/hainaauto/04239866/col_303f92fb9dbd9401.webp",SUV y todoterrenos > Kicks 2023 Sport,Kicks 2023 Sport,Venezuela,Nissan
hainaauto-279920398,Qashqai 2023 Classic 2023 - Importacion desde China a Venezuela,"Nissan 2023 · Qashqai 2023 Classic · 4.167 km · White · CVT continuously variable transmission (simulating 7 gears) · Disponible en Hunan. Vehiculo disponible para compradores en Venezuela, con inspeccion, documentos de exportacion y apoyo logistico de HainaAuto. Stock HA-279920398.",in stock,used,11320.58 USD,https://www.hainaautochina.com/vehicles/hainaauto-279920398,https://www.hainaautochina.com/api/vehicle-image/hainaauto/279920398/col_a39cb6dc1c5cf956.webp,Nissan,"https://www.hainaautochina.com/api/vehicle-image/hainaauto/279920398/col_bba54ebcebbc27e3.webp,https://www.hainaautochina.com/api/vehicle-image/hainaauto/279920398/col_4b39aa00f74d5a90.webp,https://www.hainaautochina.com/api/vehicle-image/hainaauto/279920398/col_88bb4fcc29b8ca44.webp",SUV y todoterrenos > Qashqai 2023 Classic,Qashqai 2023 Classic,Venezuela,Nissan
hainaauto-102227132,X-Trail 2023 Classic 2023 - Importacion desde China a Venezuela,"Nissan 2023 · X-Trail 2023 Classic · 33.333 km · black · CVT continuously variable transmission (simulating 7 gears) · Disponible en Hainan. Vehiculo disponible para compradores en Venezuela, con inspeccion, documentos de exportacion y apoyo logistico de HainaAuto. Stock HA-102227132.",in stock,used,12237.98 USD,https://www.hainaautochina.com/vehicles/hainaauto-102227132,https://www.hainaautochina.com/api/vehicle-image/hainaauto/102227132/col_8046d09f16e46c3b.webp,Nissan,"https://www.hainaautochina.com/api/vehicle-image/hainaauto/102227132/col_00b734abde565be7.webp,https://www.hainaautochina.com/api/vehicle-image/hainaauto/102227132/col_8c7c403d894ff59c.webp,https://www.hainaautochina.com/api/vehicle-image/hainaauto/102227132/col_29272bd190f67092.webp",SUV y todoterrenos > X-Trail 2023 Classic,X-Trail 2023 Classic,Venezuela,Nissan
cntransit-111315985,X-Trail Classic 2.0L 2023 - Importacion desde China a Venezuela,"Nissan 2023 · X-Trail Classic 2.0L · 2.417 km · Gray · CVT (Continuously Variable Transmission; 7-speed simulated) · Disponible en Sichuan. Vehiculo disponible para compradores en Venezuela, con inspeccion, documentos de exportacion y apoyo logistico de HainaAuto. Stock CN-111315985.",in stock,used,14339.66 USD,https://www.hainaautochina.com/vehicles/cntransit-111315985,https://www.hainaautochina.com/api/vehicle-image/cntransit/111315985/col_3bdbb521336f0320.jpg,Nissan,"https://www.hainaautochina.com/api/vehicle-image/cntransit/111315985/col_b3d2f07d2944b8ac.jpg,https://www.hainaautochina.com/api/vehicle-image/cntransit/111315985/col_d0ba2b21a2bf0d00.jpg,https://www.hainaautochina.com/api/vehicle-image/cntransit/111315985/col_0db249798d57daa1.jpg",SUV y todoterrenos > X-Trail Classic 2.0L,X-Trail Classic 2.0L,Venezuela,Nissan
hainaauto-526440970,X-Trail 2023 e-POWER 2023 - Importacion desde China a Venezuela,"Nissan 2023 · X-Trail 2023 e-POWER · 25.000 km · gold · Electric vehicle single-speed gearbox · Disponible en Shanghai. Vehiculo disponible para compradores en Venezuela, con inspeccion, documentos de exportacion y apoyo logistico de HainaAuto. Stock HA-526440970.",in stock,used,14322.98 USD,https://www.hainaautochina.com/vehicles/hainaauto-526440970,https://www.hainaautochina.com/api/vehicle-image/hainaauto/526440970/col_507e3d166245b326.webp,Nissan,"https://www.hainaautochina.com/api/vehicle-image/hainaauto/526440970/col_6493490c6db467ec.webp,https://www.hainaautochina.com/api/vehicle-image/hainaauto/526440970/col_4e459e45a36c08e0.webp,https://www.hainaautochina.com/api/vehicle-image/hainaauto/526440970/col_6fb8c638ac0ecd00.webp",SUV y todoterrenos > X-Trail 2023 e-POWER,X-Trail 2023 e-POWER,Venezuela,Nissan
hainaauto-608815258,Kicks 2023 Sporty 2023 - Importacion desde China a Venezuela,"Nissan 2023 · Kicks 2023 Sporty · 8.750 km · White · CVT continuously variable transmission (simulating 6 gears) · Disponible en Sichuan. Vehiculo disponible para compradores en Venezuela, con inspeccion, documentos de exportacion y apoyo logistico de HainaAuto. Stock HA-608815258.",in stock,used,14573.18 USD,https://www.hainaautochina.com/vehicles/hainaauto-608815258,https://www.hainaautochina.com/api/vehicle-image/hainaauto/608815258/col_0bbdfee611c301ec.webp,Nissan,"https://www.hainaautochina.com/api/vehicle-image/hainaauto/608815258/col_2626deb002b59d4e.webp,https://www.hainaautochina.com/api/vehicle-image/hainaauto/608815258/col_d5127129f854a3c1.webp,https://www.hainaautochina.com/api/vehicle-image/hainaauto/608815258/col_42c97e8b8248c6c4.webp",SUV y todoterrenos > Kicks 2023 Sporty,Kicks 2023 Sporty,Venezuela,Nissan
cntransit-87887496,X-Trail e-POWER Super 2023 - Importacion desde China a Venezuela,"Nissan 2023 · X-Trail e-POWER Super · 13.333 km · gold · Single-speed transmission for electric vehicles · Disponible en Sichuan. Vehiculo disponible para compradores en Venezuela, con inspeccion, documentos de exportacion y apoyo logistico de HainaAuto. Stock CN-87887496.",in stock,used,15223.70 USD,https://www.hainaautochina.com/vehicles/cntransit-87887496,https://www.hainaautochina.com/api/vehicle-image/cntransit/87887496/col_66c74047753be140.jpg,Nissan,"https://www.hainaautochina.com/api/vehicle-image/cntransit/87887496/col_5151d500158b5081.jpg,https://www.hainaautochina.com/api/vehicle-image/cntransit/87887496/col_a266d915a1067a2d.jpg,https://www.hainaautochina.com/api/vehicle-image/cntransit/87887496/col_146d8c41b12d994e.jpg",SUV y todoterrenos > X-Trail e-POWER Super,X-Trail e-POWER Super,Venezuela,Nissan
hainaauto-258145021,X-Trail e-POWER 1.5 2023 - Importacion desde China a Venezuela,"Nissan 2023 · X-Trail e-POWER 1.5 · 20.833 km · White · automatic · Disponible en Inner Mongolia. Vehiculo disponible para compradores en Venezuela, con inspeccion, documentos de exportacion y apoyo logistico de HainaAuto. Stock HA-258145021.",in stock,used,16341.26 USD,https://www.hainaautochina.com/vehicles/hainaauto-258145021,https://www.hainaautochina.com/api/vehicle-image/hainaauto/258145021/col_9fe265149798bcc9.webp,Nissan,"https://www.hainaautochina.com/api/vehicle-image/hainaauto/258145021/col_98f9789aa1ca2593.webp,https://www.hainaautochina.com/api/vehicle-image/hainaauto/258145021/col_93b2ff034f687cf4.webp,https://www.hainaautochina.com/api/vehicle-image/hainaauto/258145021/col_cb22c9d7a55c2e04.webp",SUV y todoterrenos > X-Trail e-POWER 1.5,X-Trail e-POWER 1.5,Venezuela,Nissan
hainaauto-869551243,Qashqai 2023 1.3T 2023 - Importacion desde China a Venezuela,"Nissan 2023 · Qashqai 2023 1.3T · 7.917 km · blue · CVT continuously variable transmission · Disponible en Yunnan. Vehiculo disponible para compradores en Venezuela, con inspeccion, documentos de exportacion y apoyo logistico de HainaAuto. Stock HA-869551243.",in stock,used,16224.50 USD,https://www.hainaautochina.com/vehicles/hainaauto-869551243,https://www.hainaautochina.com/api/vehicle-image/hainaauto/869551243/col_faea9fd74f5db858.webp,Nissan,"https://www.hainaautochina.com/api/vehicle-image/hainaauto/869551243/col_304da78d5141b1d2.webp,https://www.hainaautochina.com/api/vehicle-image/hainaauto/869551243/col_f48faafeff42062d.webp,https://www.hainaautochina.com/api/vehicle-image/hainaauto/869551243/col_e4b497348c8d842c.webp",SUV y todoterrenos > Qashqai 2023 1.3T,Qashqai 2023 1.3T,Venezuela,Nissan
hainaauto-768510843,X-Trail e-POWER Hybrid 2023 - Importacion desde China a Venezuela,"Nissan 2023 · X-Trail e-POWER Hybrid · 16.667 km · grey · Electric vehicle single-speed gearbox · Disponible en Shanxi. Vehiculo disponible para compradores en Venezuela, con inspeccion, documentos de exportacion y apoyo logistico de HainaAuto. Stock HA-768510843.",in stock,used,18159.38 USD,https://www.hainaautochina.com/vehicles/hainaauto-768510843,https://www.hainaautochina.com/api/vehicle-image/hainaauto/768510843/col_aad00845081c2b54.webp,Nissan,"https://www.hainaautochina.com/api/vehicle-image/hainaauto/768510843/col_2970a234f2848d74.webp,https://www.hainaautochina.com/api/vehicle-image/hainaauto/768510843/col_dfb482d353563990.webp,https://www.hainaautochina.com/api/vehicle-image/hainaauto/768510843/col_b210074d719338eb.webp",SUV y todoterrenos > X-Trail e-POWER Hybrid,X-Trail e-POWER Hybrid,Venezuela,Nissan
hainaauto-215710838,X-Trail 2023 1.3T 2023 - Importacion desde China a Venezuela,"Nissan 2023 · X-Trail 2023 1.3T · 5.833 km · White · CVT continuously variable transmission · Disponible en Liaoning. Vehiculo disponible para compradores en Venezuela, con inspeccion, documentos de exportacion y apoyo logistico de HainaAuto. Stock HA-215710838.",in stock,used,17175.26 USD,https://www.hainaautochina.com/vehicles/hainaauto-215710838,https://www.hainaautochina.com/api/vehicle-image/hainaauto/215710838/col_5046f207008b0efa.webp,Nissan,"https://www.hainaautochina.com/api/vehicle-image/hainaauto/215710838/col_9c7692e2125e69a1.webp,https://www.hainaautochina.com/api/vehicle-image/hainaauto/215710838/col_ba32395eb6a79a6e.webp,https://www.hainaautochina.com/api/vehicle-image/hainaauto/215710838/col_9324e7eba906ef76.webp",SUV y todoterrenos > X-Trail 2023 1.3T,X-Trail 2023 1.3T,Venezuela,Nissan
hainaauto-881716784,2026 CR-V 1.5T 2026 - Importacion desde China a Venezuela,"Honda 2026 · 2026 CR-V 1.5T · 42 km · black · automatic · Disponible en Henan. Vehiculo disponible para compradores en Venezuela, con inspeccion, documentos de exportacion y apoyo logistico de HainaAuto. Stock HA-881716784.",in stock,new,17658.98 USD,https://www.hainaautochina.com/vehicles/hainaauto-881716784,https://www.hainaautochina.com/api/vehicle-image/hainaauto/881716784/col_f2ab6ba5aacde2c3.webp,Honda,"https://www.hainaautochina.com/api/vehicle-image/hainaauto/881716784/col_7c049aa2e32e5616.webp,https://www.hainaautochina.com/api/vehicle-image/hainaauto/881716784/col_972ed86a15af7405.webp,https://www.hainaautochina.com/api/vehicle-image/hainaauto/881716784/col_e111a220dac19793.webp",SUV y todoterrenos > 2026 CR-V 1.5T,2026 CR-V 1.5T,Venezuela,Honda
cntransit-49518139,2024 CR-V 1.5T 2024 - Importacion desde China a Venezuela,"Honda 2024 · 2024 CR-V 1.5T · 42 km · Black · Automatic · Disponible en Henan. Vehiculo disponible para compradores en Venezuela, con inspeccion, documentos de exportacion y apoyo logistico de HainaAuto. Stock CN-49518139.",in stock,new,17608.94 USD,https://www.hainaautochina.com/vehicles/cntransit-49518139,https://www.hainaautochina.com/api/vehicle-image/cntransit/49518139/col_8a3ef6f287f0c730.jpg,Honda,"https://www.hainaautochina.com/api/vehicle-image/cntransit/49518139/col_e48279956cdace68.jpg,https://www.hainaautochina.com/api/vehicle-image/cntransit/49518139/col_212f004cdbd3f666.jpg,https://www.hainaautochina.com/api/vehicle-image/cntransit/49518139/col_2240e224f34fe599.jpg",SUV y todoterrenos > 2024 CR-V 1.5T,2024 CR-V 1.5T,Venezuela,Honda
cntransit-92036193,CR-V New Energy 2024 - Importacion desde China a Venezuela,"Honda 2024 · CR-V New Energy · 13.333 km · White · Automatic · Disponible en Guangdong. Vehiculo disponible para compradores en Venezuela, con inspeccion, documentos de exportacion y apoyo logistico de HainaAuto. Stock CN-92036193.",in stock,used,17325.38 USD,https://www.hainaautochina.com/vehicles/cntransit-92036193,https://www.hainaautochina.com/api/vehicle-image/cntransit/92036193/col_995dc7e387b236cd.jpg,Honda,"https://www.hainaautochina.com/api/vehicle-image/cntransit/92036193/col_743b9bf71aaa324b.jpg,https://www.hainaautochina.com/api/vehicle-image/cntransit/92036193/col_3109d33f3b69be35.jpg,https://www.hainaautochina.com/api/vehicle-image/cntransit/92036193/col_603d9a05ec6f7c06.jpg",SUV y todoterrenos > CR-V New Energy,CR-V New Energy,Venezuela,Honda
hainaauto-240217202,CR-V e:HEV 2024 2024 - Importacion desde China a Venezuela,"Honda 2024 · CR-V e:HEV 2024 · 20.833 km · White · automatic · Disponible en Henan. Vehiculo disponible para compradores en Venezuela, con inspeccion, documentos de exportacion y apoyo logistico de HainaAuto. Stock HA-240217202.",in stock,used,17075.18 USD,https://www.hainaautochina.com/vehicles/hainaauto-240217202,https://www.hainaautochina.com/api/vehicle-image/hainaauto/240217202/col_d8fd441cf7bbd643.webp,Honda,"https://www.hainaautochina.com/api/vehicle-image/hainaauto/240217202/col_a2ceb38e5d32b382.webp,https://www.hainaautochina.com/api/vehicle-image/hainaauto/240217202/col_91d076bbee33cd59.webp,https://www.hainaautochina.com/api/vehicle-image/hainaauto/240217202/col_84e939bff08b95a2.webp",SUV y todoterrenos > CR-V e:HEV 2024,CR-V e:HEV 2024,Venezuela,Honda
cntransit-566417124,2023 CR-V 1.5T 2023 - Importacion desde China a Venezuela,"Honda 2023 · 2023 CR-V 1.5T · 40.000 km · Black · Automatic · Disponible en Beijing. Vehiculo disponible para compradores en Venezuela, con inspeccion, documentos de exportacion y apoyo logistico de HainaAuto. Stock CN-566417124.",in stock,used,14823.38 USD,https://www.hainaautochina.com/vehicles/cntransit-566417124,https://www.hainaautochina.com/api/vehicle-image/cntransit/566417124/col_53d7c1fcc24ce653.jpg,Honda,"https://www.hainaautochina.com/api/vehicle-image/cntransit/566417124/col_1dc10dca90cf7cc6.jpg,https://www.hainaautochina.com/api/vehicle-image/cntransit/566417124/col_b5e5fad0fbe466eb.jpg,https://www.hainaautochina.com/api/vehicle-image/cntransit/566417124/col_e887b4d06a7e6e87.jpg",SUV y todoterrenos > 2023 CR-V 1.5T,2023 CR-V 1.5T,Venezuela,Honda
cntransit-724617242,CR-V 240TURBO 2WD 2023 - Importacion desde China a Venezuela,"Honda 2023 · CR-V 240TURBO 2WD · 20.000 km · Black · CVT (Continuously Variable Transmission) · Disponible en Zhejiang. Vehiculo disponible para compradores en Venezuela, con inspeccion, documentos de exportacion y apoyo logistico de HainaAuto. Stock CN-724617242.",in stock,used,15590.66 USD,https://www.hainaautochina.com/vehicles/cntransit-724617242,https://www.hainaautochina.com/api/vehicle-image/cntransit/724617242/col_be7a2aeed00576f4.jpg,Honda,"https://www.hainaautochina.com/api/vehicle-image/cntransit/724617242/col_c1603ffe6478b27d.jpg,https://www.hainaautochina.com/api/vehicle-image/cntransit/724617242/col_6f9c72e9ea463426.jpg,https://www.hainaautochina.com/api/vehicle-image/cntransit/724617242/col_32ee307ec76be066.jpg",SUV y todoterrenos > CR-V 240TURBO 2WD,CR-V 240TURBO 2WD,Venezuela,Honda
hainaauto-414214619,CR-V 2023 240TURBO 2023 - Importacion desde China a Venezuela,"Honda 2023 · CR-V 2023 240TURBO · 30.417 km · black · CVT continuously variable transmission · Disponible en Henan. Vehiculo disponible para compradores en Venezuela, con inspeccion, documentos de exportacion y apoyo logistico de HainaAuto. Stock HA-414214619.",in stock,used,14573.18 USD,https://www.hainaautochina.com/vehicles/hainaauto-414214619,https://www.hainaautochina.com/api/vehicle-image/hainaauto/414214619/col_ef3272c17ac4fdf2.webp,Honda,"https://www.hainaautochina.com/api/vehicle-image/hainaauto/414214619/col_f5242697d5266cdc.webp,https://www.hainaautochina.com/api/vehicle-image/hainaauto/414214619/col_fdcfe5ac06581020.webp,https://www.hainaautochina.com/api/vehicle-image/hainaauto/414214619/col_0a228ddbcc147312.webp",SUV y todoterrenos > CR-V 2023 240TURBO,CR-V 2023 240TURBO,Venezuela,Honda
cntransit-63909096,CR-V 240TURBO FWD 2023 - Importacion desde China a Venezuela,"Honda 2023 · CR-V 240TURBO FWD · 9.583 km · White · CVT (Continuously Variable Transmission) · Disponible en Hubei. Vehiculo disponible para compradores en Venezuela, con inspeccion, documentos de exportacion y apoyo logistico de HainaAuto. Stock CN-63909096.",in stock,used,15340.46 USD,https://www.hainaautochina.com/vehicles/cntransit-63909096,https://www.hainaautochina.com/api/vehicle-image/cntransit/63909096/col_1f84a76800c091c0.jpg,Honda,"https://www.hainaautochina.com/api/vehicle-image/cntransit/63909096/col_c145ff95b45e133a.jpg,https://www.hainaautochina.com/api/vehicle-image/cntransit/63909096/col_aa1568967ef69210.jpg,https://www.hainaautochina.com/api/vehicle-image/cntransit/63909096/col_797913f91586a825.jpg",SUV y todoterrenos > CR-V 240TURBO FWD,CR-V 240TURBO FWD,Venezuela,Honda
cntransit-34689061,CR-V 240TURBO Front-Wheel 2023 - Importacion desde China a Venezuela,"Honda 2023 · CR-V 240TURBO Front-Wheel · 12.083 km · Black · CVT (Continuously Variable Transmission) · Disponible en Shandong. Vehiculo disponible para compradores en Venezuela, con inspeccion, documentos de exportacion y apoyo logistico de HainaAuto. Stock CN-34689061.",in stock,used,16741.58 USD,https://www.hainaautochina.com/vehicles/cntransit-34689061,https://www.hainaautochina.com/api/vehicle-image/cntransit/34689061/col_b4a4d25cebfcb513.jpg,Honda,"https://www.hainaautochina.com/api/vehicle-image/cntransit/34689061/col_1d564fee8e14da83.jpg,https://www.hainaautochina.com/api/vehicle-image/cntransit/34689061/col_41222f8a8e1f4e8d.jpg,https://www.hainaautochina.com/api/vehicle-image/cntransit/34689061/col_f17002f0620e6407.jpg",SUV y todoterrenos > CR-V 240TURBO Front-Wheel,CR-V 240TURBO Front-Wheel,Venezuela,Honda
hainaauto-689232074,Accord 11th Generation 2025 - Importacion desde China a Venezuela,"Honda 2025 · Accord 11th Generation · 0 km · black · automatic · Disponible en Shandong. Vehiculo disponible para compradores en Venezuela, con inspeccion, documentos de exportacion y apoyo logistico de HainaAuto. Stock HA-689232074.",in stock,new,15990.98 USD,https://www.hainaautochina.com/vehicles/hainaauto-689232074,https://www.hainaautochina.com/api/vehicle-image/hainaauto/689232074/col_597c2d451500beaa.webp,Honda,"https://www.hainaautochina.com/api/vehicle-image/hainaauto/689232074/col_f79b22d0e5b81440.webp,https://www.hainaautochina.com/api/vehicle-image/hainaauto/689232074/col_320078b7ff8f8050.webp,https://www.hainaautochina.com/api/vehicle-image/hainaauto/689232074/col_97b8710b9ab38d79.webp",Sedanes y hatchbacks > Accord 11th Generation,Accord 11th Generation,Venezuela,Honda
cntransit-36298325,2025 11th-Generation Accord 2025 - Importacion desde China a Venezuela,"Honda 2025 · 2025 11th-Generation Accord · 4.167 km · Black · Automatic · Disponible en Fujian. Vehiculo disponible para compradores en Venezuela, con inspeccion, documentos de exportacion y apoyo logistico de HainaAuto. Stock CN-36298325.",in stock,used,13922.66 USD,https://www.hainaautochina.com/vehicles/cntransit-36298325,https://www.hainaautochina.com/api/vehicle-image/cntransit/36298325/col_f8ad006803eafbb6.jpg,Honda,"https://www.hainaautochina.com/api/vehicle-image/cntransit/36298325/col_42cef8301d9dd505.jpg,https://www.hainaautochina.com/api/vehicle-image/cntransit/36298325/col_ea06e1702e77a3f9.jpg,https://www.hainaautochina.com/api/vehicle-image/cntransit/36298325/col_11b561d449567f04.jpg",Sedanes y hatchbacks > 2025 11th-Generation Accord,2025 11th-Generation Accord,Venezuela,Honda
hainaauto-440328771,Civic 1.5T CVT 2025 - Importacion desde China a Venezuela,"Honda 2025 · Civic 1.5T CVT · 5.833 km · White · automatic · Disponible en Guangdong. Vehiculo disponible para compradores en Venezuela, con inspeccion, documentos de exportacion y apoyo logistico de HainaAuto. Stock HA-440328771.",in stock,used,13238.78 USD,https://www.hainaautochina.com/vehicles/hainaauto-440328771,https://www.hainaautochina.com/api/vehicle-image/hainaauto/440328771/col_64f1ea40511f9ba3.webp,Honda,"https://www.hainaautochina.com/api/vehicle-image/hainaauto/440328771/col_ea74284aad41309a.webp,https://www.hainaautochina.com/api/vehicle-image/hainaauto/440328771/col_4c77d0151be61328.webp,https://www.hainaautochina.com/api/vehicle-image/hainaauto/440328771/col_1c6982139e74866f.webp",Sedanes y hatchbacks > Civic 1.5T CVT,Civic 1.5T CVT,Venezuela,Honda
hainaauto-511442316,Civic Hatchback 1.5T 2023 - Importacion desde China a Venezuela,"Honda 2023 · Civic Hatchback 1.5T · 41.667 km · White · automatic · Disponible en Shandong. Vehiculo disponible para compradores en Venezuela, con inspeccion, documentos de exportacion y apoyo logistico de HainaAuto. Stock HA-511442316.",in stock,used,10795.16 USD,https://www.hainaautochina.com/vehicles/hainaauto-511442316,https://www.hainaautochina.com/api/vehicle-image/hainaauto/511442316/col_3d31715d011fff58.webp,Honda,"https://www.hainaautochina.com/api/vehicle-image/hainaauto/511442316/col_484105e87a9c67a7.webp,https://www.hainaautochina.com/api/vehicle-image/hainaauto/511442316/col_b0bb92452f75a0a7.webp,https://www.hainaautochina.com/api/vehicle-image/hainaauto/511442316/col_b39c5f50b1bd1c34.webp",Sedanes y hatchbacks > Civic Hatchback 1.5T,Civic Hatchback 1.5T,Venezuela,Honda
hainaauto-490550786,Civic Hatchback 2.0L 2023 - Importacion desde China a Venezuela,"Honda 2023 · Civic Hatchback 2.0L · 3.750 km · White · E-CVT continuously variable transmission · Disponible en Hubei. Vehiculo disponible para compradores en Venezuela, con inspeccion, documentos de exportacion y apoyo logistico de HainaAuto. Stock HA-490550786.",in stock,used,13589.06 USD,https://www.hainaautochina.com/vehicles/hainaauto-490550786,https://www.hainaautochina.com/api/vehicle-image/hainaauto/490550786/col_2dd1f2ef33ac3404.webp,Honda,"https://www.hainaautochina.com/api/vehicle-image/hainaauto/490550786/col_b1222ad73af20700.webp,https://www.hainaautochina.com/api/vehicle-image/hainaauto/490550786/col_332ead71e4d52ab4.webp,https://www.hainaautochina.com/api/vehicle-image/hainaauto/490550786/col_a1ee1d2c48142c2b.webp",Sedanes y hatchbacks > Civic Hatchback 2.0L,Civic Hatchback 2.0L,Venezuela,Honda
cntransit-738313728,2025 Civic 1.5T 2025 - Importacion desde China a Venezuela,"Honda 2025 · 2025 Civic 1.5T · 5.833 km · Blue · Automatic · Disponible en Guizhou. Vehiculo disponible para compradores en Venezuela, con inspeccion, documentos de exportacion y apoyo logistico de HainaAuto. Stock CN-738313728.",in stock,used,14081.12 USD,https://www.hainaautochina.com/vehicles/cntransit-738313728,https://www.hainaautochina.com/api/vehicle-image/cntransit/738313728/col_25cbd05f8161cf4a.jpg,Honda,"https://www.hainaautochina.com/api/vehicle-image/cntransit/738313728/col_1a62c91ff3c056cf.jpg,https://www.hainaautochina.com/api/vehicle-image/cntransit/738313728/col_68019d68c1a58bb2.jpg,https://www.hainaautochina.com/api/vehicle-image/cntransit/738313728/col_8c62a89662d42642.jpg",Sedanes y hatchbacks > 2025 Civic 1.5T,2025 Civic 1.5T,Venezuela,Honda
cntransit-00048651,2024 Civic 1.5T 2024 - Importacion desde China a Venezuela,"Honda 2024 · 2024 Civic 1.5T · 6.667 km · Purple · Automatic · Disponible en Guangdong. Vehiculo disponible para compradores en Venezuela, con inspeccion, documentos de exportacion y apoyo logistico de HainaAuto. Stock CN-00048651.",in stock,used,13755.86 USD,https://www.hainaautochina.com/vehicles/cntransit-00048651,https://www.hainaautochina.com/api/vehicle-image/cntransit/00048651/col_6a3f931118f9df13.jpg,Honda,"https://www.hainaautochina.com/api/vehicle-image/cntransit/00048651/col_8ee5320ba25a5ebf.jpg,https://www.hainaautochina.com/api/vehicle-image/cntransit/00048651/col_d10bff5d5838b4a3.jpg,https://www.hainaautochina.com/api/vehicle-image/cntransit/00048651/col_38e3a4f1cfd8e67f.jpg",Sedanes y hatchbacks > 2024 Civic 1.5T,2024 Civic 1.5T,Venezuela,Honda
hainaauto-30526172,Civic 240TURBO CVT 2023 - Importacion desde China a Venezuela,"Honda 2023 · Civic 240TURBO CVT · 41.667 km · White · CVT continuously variable transmission · Disponible en Fujian. Vehiculo disponible para compradores en Venezuela, con inspeccion, documentos de exportacion y apoyo logistico de HainaAuto. Stock HA-30526172.",in stock,used,12296.36 USD,https://www.hainaautochina.com/vehicles/hainaauto-30526172,https://www.hainaautochina.com/api/vehicle-image/hainaauto/30526172/col_733d79d59f39b7ad.webp,Honda,"https://www.hainaautochina.com/api/vehicle-image/hainaauto/30526172/col_d6aa43d8fa2f5456.webp,https://www.hainaautochina.com/api/vehicle-image/hainaauto/30526172/col_738171fdd7eaba77.webp,https://www.hainaautochina.com/api/vehicle-image/hainaauto/30526172/col_95937c62fe153d91.webp",Sedanes y hatchbacks > Civic 240TURBO CVT,Civic 240TURBO CVT,Venezuela,Honda
cntransit-927918270,2023 Civic 1.5T 2023 - Importacion desde China a Venezuela,"Honda 2023 · 2023 Civic 1.5T · 8.333 km · White · Automatic · Disponible en Guangdong. Vehiculo disponible para compradores en Venezuela, con inspeccion, documentos de exportacion y apoyo logistico de HainaAuto. Stock CN-927918270.",in stock,used,11070.38 USD,https://www.hainaautochina.com/vehicles/cntransit-927918270,https://www.hainaautochina.com/api/vehicle-image/cntransit/927918270/col_d499f0358a685b75.jpg,Honda,"https://www.hainaautochina.com/api/vehicle-image/cntransit/927918270/col_152a8da9eaba9939.jpg,https://www.hainaautochina.com/api/vehicle-image/cntransit/927918270/col_ae7273fa92e97240.jpg,https://www.hainaautochina.com/api/vehicle-image/cntransit/927918270/col_adb77573bbfc3b04.jpg",Sedanes y hatchbacks > 2023 Civic 1.5T,2023 Civic 1.5T,Venezuela,Honda
cntransit-381616928,2023 Civic Hatchback 2023 - Importacion desde China a Venezuela,"Honda 2023 · 2023 Civic Hatchback · 7.917 km · White · Automatic · Disponible en Guangxi. Vehiculo disponible para compradores en Venezuela, con inspeccion, documentos de exportacion y apoyo logistico de HainaAuto. Stock CN-381616928.",in stock,used,12821.78 USD,https://www.hainaautochina.com/vehicles/cntransit-381616928,https://www.hainaautochina.com/api/vehicle-image/cntransit/381616928/col_ef7a4e462fd0ae7c.jpg,Honda,"https://www.hainaautochina.com/api/vehicle-image/cntransit/381616928/col_2f911a79def735c8.jpg,https://www.hainaautochina.com/api/vehicle-image/cntransit/381616928/col_0136ffc6318bb520.jpg,https://www.hainaautochina.com/api/vehicle-image/cntransit/381616928/col_0a1c04be208a5d71.jpg",Sedanes y hatchbacks > 2023 Civic Hatchback,2023 Civic Hatchback,Venezuela,Honda
hainaauto-446524785,Civic Hatchback 240TURBO 2023 - Importacion desde China a Venezuela,"Honda 2023 · Civic Hatchback 240TURBO · 16.667 km · White · CVT continuously variable transmission · Disponible en Shandong. Vehiculo disponible para compradores en Venezuela, con inspeccion, documentos de exportacion y apoyo logistico de HainaAuto. Stock HA-446524785.",in stock,used,13055.30 USD,https://www.hainaautochina.com/vehicles/hainaauto-446524785,https://www.hainaautochina.com/api/vehicle-image/hainaauto/446524785/col_941f52e57345924a.webp,Honda,"https://www.hainaautochina.com/api/vehicle-image/hainaauto/446524785/col_b64fe2f11f8c835f.webp,https://www.hainaautochina.com/api/vehicle-image/hainaauto/446524785/col_3c2bd4735a09a809.webp,https://www.hainaautochina.com/api/vehicle-image/hainaauto/446524785/col_a0a33d8921e4a8f3.webp",Sedanes y hatchbacks > Civic Hatchback 240TURBO,Civic Hatchback 240TURBO,Venezuela,Honda
hainaauto-224911391,2023 11th-Generation Accord 2023 - Importacion desde China a Venezuela,"Honda 2023 · 2023 11th-Generation Accord · 8.333 km · black · automatic · Disponible en Guangdong. Vehiculo disponible para compradores en Venezuela, con inspeccion, documentos de exportacion y apoyo logistico de HainaAuto. Stock HA-224911391.",in stock,used,13488.98 USD,https://www.hainaautochina.com/vehicles/hainaauto-224911391,https://www.hainaautochina.com/api/vehicle-image/hainaauto/224911391/col_109c7a3760617ac0.webp,Honda,"https://www.hainaautochina.com/api/vehicle-image/hainaauto/224911391/col_e05d5e869015ed48.webp,https://www.hainaautochina.com/api/vehicle-image/hainaauto/224911391/col_c9ae62d4b590e1d3.webp,https://www.hainaautochina.com/api/vehicle-image/hainaauto/224911391/col_50fff30c85fa588e.webp",Sedanes y hatchbacks > 2023 11th-Generation Accord,2023 11th-Generation Accord,Venezuela,Honda
hainaauto-534041171,Accord Hybrid 2.0L 2023 - Importacion desde China a Venezuela,"Honda 2023 · Accord Hybrid 2.0L · 9.417 km · black · E-CVT continuously variable transmission · Disponible en Guangdong. Vehiculo disponible para compradores en Venezuela, con inspeccion, documentos de exportacion y apoyo logistico de HainaAuto. Stock HA-534041171.",in stock,used,16324.58 USD,https://www.hainaautochina.com/vehicles/hainaauto-534041171,https://www.hainaautochina.com/api/vehicle-image/hainaauto/534041171/col_47bb2fc955f272c0.webp,Honda,"https://www.hainaautochina.com/api/vehicle-image/hainaauto/534041171/col_304e3e87900a1818.webp,https://www.hainaautochina.com/api/vehicle-image/hainaauto/534041171/col_bb4bb45619456b91.webp,https://www.hainaautochina.com/api/vehicle-image/hainaauto/534041171/col_9e6dedafd524bd87.webp",Sedanes y hatchbacks > Accord Hybrid 2.0L,Accord Hybrid 2.0L,Venezuela,Honda
cntransit-92732529,Civic (Imported) 2023 2023 - Importacion desde China a Venezuela,"Honda 2023 · Civic (Imported) 2023 · 2.083 km · White · Manual · Disponible en Zhejiang. Vehiculo disponible para compradores en Venezuela, con inspeccion, documentos de exportacion y apoyo logistico de HainaAuto. Stock CN-92732529.",in stock,used,31603.46 USD,https://www.hainaautochina.com/vehicles/cntransit-92732529,https://www.hainaautochina.com/api/vehicle-image/cntransit/92732529/col_f0464d23bb64cd9b.jpg,Honda,"https://www.hainaautochina.com/api/vehicle-image/cntransit/92732529/col_f428a908c69dfd92.jpg,https://www.hainaautochina.com/api/vehicle-image/cntransit/92732529/col_7786a710b4b241e8.jpg,https://www.hainaautochina.com/api/vehicle-image/cntransit/92732529/col_7f39268d7b730957.jpg",Sedanes y hatchbacks > Civic (Imported) 2023,Civic (Imported) 2023,Venezuela,Honda
hainaauto-894843060,Civic (Imported) Type 2023 - Importacion desde China a Venezuela,"Honda 2023 · Civic (Imported) Type · 5.833 km · grey · Manual · Disponible en Hubei. Vehiculo disponible para compradores en Venezuela, con inspeccion, documentos de exportacion y apoyo logistico de HainaAuto. Stock HA-894843060.",in stock,used,31353.26 USD,https://www.hainaautochina.com/vehicles/hainaauto-894843060,https://www.hainaautochina.com/api/vehicle-image/hainaauto/894843060/col_3751c06f0e907884.webp,Honda,"https://www.hainaautochina.com/api/vehicle-image/hainaauto/894843060/col_f50c24be3011cbc1.webp,https://www.hainaautochina.com/api/vehicle-image/hainaauto/894843060/col_799c9d00fc8f839d.webp,https://www.hainaautochina.com/api/vehicle-image/hainaauto/894843060/col_20f6c04b92476548.webp",Sedanes y hatchbacks > Civic (Imported) Type,Civic (Imported) Type,Venezuela,Honda
cntransit-97629737,T8 T8 2.3T 2024 - Importacion desde China a Venezuela,"Transit 2024 · T8 T8 2.3T · 12.083 km · Black · 8-speed automatic · Disponible en Guangdong. Vehiculo disponible para compradores en Venezuela, con inspeccion, documentos de exportacion y apoyo logistico de HainaAuto. Stock CN-97629737.",in stock,used,23930.66 USD,https://www.hainaautochina.com/vehicles/cntransit-97629737,https://www.hainaautochina.com/api/vehicle-image/cntransit/97629737/col_ad757167d8f4cf90.jpg,Transit,"https://www.hainaautochina.com/api/vehicle-image/cntransit/97629737/col_e0d561ef5846d2c1.jpg,https://www.hainaautochina.com/api/vehicle-image/cntransit/97629737/col_1692aed0d48b5ac9.jpg,https://www.hainaautochina.com/api/vehicle-image/cntransit/97629737/col_3bbafca3ab64b3b9.jpg",Maquinaria y camiones > T8 T8 2.3T,T8 T8 2.3T,Venezuela,Transit
hainaauto-504215500,Transit T8 2024 2024 - Importacion desde China a Venezuela,"Ford 2024 · Transit T8 2024 · 3.333 km · black · 8-speed automatic · Disponible en Hebei. Vehiculo disponible para compradores en Venezuela, con inspeccion, documentos de exportacion y apoyo logistico de HainaAuto. Stock HA-504215500.",in stock,used,30269.06 USD,https://www.hainaautochina.com/vehicles/hainaauto-504215500,https://www.hainaautochina.com/api/vehicle-image/hainaauto/504215500/col_bc0ff931509b6b67.webp,Ford,"https://www.hainaautochina.com/api/vehicle-image/hainaauto/504215500/col_17fa1ee653ec01ca.webp,https://www.hainaautochina.com/api/vehicle-image/hainaauto/504215500/col_a2fb252837f7809e.webp,https://www.hainaautochina.com/api/vehicle-image/hainaauto/504215500/col_7e188c024021c640.webp",Maquinaria y camiones > Transit T8 2024,Transit T8 2024,Venezuela,Ford
cntransit-712414186,Raptor (Imported) 2023 2023 - Importacion desde China a Venezuela,"Ford 2023 · Raptor (Imported) 2023 · 16.667 km · Purple · Automatic · Disponible en Sichuan. Vehiculo disponible para compradores en Venezuela, con inspeccion, documentos de exportacion y apoyo logistico de HainaAuto. Stock CN-712414186.",in stock,used,49117.46 USD,https://www.hainaautochina.com/vehicles/cntransit-712414186,https://www.hainaautochina.com/api/vehicle-image/cntransit/712414186/col_718ffc25ceb62ba9.jpg,Ford,"https://www.hainaautochina.com/api/vehicle-image/cntransit/712414186/col_39a76e2e8fd7f3b1.jpg,https://www.hainaautochina.com/api/vehicle-image/cntransit/712414186/col_132444bc8345aef4.jpg,https://www.hainaautochina.com/api/vehicle-image/cntransit/712414186/col_13bdfbaf62ca2478.jpg",Camionetas y pickups > Raptor (Imported) 2023,Raptor (Imported) 2023,Venezuela,Ford
hainaauto-080952251,Highlander Hybrid 2.5 2026 - Importacion desde China a Venezuela,"Toyota 2026 · Highlander Hybrid 2.5 · 2.708 km · black · automatic · Disponible en Shandong. Vehiculo disponible para compradores en Venezuela, con inspeccion, documentos de exportacion y apoyo logistico de HainaAuto. Stock HA-080952251.",in stock,used,21495.38 USD,https://www.hainaautochina.com/vehicles/hainaauto-080952251,https://www.hainaautochina.com/api/vehicle-image/hainaauto/080952251/col_63eecdce0bf00706.webp,Toyota,"https://www.hainaautochina.com/api/vehicle-image/hainaauto/080952251/col_822d161901bc7940.webp,https://www.hainaautochina.com/api/vehicle-image/hainaauto/080952251/col_8031988ba7237777.webp,https://www.hainaautochina.com/api/vehicle-image/hainaauto/080952251/col_1a91d18ee6af9993.webp",SUV y todoterrenos > Highlander Hybrid 2.5,Highlander Hybrid 2.5,Venezuela,Toyota
hainaauto-964534889,2026 Highlander Hybrid 2026 - Importacion desde China a Venezuela,"Toyota 2026 · 2026 Highlander Hybrid · 0 km · White · automatic · Disponible en Chongqing. Vehiculo disponible para compradores en Venezuela, con inspeccion, documentos de exportacion y apoyo logistico de HainaAuto. Stock HA-964534889.",in stock,new,25415.18 USD,https://www.hainaautochina.com/vehicles/hainaauto-964534889,https://www.hainaautochina.com/api/vehicle-image/hainaauto/964534889/col_293ed2fc471a6325.webp,Toyota,"https://www.hainaautochina.com/api/vehicle-image/hainaauto/964534889/col_1b3d2ae6b2beeb18.webp,https://www.hainaautochina.com/api/vehicle-image/hainaauto/964534889/col_5b39791a1aee1228.webp,https://www.hainaautochina.com/api/vehicle-image/hainaauto/964534889/col_3c46fc41a722b4a8.webp",SUV y todoterrenos > 2026 Highlander Hybrid,2026 Highlander Hybrid,Venezuela,Toyota
cntransit-97346366,2025 Yuan UP 2025 - Importacion desde China a Venezuela,"BYD 2025 · 2025 Yuan UP · 42 km · White · Automatic · Disponible en Henan. Vehiculo disponible para compradores en Venezuela, con inspeccion, documentos de exportacion y apoyo logistico de HainaAuto. Stock CN-97346366.",in stock,new,11904.38 USD,https://www.hainaautochina.com/vehicles/cntransit-97346366,https://www.hainaautochina.com/api/vehicle-image/cntransit/97346366/col_11d09d22dede3b7e.jpg,BYD,"https://www.hainaautochina.com/api/vehicle-image/cntransit/97346366/col_b50a161e0d9ee8f1.jpg,https://www.hainaautochina.com/api/vehicle-image/cntransit/97346366/col_5180763b200bb08d.jpg,https://www.hainaautochina.com/api/vehicle-image/cntransit/97346366/col_c9b0eb3e039aa04d.jpg",SUV y todoterrenos > 2025 Yuan UP,2025 Yuan UP,Venezuela,BYD
hainaauto-422848351,2024 Tiggo 3x 2024 - Importacion desde China a Venezuela,"Chery 2024 · 2024 Tiggo 3x · 6.250 km · White · automatic · Disponible en Jiangsu. Vehiculo disponible para compradores en Venezuela, con inspeccion, documentos de exportacion y apoyo logistico de HainaAuto. Stock HA-422848351.",in stock,used,8735.18 USD,https://www.hainaautochina.com/vehicles/hainaauto-422848351,https://www.hainaautochina.com/api/vehicle-image/hainaauto/422848351/col_1cc045bf2ba6a53e.webp,Chery,"https://www.hainaautochina.com/api/vehicle-image/hainaauto/422848351/col_3d7d04779deb0812.webp,https://www.hainaautochina.com/api/vehicle-image/hainaauto/422848351/col_94acbeecd7353877.webp,https://www.hainaautochina.com/api/vehicle-image/hainaauto/422848351/col_c43f26c4f0637632.webp",SUV y todoterrenos > 2024 Tiggo 3x,2024 Tiggo 3x,Venezuela,Chery
cntransit-44286063,2024 Yuan UP 2024 - Importacion desde China a Venezuela,"BYD 2024 · 2024 Yuan UP · 21.250 km · White · Automatic · Disponible en Hunan. Vehiculo disponible para compradores en Venezuela, con inspeccion, documentos de exportacion y apoyo logistico de HainaAuto. Stock CN-44286063.",in stock,used,10653.38 USD,https://www.hainaautochina.com/vehicles/cntransit-44286063,https://www.hainaautochina.com/api/vehicle-image/cntransit/44286063/col_127a6f281a96573b.jpg,BYD,"https://www.hainaautochina.com/api/vehicle-image/cntransit/44286063/col_dc240d56ab91b550.jpg,https://www.hainaautochina.com/api/vehicle-image/cntransit/44286063/col_930fe413b77b28b2.jpg,https://www.hainaautochina.com/api/vehicle-image/cntransit/44286063/col_4a27b7f00ac61ccb.jpg",SUV y todoterrenos > 2024 Yuan UP,2024 Yuan UP,Venezuela,BYD
hainaauto-691042336,K3 1.4 CVT 2026 - Importacion desde China a Venezuela,"Kia 2026 · K3 1.4 CVT · 417 km · White · automatic · Disponible en Shandong. Vehiculo disponible para compradores en Venezuela, con inspeccion, documentos de exportacion y apoyo logistico de HainaAuto. Stock HA-691042336.",in stock,used,11921.06 USD,https://www.hainaautochina.com/vehicles/hainaauto-691042336,https://www.hainaautochina.com/api/vehicle-image/hainaauto/691042336/col_bd6b22b72806aed6.webp,Kia,"https://www.hainaautochina.com/api/vehicle-image/hainaauto/691042336/col_421355b73bbf462d.webp,https://www.hainaautochina.com/api/vehicle-image/hainaauto/691042336/col_8879bdb1a4509b36.webp,https://www.hainaautochina.com/api/vehicle-image/hainaauto/691042336/col_3e68d1ee02402c74.webp",SUV y todoterrenos > K3 1.4 CVT,K3 1.4 CVT,Venezuela,Kia
hainaauto-304946781,2026 Dasheng 1.5T 2026 - Importacion desde China a Venezuela,"Jetour 2026 · 2026 Dasheng 1.5T · 1.250 km · black · automatic · Disponible en Anhui. Vehiculo disponible para compradores en Venezuela, con inspeccion, documentos de exportacion y apoyo logistico de HainaAuto. Stock HA-304946781.",in stock,used,13338.86 USD,https://www.hainaautochina.com/vehicles/hainaauto-304946781,https://www.hainaautochina.com/api/vehicle-image/hainaauto/304946781/col_f2d84891a14d754f.webp,Jetour,"https://www.hainaautochina.com/api/vehicle-image/hainaauto/304946781/col_a69658328eb16744.webp,https://www.hainaautochina.com/api/vehicle-image/hainaauto/304946781/col_aa0f05e8af1f8e98.webp,https://www.hainaautochina.com/api/vehicle-image/hainaauto/304946781/col_e5f4555e18b518d1.webp",SUV y todoterrenos > 2026 Dasheng 1.5T,2026 Dasheng 1.5T,Venezuela,Jetour
cntransit-236115643,2026 HR-V 1.5T 2026 - Importacion desde China a Venezuela,"Honda 2026 · 2026 HR-V 1.5T · 8.333 km · Black · Automatic · Disponible en Hebei. Vehiculo disponible para compradores en Venezuela, con inspeccion, documentos de exportacion y apoyo logistico de HainaAuto. Stock CN-236115643.",in stock,used,17408.78 USD,https://www.hainaautochina.com/vehicles/cntransit-236115643,https://www.hainaautochina.com/api/vehicle-image/cntransit/236115643/col_1c0a29a13624a561.jpg,Honda,"https://www.hainaautochina.com/api/vehicle-image/cntransit/236115643/col_7fc5d3bf435350c2.jpg,https://www.hainaautochina.com/api/vehicle-image/cntransit/236115643/col_eb0afecab2a704f0.jpg,https://www.hainaautochina.com/api/vehicle-image/cntransit/236115643/col_143a42d6f54c8b15.jpg",SUV y todoterrenos > 2026 HR-V 1.5T,2026 HR-V 1.5T,Venezuela,Honda
hainaauto-372211761,2025 Tiggo 5x 2025 - Importacion desde China a Venezuela,"Chery 2025 · 2025 Tiggo 5x · 2.083 km · White · automatic · Disponible en Anhui. Vehiculo disponible para compradores en Venezuela, con inspeccion, documentos de exportacion y apoyo logistico de HainaAuto. Stock HA-372211761.",in stock,used,10753.46 USD,https://www.hainaautochina.com/vehicles/hainaauto-372211761,https://www.hainaautochina.com/api/vehicle-image/hainaauto/372211761/col_63af566464448f35.webp,Chery,"https://www.hainaautochina.com/api/vehicle-image/hainaauto/372211761/col_7d0b6fdad8845221.webp,https://www.hainaautochina.com/api/vehicle-image/hainaauto/372211761/col_b00be372ae955c83.webp,https://www.hainaautochina.com/api/vehicle-image/hainaauto/372211761/col_87ae2fa63dfef375.webp",SUV y todoterrenos > 2025 Tiggo 5x,2025 Tiggo 5x,Venezuela,Chery
hainaauto-653741671,Aveo L60 60kWh 2025 - Importacion desde China a Venezuela,"Chevrolet 2025 · Aveo L60 60kWh · 10.417 km · grey · automatic · Disponible en Guangdong. Vehiculo disponible para compradores en Venezuela, con inspeccion, documentos de exportacion y apoyo logistico de HainaAuto. Stock HA-653741671.",in stock,used,14331.32 USD,https://www.hainaautochina.com/vehicles/hainaauto-653741671,https://www.hainaautochina.com/api/vehicle-image/hainaauto/653741671/col_87aa74016ac2f33f.webp,Chevrolet,"https://www.hainaautochina.com/api/vehicle-image/hainaauto/653741671/col_c7aebb72e60a05d6.webp,https://www.hainaautochina.com/api/vehicle-image/hainaauto/653741671/col_3785f6ab6f181f83.webp,https://www.hainaautochina.com/api/vehicle-image/hainaauto/653741671/col_ce95375e1061b5d6.webp",SUV y todoterrenos > Aveo L60 60kWh,Aveo L60 60kWh,Venezuela,Chevrolet
hainaauto-167316985,2025 Dasheng 1.5T 2025 - Importacion desde China a Venezuela,"Jetour 2025 · 2025 Dasheng 1.5T · 2.500 km · black · automatic · Disponible en Zhejiang. Vehiculo disponible para compradores en Venezuela, con inspeccion, documentos de exportacion y apoyo logistico de HainaAuto. Stock HA-167316985.",in stock,used,13839.26 USD,https://www.hainaautochina.com/vehicles/hainaauto-167316985,https://www.hainaautochina.com/api/vehicle-image/hainaauto/167316985/col_cbca25103399f868.webp,Jetour,"https://www.hainaautochina.com/api/vehicle-image/hainaauto/167316985/col_de9258effc37cf29.webp,https://www.hainaautochina.com/api/vehicle-image/hainaauto/167316985/col_b08cbbdac5632f4d.webp,https://www.hainaautochina.com/api/vehicle-image/hainaauto/167316985/col_a1ae8ac3d2660dcd.webp",SUV y todoterrenos > 2025 Dasheng 1.5T,2025 Dasheng 1.5T,Venezuela,Jetour
hainaauto-818010945,2025 HR-V 1.5T 2025 - Importacion desde China a Venezuela,"Honda 2025 · 2025 HR-V 1.5T · 4.167 km · White · automatic · Disponible en Henan. Vehiculo disponible para compradores en Venezuela, con inspeccion, documentos de exportacion y apoyo logistico de HainaAuto. Stock HA-818010945.",in stock,used,13655.78 USD,https://www.hainaautochina.com/vehicles/hainaauto-818010945,https://www.hainaautochina.com/api/vehicle-image/hainaauto/818010945/col_417e6d35a2730950.webp,Honda,"https://www.hainaautochina.com/api/vehicle-image/hainaauto/818010945/col_5d964bd1ccfaf2fc.webp,https://www.hainaautochina.com/api/vehicle-image/hainaauto/818010945/col_a9793854aa32155d.webp,https://www.hainaautochina.com/api/vehicle-image/hainaauto/818010945/col_230fd21c478ee3fc.webp",SUV y todoterrenos > 2025 HR-V 1.5T,2025 HR-V 1.5T,Venezuela,Honda
hainaauto-352817117,2025 Dasheng 1.5TD 2025 - Importacion desde China a Venezuela,"Jetour 2025 · 2025 Dasheng 1.5TD · 11.250 km · black · automatic · Disponible en Zhejiang. Vehiculo disponible para compradores en Venezuela, con inspeccion, documentos de exportacion y apoyo logistico de HainaAuto. Stock HA-352817117.",in stock,used,13997.72 USD,https://www.hainaautochina.com/vehicles/hainaauto-352817117,https://www.hainaautochina.com/api/vehicle-image/hainaauto/352817117/col_4d663c7167b10ae4.webp,Jetour,"https://www.hainaautochina.com/api/vehicle-image/hainaauto/352817117/col_86a2a184ec906c89.webp,https://www.hainaautochina.com/api/vehicle-image/hainaauto/352817117/col_878418055dd043da.webp,https://www.hainaautochina.com/api/vehicle-image/hainaauto/352817117/col_f4d7b837bae6a00f.webp",SUV y todoterrenos > 2025 Dasheng 1.5TD,2025 Dasheng 1.5TD,Venezuela,Jetour
hainaauto-788925445,Freedom 2025 2.0TD 2025 - Importacion desde China a Venezuela,"Jetour 2025 · Freedom 2025 2.0TD · 2.500 km · grey · automatic · Disponible en Henan. Vehiculo disponible para compradores en Venezuela, con inspeccion, documentos de exportacion y apoyo logistico de HainaAuto. Stock HA-788925445.",in stock,used,15407.18 USD,https://www.hainaautochina.com/vehicles/hainaauto-788925445,https://www.hainaautochina.com/api/vehicle-image/hainaauto/788925445/col_886f99ddaf1f6bd6.webp,Jetour,"https://www.hainaautochina.com/api/vehicle-image/hainaauto/788925445/col_ac22f5068e0d1108.webp,https://www.hainaautochina.com/api/vehicle-image/hainaauto/788925445/col_239e33f215f66a8a.webp,https://www.hainaautochina.com/api/vehicle-image/hainaauto/788925445/col_581eb930b4f8e494.webp",SUV y todoterrenos > Freedom 2025 2.0TD,Freedom 2025 2.0TD,Venezuela,Jetour
hainaauto-783011611,Tiggo 3x 2024 2024 - Importacion desde China a Venezuela,"Chery 2024 · Tiggo 3x 2024 · 833 km · White · CVT (9-speed simulated) · Disponible en Guangdong. Vehiculo disponible para compradores en Venezuela, con inspeccion, documentos de exportacion y apoyo logistico de HainaAuto. Stock HA-783011611.",in stock,used,10653.38 USD,https://www.hainaautochina.com/vehicles/hainaauto-783011611,https://www.hainaautochina.com/api/vehicle-image/hainaauto/783011611/col_6af1fccd6aa1c778.webp,Chery,"https://www.hainaautochina.com/api/vehicle-image/hainaauto/783011611/col_1fb9cf3041ce7259.webp,https://www.hainaautochina.com/api/vehicle-image/hainaauto/783011611/col_9e7d8be827e88cdc.webp,https://www.hainaautochina.com/api/vehicle-image/hainaauto/783011611/col_1e4b12b26356d4db.webp",SUV y todoterrenos > Tiggo 3x 2024,Tiggo 3x 2024,Venezuela,Chery
hainaauto-343437058,2024 Tiggo 5x 2024 - Importacion desde China a Venezuela,"Chery 2024 · 2024 Tiggo 5x · 11.667 km · White · Manual · Disponible en Henan. Vehiculo disponible para compradores en Venezuela, con inspeccion, documentos de exportacion y apoyo logistico de HainaAuto. Stock HA-343437058.",in stock,used,10653.38 USD,https://www.hainaautochina.com/vehicles/hainaauto-343437058,https://www.hainaautochina.com/api/vehicle-image/hainaauto/343437058/col_f6431248fa730aa8.webp,Chery,"https://www.hainaautochina.com/api/vehicle-image/hainaauto/343437058/col_8761e1de18d5f9f2.webp,https://www.hainaautochina.com/api/vehicle-image/hainaauto/343437058/col_04bd41a9db86dc73.webp,https://www.hainaautochina.com/api/vehicle-image/hainaauto/343437058/col_b1768290e567e801.webp",SUV y todoterrenos > 2024 Tiggo 5x,2024 Tiggo 5x,Venezuela,Chery
hainaauto-574137125,Tiggo 5x 2024 2024 - Importacion desde China a Venezuela,"Chery 2024 · Tiggo 5x 2024 · 6.250 km · White · CVT continuously variable transmission (simulating 9 gears) · Disponible en Henan. Vehiculo disponible para compradores en Venezuela, con inspeccion, documentos de exportacion y apoyo logistico de HainaAuto. Stock HA-574137125.",in stock,used,10911.92 USD,https://www.hainaautochina.com/vehicles/hainaauto-574137125,https://www.hainaautochina.com/api/vehicle-image/hainaauto/574137125/col_1c4a5f6d59d3e27e.webp,Chery,"https://www.hainaautochina.com/api/vehicle-image/hainaauto/574137125/col_441b74979ba33bf8.webp,https://www.hainaautochina.com/api/vehicle-image/hainaauto/574137125/col_d5c1a46d2242913d.webp,https://www.hainaautochina.com/api/vehicle-image/hainaauto/574137125/col_81c8de66efd23e03.webp",SUV y todoterrenos > Tiggo 5x 2024,Tiggo 5x 2024,Venezuela,Chery
hainaauto-541434369,Dasheng 2024 1.5T 2024 - Importacion desde China a Venezuela,"Jetour 2024 · Dasheng 2024 1.5T · 12.500 km · black · 6-speed wet dual-clutch · Disponible en Zhejiang. Vehiculo disponible para compradores en Venezuela, con inspeccion, documentos de exportacion y apoyo logistico de HainaAuto. Stock HA-541434369.",in stock,used,12404.78 USD,https://www.hainaautochina.com/vehicles/hainaauto-541434369,https://www.hainaautochina.com/api/vehicle-image/hainaauto/541434369/col_a57afafcdb437cb3.webp,Jetour,"https://www.hainaautochina.com/api/vehicle-image/hainaauto/541434369/col_a7ac590d82535f9b.webp,https://www.hainaautochina.com/api/vehicle-image/hainaauto/541434369/col_c8bc631243b465da.webp,https://www.hainaautochina.com/api/vehicle-image/hainaauto/541434369/col_51da8c33f5df1364.webp",SUV y todoterrenos > Dasheng 2024 1.5T,Dasheng 2024 1.5T,Venezuela,Jetour
cntransit-604315743,2024 Highlander Hybrid 2024 - Importacion desde China a Venezuela,"Toyota 2024 · 2024 Highlander Hybrid · 11.667 km · Black · Automatic · Disponible en Hubei. Vehiculo disponible para compradores en Venezuela, con inspeccion, documentos de exportacion y apoyo logistico de HainaAuto. Stock CN-604315743.",in stock,used,20594.66 USD,https://www.hainaautochina.com/vehicles/cntransit-604315743,https://www.hainaautochina.com/api/vehicle-image/cntransit/604315743/col_397df15b98c2df7f.jpg,Toyota,"https://www.hainaautochina.com/api/vehicle-image/cntransit/604315743/col_dc91e28b404e4d5d.jpg,https://www.hainaautochina.com/api/vehicle-image/cntransit/604315743/col_16b343365dfc2c77.jpg,https://www.hainaautochina.com/api/vehicle-image/cntransit/604315743/col_c412e154f9362c45.jpg",SUV y todoterrenos > 2024 Highlander Hybrid,2024 Highlander Hybrid,Venezuela,Toyota
hainaauto-05564849,Highlander 2.0T 380T 2024 - Importacion desde China a Venezuela,"Toyota 2024 · Highlander 2.0T 380T · 8.333 km · White · automatic · Disponible en Guangdong. Vehiculo disponible para compradores en Venezuela, con inspeccion, documentos de exportacion y apoyo logistico de HainaAuto. Stock HA-05564849.",in stock,used,24014.06 USD,https://www.hainaautochina.com/vehicles/hainaauto-05564849,https://www.hainaautochina.com/api/vehicle-image/hainaauto/05564849/col_99978925ad79759c.webp,Toyota,"https://www.hainaautochina.com/api/vehicle-image/hainaauto/05564849/col_c2be21891543fcfa.webp,https://www.hainaautochina.com/api/vehicle-image/hainaauto/05564849/col_5d2671d6bb8b218e.webp,https://www.hainaautochina.com/api/vehicle-image/hainaauto/05564849/col_ce40bda43022d96c.webp",SUV y todoterrenos > Highlander 2.0T 380T,Highlander 2.0T 380T,Venezuela,Toyota
hainaauto-466742679,HR-V New Energy 2023 - Importacion desde China a Venezuela,"Honda 2023 · HR-V New Energy · 4.167 km · blue · automatic · Disponible en Hubei. Vehiculo disponible para compradores en Venezuela, con inspeccion, documentos de exportacion y apoyo logistico de HainaAuto. Stock HA-466742679.",in stock,used,18409.58 USD,https://www.hainaautochina.com/vehicles/hainaauto-466742679,https://www.hainaautochina.com/api/vehicle-image/hainaauto/466742679/col_de081258bb091c47.webp,Honda,"https://www.hainaautochina.com/api/vehicle-image/hainaauto/466742679/col_f58b38c6995e2279.webp,https://www.hainaautochina.com/api/vehicle-image/hainaauto/466742679/col_a3e8bc68c3e5c09a.webp,https://www.hainaautochina.com/api/vehicle-image/hainaauto/466742679/col_a6a0c975eda516d2.webp",SUV y todoterrenos > HR-V New Energy,HR-V New Energy,Venezuela,Honda
hainaauto-498848101,Tiggo 3x 1.5L 2023 - Importacion desde China a Venezuela,"Chery 2023 · Tiggo 3x 1.5L · 16.667 km · blue · CVT continuously variable transmission (simulating 9 gears) · Disponible en Henan. Vehiculo disponible para compradores en Venezuela, con inspeccion, documentos de exportacion y apoyo logistico de HainaAuto. Stock HA-498848101.",in stock,used,9585.86 USD,https://www.hainaautochina.com/vehicles/hainaauto-498848101,https://www.hainaautochina.com/api/vehicle-image/hainaauto/498848101/col_37e0583e1058f874.webp,Chery,"https://www.hainaautochina.com/api/vehicle-image/hainaauto/498848101/col_bd008b302c8ad8cf.webp,https://www.hainaautochina.com/api/vehicle-image/hainaauto/498848101/col_3826c3495b5c753a.webp,https://www.hainaautochina.com/api/vehicle-image/hainaauto/498848101/col_ad31ada7f4b3881a.webp",SUV y todoterrenos > Tiggo 3x 1.5L,Tiggo 3x 1.5L,Venezuela,Chery
cntransit-964913171,2023 Tiggo 5x 2023 - Importacion desde China a Venezuela,"Chery 2023 · 2023 Tiggo 5x · 4.167 km · Gray · Manual · Disponible en Zhejiang. Vehiculo disponible para compradores en Venezuela, con inspeccion, documentos de exportacion y apoyo logistico de HainaAuto. Stock CN-964913171.",in stock,used,10569.98 USD,https://www.hainaautochina.com/vehicles/cntransit-964913171,https://www.hainaautochina.com/api/vehicle-image/cntransit/964913171/col_67c6d5c5c5b2d65f.jpg,Chery,"https://www.hainaautochina.com/api/vehicle-image/cntransit/964913171/col_67904741e89f23b9.jpg,https://www.hainaautochina.com/api/vehicle-image/cntransit/964913171/col_145ecd36a09a7998.jpg,https://www.hainaautochina.com/api/vehicle-image/cntransit/964913171/col_1a7788c7ec5459ba.jpg",SUV y todoterrenos > 2023 Tiggo 5x,2023 Tiggo 5x,Venezuela,Chery
cntransit-54359768,Tiggo 5x 1.5L 2023 - Importacion desde China a Venezuela,"Chery 2023 · Tiggo 5x 1.5L · 15.833 km · White · CVT (Continuously Variable Transmission; simulated 9-speed) · Disponible en Xinjiang. Vehiculo disponible para compradores en Venezuela, con inspeccion, documentos de exportacion y apoyo logistico de HainaAuto. Stock CN-54359768.",in stock,used,10586.66 USD,https://www.hainaautochina.com/vehicles/cntransit-54359768,https://www.hainaautochina.com/api/vehicle-image/cntransit/54359768/col_7480e555c3919e5c.jpg,Chery,"https://www.hainaautochina.com/api/vehicle-image/cntransit/54359768/col_b7559408e592bf5a.jpg,https://www.hainaautochina.com/api/vehicle-image/cntransit/54359768/col_21628add834d3e90.jpg,https://www.hainaautochina.com/api/vehicle-image/cntransit/54359768/col_c7bc1cbd07ea8224.jpg",SUV y todoterrenos > Tiggo 5x 1.5L,Tiggo 5x 1.5L,Venezuela,Chery
hainaauto-167117714,Tiggo 5x 2023 2023 - Importacion desde China a Venezuela,"Chery 2023 · Tiggo 5x 2023 · 5.000 km · White · CVT continuously variable transmission (simulating 9 gears) · Disponible en Sichuan. Vehiculo disponible para compradores en Venezuela, con inspeccion, documentos de exportacion y apoyo logistico de HainaAuto. Stock HA-167117714.",in stock,used,11487.38 USD,https://www.hainaautochina.com/vehicles/hainaauto-167117714,https://www.hainaautochina.com/api/vehicle-image/hainaauto/167117714/col_a733f7808e7661a1.webp,Chery,"https://www.hainaautochina.com/api/vehicle-image/hainaauto/167117714/col_d6fdca3c5f86d057.webp,https://www.hainaautochina.com/api/vehicle-image/hainaauto/167117714/col_efa10b7344f91a5e.webp,https://www.hainaautochina.com/api/vehicle-image/hainaauto/167117714/col_24b1bc5ab06ac6d3.webp",SUV y todoterrenos > Tiggo 5x 2023,Tiggo 5x 2023,Venezuela,Chery
hainaauto-502312898,Yuan Pro 2023 2023 - Importacion desde China a Venezuela,"BYD 2023 · Yuan Pro 2023 · 38.333 km · Beige · automatic · Disponible en Anhui. Vehiculo disponible para compradores en Venezuela, con inspeccion, documentos de exportacion y apoyo logistico de HainaAuto. Stock HA-502312898.",in stock,used,10236.38 USD,https://www.hainaautochina.com/vehicles/hainaauto-502312898,https://www.hainaautochina.com/api/vehicle-image/hainaauto/502312898/col_b49e1ce264be60c4.webp,BYD,"https://www.hainaautochina.com/api/vehicle-image/hainaauto/502312898/col_3aa2e56d51df75e2.webp,https://www.hainaautochina.com/api/vehicle-image/hainaauto/502312898/col_c5b5246cc31c0d29.webp,https://www.hainaautochina.com/api/vehicle-image/hainaauto/502312898/col_b5e4960cb2e5eb0f.webp",SUV y todoterrenos > Yuan Pro 2023,Yuan Pro 2023,Venezuela,BYD
cntransit-704312788,2023 HR-V 1.5T 2023 - Importacion desde China a Venezuela,"Honda 2023 · 2023 HR-V 1.5T · 5.833 km · Black · Automatic · Disponible en Hunan. Vehiculo disponible para compradores en Venezuela, con inspeccion, documentos de exportacion y apoyo logistico de HainaAuto. Stock CN-704312788.",in stock,used,11587.46 USD,https://www.hainaautochina.com/vehicles/cntransit-704312788,https://www.hainaautochina.com/api/vehicle-image/cntransit/704312788/col_11896527195de8bd.jpg,Honda,"https://www.hainaautochina.com/api/vehicle-image/cntransit/704312788/col_e3eacac16362f01a.jpg,https://www.hainaautochina.com/api/vehicle-image/cntransit/704312788/col_7887ff1055f05092.jpg,https://www.hainaautochina.com/api/vehicle-image/cntransit/704312788/col_06c239845dbefb0a.jpg",SUV y todoterrenos > 2023 HR-V 1.5T,2023 HR-V 1.5T,Venezuela,Honda
hainaauto-280620400,Dasheng 2023 1.5T 2023 - Importacion desde China a Venezuela,"Jetour 2023 · Dasheng 2023 1.5T · 14.167 km · grey · 6-speed wet dual-clutch · Disponible en Hebei. Vehiculo disponible para compradores en Venezuela, con inspeccion, documentos de exportacion y apoyo logistico de HainaAuto. Stock HA-280620400.",in stock,used,13380.56 USD,https://www.hainaautochina.com/vehicles/hainaauto-280620400,https://www.hainaautochina.com/api/vehicle-image/hainaauto/280620400/col_7c32c6dd14dba34f.webp,Jetour,"https://www.hainaautochina.com/api/vehicle-image/hainaauto/280620400/col_54274cd21d13c238.webp,https://www.hainaautochina.com/api/vehicle-image/hainaauto/280620400/col_ee90d51c3c7942aa.webp,https://www.hainaautochina.com/api/vehicle-image/hainaauto/280620400/col_2c2974bc3066f227.webp",SUV y todoterrenos > Dasheng 2023 1.5T,Dasheng 2023 1.5T,Venezuela,Jetour
hainaauto-808517212,2023 Highlander Hybrid 2023 - Importacion desde China a Venezuela,"Toyota 2023 · 2023 Highlander Hybrid · 13.750 km · White · automatic · Disponible en Henan. Vehiculo disponible para compradores en Venezuela, con inspeccion, documentos de exportacion y apoyo logistico de HainaAuto. Stock HA-808517212.",in stock,used,18492.98 USD,https://www.hainaautochina.com/vehicles/hainaauto-808517212,https://www.hainaautochina.com/api/vehicle-image/hainaauto/808517212/col_32a6c1bf940cf9e3.webp,Toyota,"https://www.hainaautochina.com/api/vehicle-image/hainaauto/808517212/col_d7ea2e038f5bdade.webp,https://www.hainaautochina.com/api/vehicle-image/hainaauto/808517212/col_8fe3999a0aa60299.webp,https://www.hainaautochina.com/api/vehicle-image/hainaauto/808517212/col_926afd7e9f7680cd.webp",SUV y todoterrenos > 2023 Highlander Hybrid,2023 Highlander Hybrid,Venezuela,Toyota
hainaauto-400511949,K5 2023 TSI280 2023 - Importacion desde China a Venezuela,"Kia 2023 · K5 2023 TSI280 · 11.250 km · black · 7-speed dry dual-clutch · Disponible en Shanxi. Vehiculo disponible para compradores en Venezuela, con inspeccion, documentos de exportacion y apoyo logistico de HainaAuto. Stock HA-400511949.",in stock,used,19093.46 USD,https://www.hainaautochina.com/vehicles/hainaauto-400511949,https://www.hainaautochina.com/api/vehicle-image/hainaauto/400511949/col_39db64e9c8364bbc.webp,Kia,"https://www.hainaautochina.com/api/vehicle-image/hainaauto/400511949/col_7111dd6efbcb802a.webp,https://www.hainaautochina.com/api/vehicle-image/hainaauto/400511949/col_64b220d9ffb861ae.webp,https://www.hainaautochina.com/api/vehicle-image/hainaauto/400511949/col_9225c3b496fa6897.webp",SUV y todoterrenos > K5 2023 TSI280,K5 2023 TSI280,Venezuela,Kia
cntransit-50653106,Highlander Hybrid 2.5L 2022 - Importacion desde China a Venezuela,"Toyota 2022 · Highlander Hybrid 2.5L · 32.500 km · Black · E-CVT Continuously Variable Transmission · Disponible en Guangdong. Vehiculo disponible para compradores en Venezuela, con inspeccion, documentos de exportacion y apoyo logistico de HainaAuto. Stock CN-50653106.",in stock,used,18159.38 USD,https://www.hainaautochina.com/vehicles/cntransit-50653106,https://www.hainaautochina.com/api/vehicle-image/cntransit/50653106/col_b81ba343b78acf95.jpg,Toyota,"https://www.hainaautochina.com/api/vehicle-image/cntransit/50653106/col_557e3e3f52717201.jpg,https://www.hainaautochina.com/api/vehicle-image/cntransit/50653106/col_9d22da4fa54b39eb.jpg,https://www.hainaautochina.com/api/vehicle-image/cntransit/50653106/col_ba3a661adaacedc1.jpg",SUV y todoterrenos > Highlander Hybrid 2.5L,Highlander Hybrid 2.5L,Venezuela,Toyota
cntransit-58001218,Highlander 2.0T AWD 2018 - Importacion desde China a Venezuela,"Toyota 2018 · Highlander 2.0T AWD · 41.667 km · White · 6-speed automatic with manual mode · Disponible en Guangdong. Vehiculo disponible para compradores en Venezuela, con inspeccion, documentos de exportacion y apoyo logistico de HainaAuto. Stock CN-58001218.",in stock,used,8659.28 USD,https://www.hainaautochina.com/vehicles/cntransit-58001218,https://www.hainaautochina.com/api/vehicle-image/cntransit/58001218/col_2a20ec4eb8f52582.jpg,Toyota,"https://www.hainaautochina.com/api/vehicle-image/cntransit/58001218/col_10c3a5e9eba05bbe.jpg,https://www.hainaautochina.com/api/vehicle-image/cntransit/58001218/col_64c20987aa9e9d93.jpg,https://www.hainaautochina.com/api/vehicle-image/cntransit/58001218/col_bc8d1ee99b9fcb76.jpg",SUV y todoterrenos > Highlander 2.0T AWD,Highlander 2.0T AWD,Venezuela,Toyota
cntransit-00192017,Highlander 2.7L 2WD 2012 - Importacion desde China a Venezuela,"Toyota 2012 · Highlander 2.7L 2WD · 70.833 km · Black · 6-speed automatic with manual mode · Disponible en Guangdong. Vehiculo disponible para compradores en Venezuela, con inspeccion, documentos de exportacion y apoyo logistico de HainaAuto. Stock CN-00192017.",in stock,used,152.48 USD,https://www.hainaautochina.com/vehicles/cntransit-00192017,https://www.hainaautochina.com/api/vehicle-image/cntransit/00192017/col_b765a39ec48395e2.jpg,Toyota,"https://www.hainaautochina.com/api/vehicle-image/cntransit/00192017/col_aeaff3b15f28cee3.jpg,https://www.hainaautochina.com/api/vehicle-image/cntransit/00192017/col_8d31fc509f1c93d6.jpg,https://www.hainaautochina.com/api/vehicle-image/cntransit/00192017/col_de2dc2b5b258a130.jpg",SUV y todoterrenos > Highlander 2.7L 2WD,Highlander 2.7L 2WD,Venezuela,Toyota
cntransit-37605976,2026 QQ Ice 2026 - Importacion desde China a Venezuela,"Chery 2026 · 2026 QQ Ice · 2.333 km · Beige · Automatic · Disponible en Guangxi. Vehiculo disponible para compradores en Venezuela, con inspeccion, documentos de exportacion y apoyo logistico de HainaAuto. Stock CN-37605976.",in stock,used,9569.18 USD,https://www.hainaautochina.com/vehicles/cntransit-37605976,https://www.hainaautochina.com/api/vehicle-image/cntransit/37605976/col_5d2e6fa457a36679.jpg,Chery,"https://www.hainaautochina.com/api/vehicle-image/cntransit/37605976/col_6cec35675c969d01.jpg,https://www.hainaautochina.com/api/vehicle-image/cntransit/37605976/col_4a0c3f2c60e10df6.jpg,https://www.hainaautochina.com/api/vehicle-image/cntransit/37605976/col_4abd546731c69267.jpg",Sedanes y hatchbacks > 2026 QQ Ice,2026 QQ Ice,Venezuela,Chery
hainaauto-747046242,2026 QQ3 EV 2026 - Importacion desde China a Venezuela,"Chery 2026 · 2026 QQ3 EV · 42 km · Beige · automatic · Disponible en Henan. Vehiculo disponible para compradores en Venezuela, con inspeccion, documentos de exportacion y apoyo logistico de HainaAuto. Stock HA-747046242.",in stock,new,11378.96 USD,https://www.hainaautochina.com/vehicles/hainaauto-747046242,https://www.hainaautochina.com/api/vehicle-image/hainaauto/747046242/col_7cf2eb75b136fdac.webp,Chery,"https://www.hainaautochina.com/api/vehicle-image/hainaauto/747046242/col_96480d7164c704bd.webp,https://www.hainaautochina.com/api/vehicle-image/hainaauto/747046242/col_925941a463d3a8c1.webp,https://www.hainaautochina.com/api/vehicle-image/hainaauto/747046242/col_9166d29dc024956c.webp",Sedanes y hatchbacks > 2026 QQ3 EV,2026 QQ3 EV,Venezuela,Chery
hainaauto-836017735,Sylphy Classic 1.6 2026 - Importacion desde China a Venezuela,"Nissan 2026 · Sylphy Classic 1.6 · 42 km · White · automatic · Disponible en Hebei. Vehiculo disponible para compradores en Venezuela, con inspeccion, documentos de exportacion y apoyo logistico de HainaAuto. Stock HA-836017735.",in stock,new,11754.26 USD,https://www.hainaautochina.com/vehicles/hainaauto-836017735,https://www.hainaautochina.com/api/vehicle-image/hainaauto/836017735/col_19b8e1c2a0559f2c.webp,Nissan,"https://www.hainaautochina.com/api/vehicle-image/hainaauto/836017735/col_c08d489744b8163f.webp,https://www.hainaautochina.com/api/vehicle-image/hainaauto/836017735/col_dcf9fc12e7d5c012.webp,https://www.hainaautochina.com/api/vehicle-image/hainaauto/836017735/col_cd35833089309ad0.webp",Sedanes y hatchbacks > Sylphy Classic 1.6,Sylphy Classic 1.6,Venezuela,Nissan
hainaauto-411128756,2026 Yangguang 330km/h 2026 - Importacion desde China a Venezuela,"Wuling 2026 · 2026 Yangguang 330km/h · 0 km · Beige · automatic · Disponible en Shanxi. Vehiculo disponible para compradores en Venezuela, con inspeccion, documentos de exportacion y apoyo logistico de HainaAuto. Stock HA-411128756.",in stock,new,12196.28 USD,https://www.hainaautochina.com/vehicles/hainaauto-411128756,https://www.hainaautochina.com/api/vehicle-image/hainaauto/411128756/col_e027c7132c0b9215.webp,Wuling,"https://www.hainaautochina.com/api/vehicle-image/hainaauto/411128756/col_316aa587b8f1cf7f.webp,https://www.hainaautochina.com/api/vehicle-image/hainaauto/411128756/col_55de83c1e3f521ee.webp,https://www.hainaautochina.com/api/vehicle-image/hainaauto/411128756/col_24f0b645ca24809d.webp",Maquinaria y camiones > 2026 Yangguang 330km/h,2026 Yangguang 330km/h,Venezuela,Wuling
hainaauto-435236794,2026 Yangguang 440km/h 2026 - Importacion desde China a Venezuela,"Wuling 2026 · 2026 Yangguang 440km/h · 0 km · White · automatic · Disponible en Shanxi. Vehiculo disponible para compradores en Venezuela, con inspeccion, documentos de exportacion y apoyo logistico de HainaAuto. Stock HA-435236794.",in stock,new,12863.48 USD,https://www.hainaautochina.com/vehicles/hainaauto-435236794,https://www.hainaautochina.com/api/vehicle-image/hainaauto/435236794/col_c16aace487cc8205.webp,Wuling,"https://www.hainaautochina.com/api/vehicle-image/hainaauto/435236794/col_041950f3f8cde019.webp,https://www.hainaautochina.com/api/vehicle-image/hainaauto/435236794/col_73286e09851105ca.webp,https://www.hainaautochina.com/api/vehicle-image/hainaauto/435236794/col_948cb506f197bd58.webp",Maquinaria y camiones > 2026 Yangguang 440km/h,2026 Yangguang 440km/h,Venezuela,Wuling
hainaauto-438529229,Sylphy 1.6 CVT 2026 - Importacion desde China a Venezuela,"Nissan 2026 · Sylphy 1.6 CVT · 18.333 km · grey · automatic · Disponible en Sichuan. Vehiculo disponible para compradores en Venezuela, con inspeccion, documentos de exportacion y apoyo logistico de HainaAuto. Stock HA-438529229.",in stock,used,10920.26 USD,https://www.hainaautochina.com/vehicles/hainaauto-438529229,https://www.hainaautochina.com/api/vehicle-image/hainaauto/438529229/col_4af83cb7410a40d7.webp,Nissan,"https://www.hainaautochina.com/api/vehicle-image/hainaauto/438529229/col_ed23b7634cbfb66e.webp,https://www.hainaautochina.com/api/vehicle-image/hainaauto/438529229/col_468ae88e1537322e.webp,https://www.hainaautochina.com/api/vehicle-image/hainaauto/438529229/col_d20c5b3ad4bf429e.webp",Sedanes y hatchbacks > Sylphy 1.6 CVT,Sylphy 1.6 CVT,Venezuela,Nissan
hainaauto-250739527,Fit 1.5 CVT 2026 - Importacion desde China a Venezuela,"Honda 2026 · Fit 1.5 CVT · 1.042 km · blue · automatic · Disponible en Shanghai. Vehiculo disponible para compradores en Venezuela, con inspeccion, documentos de exportacion y apoyo logistico de HainaAuto. Stock HA-250739527.",in stock,used,11987.78 USD,https://www.hainaautochina.com/vehicles/hainaauto-250739527,https://www.hainaautochina.com/api/vehicle-image/hainaauto/250739527/col_ca73837a4e4ddd42.webp,Honda,"https://www.hainaautochina.com/api/vehicle-image/hainaauto/250739527/col_65551221d2c1ad32.webp,https://www.hainaautochina.com/api/vehicle-image/hainaauto/250739527/col_f729e77d06d50224.webp,https://www.hainaautochina.com/api/vehicle-image/hainaauto/250739527/col_f34a516b42f013d7.webp",Sedanes y hatchbacks > Fit 1.5 CVT,Fit 1.5 CVT,Venezuela,Honda
hainaauto-952051848,2026 Sylphy 1.6 2026 - Importacion desde China a Venezuela,"Nissan 2026 · 2026 Sylphy 1.6 · 1.667 km · White · automatic · Disponible en Guangdong. Vehiculo disponible para compradores en Venezuela, con inspeccion, documentos de exportacion y apoyo logistico de HainaAuto. Stock HA-952051848.",in stock,used,11921.06 USD,https://www.hainaautochina.com/vehicles/hainaauto-952051848,https://www.hainaautochina.com/api/vehicle-image/hainaauto/952051848/col_77bcc9d13a8a1a1d.webp,Nissan,"https://www.hainaautochina.com/api/vehicle-image/hainaauto/952051848/col_6b0ac50963b9a5e2.webp,https://www.hainaautochina.com/api/vehicle-image/hainaauto/952051848/col_ff21f3a57bc59ffb.webp,https://www.hainaautochina.com/api/vehicle-image/hainaauto/952051848/col_6c4f986840f39a57.webp",Sedanes y hatchbacks > 2026 Sylphy 1.6,2026 Sylphy 1.6,Venezuela,Nissan
hainaauto-659637539,2025 QQ Ice 2025 - Importacion desde China a Venezuela,"Chery 2025 · 2025 QQ Ice · 42 km · White · automatic · Disponible en Shandong. Vehiculo disponible para compradores en Venezuela, con inspeccion, documentos de exportacion y apoyo logistico de HainaAuto. Stock HA-659637539.",in stock,new,8876.96 USD,https://www.hainaautochina.com/vehicles/hainaauto-659637539,https://www.hainaautochina.com/api/vehicle-image/hainaauto/659637539/col_3eb6f93d2014912b.webp,Chery,"https://www.hainaautochina.com/api/vehicle-image/hainaauto/659637539/col_b4f528010a247970.webp,https://www.hainaautochina.com/api/vehicle-image/hainaauto/659637539/col_f1bd6fe003bad673.webp,https://www.hainaautochina.com/api/vehicle-image/hainaauto/659637539/col_b9cdd1ace69a9b23.webp",Sedanes y hatchbacks > 2025 QQ Ice,2025 QQ Ice,Venezuela,Chery
hainaauto-599234222,Sunshine New Energy 2025 - Importacion desde China a Venezuela,"Wuling 2025 · Sunshine New Energy · 42 km · grey · automatic · Disponible en Henan. Vehiculo disponible para compradores en Venezuela, con inspeccion, documentos de exportacion y apoyo logistico de HainaAuto. Stock HA-599234222.",in stock,new,9410.72 USD,https://www.hainaautochina.com/vehicles/hainaauto-599234222,https://www.hainaautochina.com/api/vehicle-image/hainaauto/599234222/col_62c8417fd4b9010b.webp,Wuling,"https://www.hainaautochina.com/api/vehicle-image/hainaauto/599234222/col_39aeeea86e08b993.webp,https://www.hainaautochina.com/api/vehicle-image/hainaauto/599234222/col_2842a3e0f56b0079.webp,https://www.hainaautochina.com/api/vehicle-image/hainaauto/599234222/col_cba9c438601905be.webp",Maquinaria y camiones > Sunshine New Energy,Sunshine New Energy,Venezuela,Wuling
cntransit-320714843,Hongguang New Energy 2025 - Importacion desde China a Venezuela,"Wuling 2025 · Hongguang New Energy · 42 km · Beige · Automatic · Disponible en Hebei. Vehiculo disponible para compradores en Venezuela, con inspeccion, documentos de exportacion y apoyo logistico de HainaAuto. Stock CN-320714843.",in stock,new,10069.58 USD,https://www.hainaautochina.com/vehicles/cntransit-320714843,https://www.hainaautochina.com/api/vehicle-image/cntransit/320714843/col_473147e783ee59ce.jpg,Wuling,"https://www.hainaautochina.com/api/vehicle-image/cntransit/320714843/col_603090a905b356b3.jpg,https://www.hainaautochina.com/api/vehicle-image/cntransit/320714843/col_520a6628b2d42872.jpg,https://www.hainaautochina.com/api/vehicle-image/cntransit/320714843/col_532c2e55b44602bc.jpg",Maquinaria y camiones > Hongguang New Energy,Hongguang New Energy,Venezuela,Wuling
hainaauto-229911764,2025 QQ Domi 2025 - Importacion desde China a Venezuela,"Chery 2025 · 2025 QQ Domi · 0 km · Beige · automatic · Disponible en Hubei. Vehiculo disponible para compradores en Venezuela, con inspeccion, documentos de exportacion y apoyo logistico de HainaAuto. Stock HA-229911764.",in stock,new,11087.06 USD,https://www.hainaautochina.com/vehicles/hainaauto-229911764,https://www.hainaautochina.com/api/vehicle-image/hainaauto/229911764/col_65cc08e3f3c1f7a3.webp,Chery,"https://www.hainaautochina.com/api/vehicle-image/hainaauto/229911764/col_2856f88288f25f06.webp,https://www.hainaautochina.com/api/vehicle-image/hainaauto/229911764/col_f75e9ceef7c89c85.webp,https://www.hainaautochina.com/api/vehicle-image/hainaauto/229911764/col_1a91d6dca92b4a08.webp",Sedanes y hatchbacks > 2025 QQ Domi,2025 QQ Domi,Venezuela,Chery
hainaauto-485739134,2025 Star Enjoy 2025 - Importacion desde China a Venezuela,"Remote 2025 · 2025 Star Enjoy · 6.250 km · White · automatic · Disponible en Guangdong. Vehiculo disponible para compradores en Venezuela, con inspeccion, documentos de exportacion y apoyo logistico de HainaAuto. Stock HA-485739134.",in stock,used,10820.18 USD,https://www.hainaautochina.com/vehicles/hainaauto-485739134,https://www.hainaautochina.com/api/vehicle-image/hainaauto/485739134/col_33d012b48e11bf82.webp,Remote,"https://www.hainaautochina.com/api/vehicle-image/hainaauto/485739134/col_9a9c352886c4843c.webp,https://www.hainaautochina.com/api/vehicle-image/hainaauto/485739134/col_6dcea99b272678df.webp,https://www.hainaautochina.com/api/vehicle-image/hainaauto/485739134/col_86ab6beb22b653b4.webp",Maquinaria y camiones > 2025 Star Enjoy,2025 Star Enjoy,Venezuela,Remote
hainaauto-719422884,Kuayue Star V7 2025 - Importacion desde China a Venezuela,"Changan 2025 · Kuayue Star V7 · 27.917 km · White · automatic · Disponible en Anhui. Vehiculo disponible para compradores en Venezuela, con inspeccion, documentos de exportacion y apoyo logistico de HainaAuto. Stock HA-719422884.",in stock,used,11504.06 USD,https://www.hainaautochina.com/vehicles/hainaauto-719422884,https://www.hainaautochina.com/api/vehicle-image/hainaauto/719422884/col_8206b4bd7feede0e.webp,Changan,"https://www.hainaautochina.com/api/vehicle-image/hainaauto/719422884/col_91d90a23bb63fab9.webp,https://www.hainaautochina.com/api/vehicle-image/hainaauto/719422884/col_a0057850aa5a518e.webp,https://www.hainaautochina.com/api/vehicle-image/hainaauto/719422884/col_d0b1b1e6274e5e95.webp",Maquinaria y camiones > Kuayue Star V7,Kuayue Star V7,Venezuela,Changan
hainaauto-696431206,"2025 Model, Golden 2025 - Importacion desde China a Venezuela","Yufeng 2025 · 2025 Model, Golden · 417 km · White · automatic · Disponible en Zhejiang. Vehiculo disponible para compradores en Venezuela, con inspeccion, documentos de exportacion y apoyo logistico de HainaAuto. Stock HA-696431206.",in stock,used,11921.06 USD,https://www.hainaautochina.com/vehicles/hainaauto-696431206,https://www.hainaautochina.com/api/vehicle-image/hainaauto/696431206/col_4dea2ebb60a77e87.webp,Yufeng,"https://www.hainaautochina.com/api/vehicle-image/hainaauto/696431206/col_9f14b50e46390b67.webp,https://www.hainaautochina.com/api/vehicle-image/hainaauto/696431206/col_20969c36db4ecea6.webp,https://www.hainaautochina.com/api/vehicle-image/hainaauto/696431206/col_017b8ac314041f5c.webp","Maquinaria y camiones > 2025 Model, Golden","2025 Model, Golden",Venezuela,Yufeng
cntransit-853712747,2025 Fengjing i9 2025 - Importacion desde China a Venezuela,"Foton 2025 · 2025 Fengjing i9 · 6.250 km · White · Automatic · Disponible en Shaanxi. Vehiculo disponible para compradores en Venezuela, con inspeccion, documentos de exportacion y apoyo logistico de HainaAuto. Stock CN-853712747.",in stock,used,13155.38 USD,https://www.hainaautochina.com/vehicles/cntransit-853712747,https://www.hainaautochina.com/api/vehicle-image/cntransit/853712747/col_7457b9875c4ad082.jpg,Foton,"https://www.hainaautochina.com/api/vehicle-image/cntransit/853712747/col_e5e73a87c0406dff.jpg,https://www.hainaautochina.com/api/vehicle-image/cntransit/853712747/col_2a60c56b33070a0f.jpg,https://www.hainaautochina.com/api/vehicle-image/cntransit/853712747/col_4ba7be2f1f00169e.jpg",Maquinaria y camiones > 2025 Fengjing i9,2025 Fengjing i9,Venezuela,Foton
hainaauto-531748462,"2025 Model, Window 2025 - Importacion desde China a Venezuela","E-Fushun 2025 · 2025 Model, Window · 4.167 km · White · automatic · Disponible en Jiangxi. Vehiculo disponible para compradores en Venezuela, con inspeccion, documentos de exportacion y apoyo logistico de HainaAuto. Stock HA-531748462.",in stock,used,13989.38 USD,https://www.hainaautochina.com/vehicles/hainaauto-531748462,https://www.hainaautochina.com/api/vehicle-image/hainaauto/531748462/col_1443b691f29baa39.webp,E-Fushun,"https://www.hainaautochina.com/api/vehicle-image/hainaauto/531748462/col_e2e3e099ba37652c.webp,https://www.hainaautochina.com/api/vehicle-image/hainaauto/531748462/col_37776d9a5df9293d.webp,https://www.hainaautochina.com/api/vehicle-image/hainaauto/531748462/col_568a86a2abff1116.webp","Maquinaria y camiones > 2025 Model, Window","2025 Model, Window",Venezuela,E-Fushun
hainaauto-522924761,2 Series 225L 2025 - Importacion desde China a Venezuela,"BMW 2025 · 2 Series 225L · 1.250 km · black · automatic · Disponible en Shandong. Vehiculo disponible para compradores en Venezuela, con inspeccion, documentos de exportacion y apoyo logistico de HainaAuto. Stock HA-522924761.",in stock,used,17325.38 USD,https://www.hainaautochina.com/vehicles/hainaauto-522924761,https://www.hainaautochina.com/api/vehicle-image/hainaauto/522924761/col_47cd84bb3bb3f6f8.webp,BMW,"https://www.hainaautochina.com/api/vehicle-image/hainaauto/522924761/col_7eca6db709770e6d.webp,https://www.hainaautochina.com/api/vehicle-image/hainaauto/522924761/col_1b5808a45e428276.webp,https://www.hainaautochina.com/api/vehicle-image/hainaauto/522924761/col_fc7699881a0c554f.webp",Superautos y deportivos > 2 Series 225L,2 Series 225L,Venezuela,BMW
cntransit-575614098,2024 Hongguang EV 2024 - Importacion desde China a Venezuela,"Wuling 2024 · 2024 Hongguang EV · 8.750 km · Gray · Automatic · Disponible en Guangdong. Vehiculo disponible para compradores en Venezuela, con inspeccion, documentos de exportacion y apoyo logistico de HainaAuto. Stock CN-575614098.",in stock,used,9902.78 USD,https://www.hainaautochina.com/vehicles/cntransit-575614098,https://www.hainaautochina.com/api/vehicle-image/cntransit/575614098/col_293b7139f406c2f4.jpg,Wuling,"https://www.hainaautochina.com/api/vehicle-image/cntransit/575614098/col_2df58803b652c9fd.jpg,https://www.hainaautochina.com/api/vehicle-image/cntransit/575614098/col_147915e24c702f5f.jpg,https://www.hainaautochina.com/api/vehicle-image/cntransit/575614098/col_9df3735941a3d7a9.jpg",Maquinaria y camiones > 2024 Hongguang EV,2024 Hongguang EV,Venezuela,Wuling
hainaauto-326712196,K3 1.5L CVT 2023 - Importacion desde China a Venezuela,"Kia 2023 · K3 1.5L CVT · 11.250 km · blue · CVT continuously variable transmission (simulating 8 gears) · Disponible en Henan. Vehiculo disponible para compradores en Venezuela, con inspeccion, documentos de exportacion y apoyo logistico de HainaAuto. Stock HA-326712196.",in stock,used,14406.38 USD,https://www.hainaautochina.com/vehicles/hainaauto-326712196,https://www.hainaautochina.com/api/vehicle-image/hainaauto/326712196/col_e2c543e404d497f2.webp,Kia,"https://www.hainaautochina.com/api/vehicle-image/hainaauto/326712196/col_c7e7d6e04e682222.webp,https://www.hainaautochina.com/api/vehicle-image/hainaauto/326712196/col_7233da033d79666a.webp,https://www.hainaautochina.com/api/vehicle-image/hainaauto/326712196/col_f6b963a25926ef7b.webp",Sedanes y hatchbacks > K3 1.5L CVT,K3 1.5L CVT,Venezuela,Kia
hainaauto-266023824,CLE (Imported) 2024 2024 - Importacion desde China a Venezuela,"Mercedes-Benz 2024 · CLE (Imported) 2024 · 42 km · grey · automatic · Disponible en Tianjin. Vehiculo disponible para compradores en Venezuela, con inspeccion, documentos de exportacion y apoyo logistico de HainaAuto. Stock HA-266023824.",in stock,new,34272.26 USD,https://www.hainaautochina.com/vehicles/hainaauto-266023824,https://www.hainaautochina.com/api/vehicle-image/hainaauto/266023824/col_7105bf4a2e6d6f28.webp,Mercedes-Benz,"https://www.hainaautochina.com/api/vehicle-image/hainaauto/266023824/col_bee3962eeb9a3b56.webp,https://www.hainaautochina.com/api/vehicle-image/hainaauto/266023824/col_f64dabc4e0868011.webp,https://www.hainaautochina.com/api/vehicle-image/hainaauto/266023824/col_2d7f8a511cdf037b.webp",Superautos y deportivos > CLE (Imported) 2024,CLE (Imported) 2024,Venezuela,Mercedes-Benz
hainaauto-300224956,4 Series (Imported) 2024 - Importacion desde China a Venezuela,"BMW 2024 · 4 Series (Imported) · 7.917 km · grey · automatic · Disponible en Hunan. Vehiculo disponible para compradores en Venezuela, con inspeccion, documentos de exportacion y apoyo logistico de HainaAuto. Stock HA-300224956.",in stock,used,26165.78 USD,https://www.hainaautochina.com/vehicles/hainaauto-300224956,https://www.hainaautochina.com/api/vehicle-image/hainaauto/300224956/col_09cc21b17a05e559.webp,BMW,"https://www.hainaautochina.com/api/vehicle-image/hainaauto/300224956/col_2fa66a64aad8918b.webp,https://www.hainaautochina.com/api/vehicle-image/hainaauto/300224956/col_605b46331d05fb1e.webp,https://www.hainaautochina.com/api/vehicle-image/hainaauto/300224956/col_a10f92c9889ddfe3.webp",Superautos y deportivos > 4 Series (Imported),4 Series (Imported),Venezuela,BMW
cntransit-546912681,2023 Rongguang New 2023 - Importacion desde China a Venezuela,"Wuling 2023 · 2023 Rongguang New · 0 km · Multicolor · Manual · Disponible en Shanxi. Vehiculo disponible para compradores en Venezuela, con inspeccion, documentos de exportacion y apoyo logistico de HainaAuto. Stock CN-546912681.",in stock,new,11570.78 USD,https://www.hainaautochina.com/vehicles/cntransit-546912681,https://www.hainaautochina.com/api/vehicle-image/cntransit/546912681/col_183958c4357db1ff.jpg,Wuling,"https://www.hainaautochina.com/api/vehicle-image/cntransit/546912681/col_ff786e1ec39fb4dd.jpg,https://www.hainaautochina.com/api/vehicle-image/cntransit/546912681/col_be8bcc0662f2f3b8.jpg,https://www.hainaautochina.com/api/vehicle-image/cntransit/546912681/col_2f455948c889ecfe.jpg",Maquinaria y camiones > 2023 Rongguang New,2023 Rongguang New,Venezuela,Wuling
hainaauto-408134748,2023 Xiangling Q 2023 - Importacion desde China a Venezuela,"Foton 2023 · 2023 Xiangling Q · 2.500 km · grey · Manual · Disponible en Shandong. Vehiculo disponible para compradores en Venezuela, con inspeccion, documentos de exportacion y apoyo logistico de HainaAuto. Stock HA-408134748.",in stock,used,8918.66 USD,https://www.hainaautochina.com/vehicles/hainaauto-408134748,https://www.hainaautochina.com/api/vehicle-image/hainaauto/408134748/col_3e2f38ae2535d038.webp,Foton,"https://www.hainaautochina.com/api/vehicle-image/hainaauto/408134748/col_46e1a96257f843fd.webp,https://www.hainaautochina.com/api/vehicle-image/hainaauto/408134748/col_c6a0dbe0deebcd2b.webp,https://www.hainaautochina.com/api/vehicle-image/hainaauto/408134748/col_c4422830097e8405.webp",Maquinaria y camiones > 2023 Xiangling Q,2023 Xiangling Q,Venezuela,Foton
hainaauto-395621674,2026 Rongguang EV 2026 - Importacion desde China a Venezuela,"Wuling 2026 · 2026 Rongguang EV · 83 km · White · automatic · Disponible en Guangdong. Vehiculo disponible para compradores en Venezuela, con inspeccion, documentos de exportacion y apoyo logistico de HainaAuto. Stock HA-395621674.",in stock,used,11737.58 USD,https://www.hainaautochina.com/vehicles/hainaauto-395621674,https://www.hainaautochina.com/api/vehicle-image/hainaauto/395621674/col_24c0b5bc9c8efb29.webp,Wuling,"https://www.hainaautochina.com/api/vehicle-image/hainaauto/395621674/col_814dade0ac5fb954.webp,https://www.hainaautochina.com/api/vehicle-image/hainaauto/395621674/col_d058ac60c4a5d083.webp,https://www.hainaautochina.com/api/vehicle-image/hainaauto/395621674/col_fe76a9f81e9caec6.webp",Maquinaria y camiones > 2026 Rongguang EV,2026 Rongguang EV,Venezuela,Wuling
hainaauto-147322229,Xintu V80 Manual 2025 - Importacion desde China a Venezuela,"Maxus 2025 · Xintu V80 Manual · 36.250 km · White · Manual · Disponible en Anhui. Vehiculo disponible para compradores en Venezuela, con inspeccion, documentos de exportacion y apoyo logistico de HainaAuto. Stock HA-147322229.",in stock,used,13088.66 USD,https://www.hainaautochina.com/vehicles/hainaauto-147322229,https://www.hainaautochina.com/api/vehicle-image/hainaauto/147322229/col_60cec84d6d21a743.webp,Maxus,"https://www.hainaautochina.com/api/vehicle-image/hainaauto/147322229/col_094e82c079d2169e.webp,https://www.hainaautochina.com/api/vehicle-image/hainaauto/147322229/col_5f2be8fa198cd117.webp,https://www.hainaautochina.com/api/vehicle-image/hainaauto/147322229/col_a6c7a3f11ddaee55.webp",Maquinaria y camiones > Xintu V80 Manual,Xintu V80 Manual,Venezuela,Maxus
cntransit-31476806,2 Series 2026 2026 - Importacion desde China a Venezuela,"BMW 2026 · 2 Series 2026 · 1.667 km · Black · Automatic · Disponible en Liaoning. Vehiculo disponible para compradores en Venezuela, con inspeccion, documentos de exportacion y apoyo logistico de HainaAuto. Stock CN-31476806.",in stock,used,18759.86 USD,https://www.hainaautochina.com/vehicles/cntransit-31476806,https://www.hainaautochina.com/api/vehicle-image/cntransit/31476806/col_badcae2a0d8e2175.jpg,BMW,"https://www.hainaautochina.com/api/vehicle-image/cntransit/31476806/col_f3891cb7d9f20ec8.jpg,https://www.hainaautochina.com/api/vehicle-image/cntransit/31476806/col_5d80eb641fd7a134.jpg,https://www.hainaautochina.com/api/vehicle-image/cntransit/31476806/col_c83512841c84ca3b.jpg",Superautos y deportivos > 2 Series 2026,2 Series 2026,Venezuela,BMW
hainaauto-092520049,Odyssey Hybrid 2.0 2026 - Importacion desde China a Venezuela,"Honda 2026 · Odyssey Hybrid 2.0 · 12.917 km · White · automatic · Disponible en Anhui. Vehiculo disponible para compradores en Venezuela, con inspeccion, documentos de exportacion y apoyo logistico de HainaAuto. Stock HA-092520049.",in stock,used,19427.06 USD,https://www.hainaautochina.com/vehicles/hainaauto-092520049,https://www.hainaautochina.com/api/vehicle-image/hainaauto/092520049/col_b69c66fb6a044272.webp,Honda,"https://www.hainaautochina.com/api/vehicle-image/hainaauto/092520049/col_44fdab2b33a47fdb.webp,https://www.hainaautochina.com/api/vehicle-image/hainaauto/092520049/col_67318e06f5768b9e.webp,https://www.hainaautochina.com/api/vehicle-image/hainaauto/092520049/col_ec1d35933a914012.webp",Vehiculos comerciales y familiares > Odyssey Hybrid 2.0,Odyssey Hybrid 2.0,Venezuela,Honda
hainaauto-294941136,2 Series (Imported) 2025 - Importacion desde China a Venezuela,"BMW 2025 · 2 Series (Imported) · 4.583 km · Purple · automatic · Disponible en Shanghai. Vehiculo disponible para compradores en Venezuela, con inspeccion, documentos de exportacion y apoyo logistico de HainaAuto. Stock HA-294941136.",in stock,used,31520.06 USD,https://www.hainaautochina.com/vehicles/hainaauto-294941136,https://www.hainaautochina.com/api/vehicle-image/hainaauto/294941136/col_be7f0c051d7025fe.webp,BMW,"https://www.hainaautochina.com/api/vehicle-image/hainaauto/294941136/col_bf80ba50bff8b418.webp,https://www.hainaautochina.com/api/vehicle-image/hainaauto/294941136/col_3b40f6577781dcb3.webp,https://www.hainaautochina.com/api/vehicle-image/hainaauto/294941136/col_dc7c9cbdca437e7f.webp",Superautos y deportivos > 2 Series (Imported),2 Series (Imported),Venezuela,BMW
hainaauto-047946171,Panamera (Imported) 2026 2026 - Importacion desde China a Venezuela,"Porsche 2026 · Panamera (Imported) 2026 · 5.417 km · black · automatic · Disponible en Guangdong. Vehiculo disponible para compradores en Venezuela, con inspeccion, documentos de exportacion y apoyo logistico de HainaAuto. Stock HA-047946171.",in stock,used,78957.98 USD,https://www.hainaautochina.com/vehicles/hainaauto-047946171,https://www.hainaautochina.com/api/vehicle-image/hainaauto/047946171/col_8067eccb7ddc7a9b.webp,Porsche,"https://www.hainaautochina.com/api/vehicle-image/hainaauto/047946171/col_8467a442beddb4a4.webp,https://www.hainaautochina.com/api/vehicle-image/hainaauto/047946171/col_f7366fceee4aaf48.webp,https://www.hainaautochina.com/api/vehicle-image/hainaauto/047946171/col_a7ad1eaba72e12d1.webp",Superautos y deportivos > Panamera (Imported) 2026,Panamera (Imported) 2026,Venezuela,Porsche
hainaauto-215552594,Panamera (Imported) Panamera 2026 - Importacion desde China a Venezuela,"Porsche 2026 · Panamera (Imported) Panamera · 2.917 km · black · automatic · Disponible en Jiangsu. Vehiculo disponible para compradores en Venezuela, con inspeccion, documentos de exportacion y apoyo logistico de HainaAuto. Stock HA-215552594.",in stock,used,78891.26 USD,https://www.hainaautochina.com/vehicles/hainaauto-215552594,https://www.hainaautochina.com/api/vehicle-image/hainaauto/215552594/col_8960c46dff3e4037.webp,Porsche,"https://www.hainaautochina.com/api/vehicle-image/hainaauto/215552594/col_e43dc5f2536ab108.webp,https://www.hainaautochina.com/api/vehicle-image/hainaauto/215552594/col_34d56f311dc12203.webp,https://www.hainaautochina.com/api/vehicle-image/hainaauto/215552594/col_7c3ec7446bfdc789.webp",Superautos y deportivos > Panamera (Imported) Panamera,Panamera (Imported) Panamera,Venezuela,Porsche
hainaauto-465341057,Xiaokang C Series 2025 - Importacion desde China a Venezuela,"Dongfeng 2025 · Xiaokang C Series · 17.917 km · grey · Manual · Disponible en Shanxi. Vehiculo disponible para compradores en Venezuela, con inspeccion, documentos de exportacion y apoyo logistico de HainaAuto. Stock HA-465341057.",in stock,used,8901.98 USD,https://www.hainaautochina.com/vehicles/hainaauto-465341057,https://www.hainaautochina.com/api/vehicle-image/hainaauto/465341057/col_c3ec912300b5254c.webp,Dongfeng,"https://www.hainaautochina.com/api/vehicle-image/hainaauto/465341057/col_de805a6935d7958d.webp,https://www.hainaautochina.com/api/vehicle-image/hainaauto/465341057/col_98c2b00a7ef8b090.webp,https://www.hainaautochina.com/api/vehicle-image/hainaauto/465341057/col_1ffb1ebaa954dcf8.webp",Maquinaria y camiones > Xiaokang C Series,Xiaokang C Series,Venezuela,Dongfeng
cntransit-494817340,Kaicheng 2025 Model 2025 - Importacion desde China a Venezuela,"Changan 2025 · Kaicheng 2025 Model · 10.000 km · White · Automatic · Disponible en Henan. Vehiculo disponible para compradores en Venezuela, con inspeccion, documentos de exportacion y apoyo logistico de HainaAuto. Stock CN-494817340.",in stock,used,13238.78 USD,https://www.hainaautochina.com/vehicles/cntransit-494817340,https://www.hainaautochina.com/api/vehicle-image/cntransit/494817340/col_72af7cc2fd48099e.jpg,Changan,"https://www.hainaautochina.com/api/vehicle-image/cntransit/494817340/col_520281e9df832dbf.jpg,https://www.hainaautochina.com/api/vehicle-image/cntransit/494817340/col_4545b47414ba460c.jpg,https://www.hainaautochina.com/api/vehicle-image/cntransit/494817340/col_7cdc8c4b97120eaa.jpg",Maquinaria y camiones > Kaicheng 2025 Model,Kaicheng 2025 Model,Venezuela,Changan
hainaauto-821427468,2025 Refine M3 2025 - Importacion desde China a Venezuela,"JAC 2025 · 2025 Refine M3 · 3.750 km · black · Manual · Disponible en Guangxi. Vehiculo disponible para compradores en Venezuela, con inspeccion, documentos de exportacion y apoyo logistico de HainaAuto. Stock HA-821427468.",in stock,used,11087.06 USD,https://www.hainaautochina.com/vehicles/hainaauto-821427468,https://www.hainaautochina.com/api/vehicle-image/hainaauto/821427468/col_3b9cfb158bbcf411.webp,JAC,"https://www.hainaautochina.com/api/vehicle-image/hainaauto/821427468/col_a5500e8c734dac52.webp,https://www.hainaautochina.com/api/vehicle-image/hainaauto/821427468/col_070bb9b3b6f17a10.webp,https://www.hainaautochina.com/api/vehicle-image/hainaauto/821427468/col_b95a85381f130941.webp",Vehiculos comerciales y familiares > 2025 Refine M3,2025 Refine M3,Venezuela,JAC
hainaauto-412244481,Kuayue 2025 Model 2025 - Importacion desde China a Venezuela,"Changan 2025 · Kuayue 2025 Model · 2.042 km · White · Manual · Disponible en Sichuan. Vehiculo disponible para compradores en Venezuela, con inspeccion, documentos de exportacion y apoyo logistico de HainaAuto. Stock HA-412244481.",in stock,used,11170.46 USD,https://www.hainaautochina.com/vehicles/hainaauto-412244481,https://www.hainaautochina.com/api/vehicle-image/hainaauto/412244481/col_03d94790ffa300a2.webp,Changan,"https://www.hainaautochina.com/api/vehicle-image/hainaauto/412244481/col_87cb7070b63cea57.webp,https://www.hainaautochina.com/api/vehicle-image/hainaauto/412244481/col_e6bf50d3cf9ec55e.webp,https://www.hainaautochina.com/api/vehicle-image/hainaauto/412244481/col_dfb3e3002784229d.webp",Maquinaria y camiones > Kuayue 2025 Model,Kuayue 2025 Model,Venezuela,Changan
cntransit-50078829,2025 Hongguang 50KM 2025 - Importacion desde China a Venezuela,"Wuling 2025 · 2025 Hongguang 50KM · 29.167 km · White · Automatic · Disponible en Jiangsu. Vehiculo disponible para compradores en Venezuela, con inspeccion, documentos de exportacion y apoyo logistico de HainaAuto. Stock CN-50078829.",in stock,used,10653.38 USD,https://www.hainaautochina.com/vehicles/cntransit-50078829,https://www.hainaautochina.com/api/vehicle-image/cntransit/50078829/col_5e2e09b0de95649e.jpg,Wuling,"https://www.hainaautochina.com/api/vehicle-image/cntransit/50078829/col_655b59b971ed3141.jpg,https://www.hainaautochina.com/api/vehicle-image/cntransit/50078829/col_d7b8fdfd436a0d86.jpg,https://www.hainaautochina.com/api/vehicle-image/cntransit/50078829/col_1f63f74a030d7394.jpg",Maquinaria y camiones > 2025 Hongguang 50KM,2025 Hongguang 50KM,Venezuela,Wuling
hainaauto-940128120,2025 EC75 Smart 2025 - Importacion desde China a Venezuela,"Ruichi 2025 · 2025 EC75 Smart · 21.250 km · White · automatic · Disponible en Guangdong. Vehiculo disponible para compradores en Venezuela, con inspeccion, documentos de exportacion y apoyo logistico de HainaAuto. Stock HA-940128120.",in stock,used,11987.78 USD,https://www.hainaautochina.com/vehicles/hainaauto-940128120,https://www.hainaautochina.com/api/vehicle-image/hainaauto/940128120/col_894ac6b10097a447.webp,Ruichi,"https://www.hainaautochina.com/api/vehicle-image/hainaauto/940128120/col_514ddd00c7db2c77.webp,https://www.hainaautochina.com/api/vehicle-image/hainaauto/940128120/col_1174cf969fffb5ea.webp,https://www.hainaautochina.com/api/vehicle-image/hainaauto/940128120/col_c115a47a51598486.webp",Maquinaria y camiones > 2025 EC75 Smart,2025 EC75 Smart,Venezuela,Ruichi
hainaauto-964739337,Commercial 2025 Ruixing 2025 - Importacion desde China a Venezuela,"Changan 2025 · Commercial 2025 Ruixing · 12.500 km · White · automatic · Disponible en Chongqing. Vehiculo disponible para compradores en Venezuela, con inspeccion, documentos de exportacion y apoyo logistico de HainaAuto. Stock HA-964739337.",in stock,used,11487.38 USD,https://www.hainaautochina.com/vehicles/hainaauto-964739337,https://www.hainaautochina.com/api/vehicle-image/hainaauto/964739337/col_f5977dc6bc4971b9.webp,Changan,"https://www.hainaautochina.com/api/vehicle-image/hainaauto/964739337/col_0114b66ccf8225c0.webp,https://www.hainaautochina.com/api/vehicle-image/hainaauto/964739337/col_10efefe371dc2c98.webp,https://www.hainaautochina.com/api/vehicle-image/hainaauto/964739337/col_0da44881e39d27e7.webp",Maquinaria y camiones > Commercial 2025 Ruixing,Commercial 2025 Ruixing,Venezuela,Changan
hainaauto-680922577,2025 Jiangtun E7 2025 - Importacion desde China a Venezuela,"Chery 2025 · 2025 Jiangtun E7 · 20.833 km · White · automatic · Disponible en Fujian. Vehiculo disponible para compradores en Venezuela, con inspeccion, documentos de exportacion y apoyo logistico de HainaAuto. Stock HA-680922577.",in stock,used,11737.58 USD,https://www.hainaautochina.com/vehicles/hainaauto-680922577,https://www.hainaautochina.com/api/vehicle-image/hainaauto/680922577/col_e71404e1242d093d.webp,Chery,"https://www.hainaautochina.com/api/vehicle-image/hainaauto/680922577/col_e23be5c6e2836142.webp,https://www.hainaautochina.com/api/vehicle-image/hainaauto/680922577/col_2de5f74313098eaf.webp,https://www.hainaautochina.com/api/vehicle-image/hainaauto/680922577/col_3ca39b088aeae024.webp",Maquinaria y camiones > 2025 Jiangtun E7,2025 Jiangtun E7,Venezuela,Chery
hainaauto-654221529,2025 Hongguang 150KM 2025 - Importacion desde China a Venezuela,"Wuling 2025 · 2025 Hongguang 150KM · 292 km · White · automatic · Disponible en Hunan. Vehiculo disponible para compradores en Venezuela, con inspeccion, documentos de exportacion y apoyo logistico de HainaAuto. Stock HA-654221529.",in stock,used,11820.98 USD,https://www.hainaautochina.com/vehicles/hainaauto-654221529,https://www.hainaautochina.com/api/vehicle-image/hainaauto/654221529/col_cabe99d3ce5fa5dd.webp,Wuling,"https://www.hainaautochina.com/api/vehicle-image/hainaauto/654221529/col_d73860affe1162b2.webp,https://www.hainaautochina.com/api/vehicle-image/hainaauto/654221529/col_45d64642a6be1c23.webp,https://www.hainaautochina.com/api/vehicle-image/hainaauto/654221529/col_61df5308f3955f6a.webp",Maquinaria y camiones > 2025 Hongguang 150KM,2025 Hongguang 150KM,Venezuela,Wuling
hainaauto-308351525,2025 Model Year 2025 - Importacion desde China a Venezuela,"Xinyuan 2025 · 2025 Model Year · 4.167 km · White · automatic · Disponible en Guizhou. Vehiculo disponible para compradores en Venezuela, con inspeccion, documentos de exportacion y apoyo logistico de HainaAuto. Stock HA-308351525.",in stock,used,11987.78 USD,https://www.hainaautochina.com/vehicles/hainaauto-308351525,https://www.hainaautochina.com/api/vehicle-image/hainaauto/308351525/col_a7894879c599342a.webp,Xinyuan,"https://www.hainaautochina.com/api/vehicle-image/hainaauto/308351525/col_e840bd06850b86bc.webp,https://www.hainaautochina.com/api/vehicle-image/hainaauto/308351525/col_543d439d32cc87ef.webp,https://www.hainaautochina.com/api/vehicle-image/hainaauto/308351525/col_07b904b83d1a6504.webp",Maquinaria y camiones > 2025 Model Year,2025 Model Year,Venezuela,Xinyuan
hainaauto-20022222,Jiaji L 1.5TD 2025 - Importacion desde China a Venezuela,"Geely 2025 · Jiaji L 1.5TD · 2.042 km · White · automatic · Disponible en Sichuan. Vehiculo disponible para compradores en Venezuela, con inspeccion, documentos de exportacion y apoyo logistico de HainaAuto. Stock HA-20022222.",in stock,used,12880.16 USD,https://www.hainaautochina.com/vehicles/hainaauto-20022222,https://www.hainaautochina.com/api/vehicle-image/hainaauto/20022222/col_29e64550eaffc7ac.webp,Geely,"https://www.hainaautochina.com/api/vehicle-image/hainaauto/20022222/col_ff925cf6551eb58e.webp,https://www.hainaautochina.com/api/vehicle-image/hainaauto/20022222/col_5a9884d413d5e6bd.webp,https://www.hainaautochina.com/api/vehicle-image/hainaauto/20022222/col_947a3ab81d6fed8a.webp",Vehiculos comerciales y familiares > Jiaji L 1.5TD,Jiaji L 1.5TD,Venezuela,Geely
cntransit-655416573,2025 Da Na 2025 - Importacion desde China a Venezuela,"Changjiang 2025 · 2025 Da Na · 5.417 km · Beige · Automatic · Disponible en Shanghai. Vehiculo disponible para compradores en Venezuela, con inspeccion, documentos de exportacion y apoyo logistico de HainaAuto. Stock CN-655416573.",in stock,used,12421.46 USD,https://www.hainaautochina.com/vehicles/cntransit-655416573,https://www.hainaautochina.com/api/vehicle-image/cntransit/655416573/col_ce00e3a65d72e234.jpg,Changjiang,"https://www.hainaautochina.com/api/vehicle-image/cntransit/655416573/col_5252495ffc5c6a6e.jpg,https://www.hainaautochina.com/api/vehicle-image/cntransit/655416573/col_e73f2416d1cdbee5.jpg,https://www.hainaautochina.com/api/vehicle-image/cntransit/655416573/col_d34443e28db895b4.jpg",Maquinaria y camiones > 2025 Da Na,2025 Da Na,Venezuela,Changjiang
cntransit-74212799,"Fushun 2025 Model, 2025 - Importacion desde China a Venezuela","E 2025 · Fushun 2025 Model, · 12.500 km · White · Automatic · Disponible en Shandong. Vehiculo disponible para compradores en Venezuela, con inspeccion, documentos de exportacion y apoyo logistico de HainaAuto. Stock CN-74212799.",in stock,used,12905.18 USD,https://www.hainaautochina.com/vehicles/cntransit-74212799,https://www.hainaautochina.com/api/vehicle-image/cntransit/74212799/col_29c0e2f5def29ecf.jpg,E,"https://www.hainaautochina.com/api/vehicle-image/cntransit/74212799/col_965679ea6f66eeb2.jpg,https://www.hainaautochina.com/api/vehicle-image/cntransit/74212799/col_619a169134b043e6.jpg,https://www.hainaautochina.com/api/vehicle-image/cntransit/74212799/col_455dd5a70999593f.jpg","Maquinaria y camiones > Fushun 2025 Model,","Fushun 2025 Model,",Venezuela,E
